"Species","Normal_RAGE","Normal_Type","Normal_N","Malignant_RAGE","Malignant_Type","Malignant_N","Benign_RAGE","Benign_Type","Benign_N","Neoplasia_RAGE","Neoplasia_Type","Neoplasia_N"
"Ailurus fulgens",0.298717082240899,"Trending I",47,0.378339525535085,"Type I",6,0.368710762224189,"Type I",13,0.389117680244954,"Type I",19
"Anisotremus virginicus",NA,NA,0,NA,NA,0,NA,NA,0,NA,NA,0
"Crypturellus soui",NA,NA,1,NA,NA,0,NA,NA,0,NA,NA,0
"Damaliscus pygargus",0.0917342992183796,"Type II",16,0.135,"Trending I",4,0.13,"Trending I",2,0.135746528719266,"Trending I",6
"Desmognathus aeneus",NA,NA,0,NA,NA,0,NA,NA,0,NA,NA,0
"Diceros bicornis",0.0334847733691669,"Type II",22,0.134498750024039,"Trending I",8,-0.355,"Type III",2,0.0870614197917816,"Type II",10
"Didelphis marsupialis",0.34578033858403,"Type I",235,0.293278567699149,"Trending I",104,0.307064759930258,"Type I",61,0.366242501485832,"Type I",165
"Diplobatis ommata",NA,NA,0,NA,NA,0,NA,NA,0,NA,NA,0
"Elephas maximus",0.19934110571607,"Trending I",9,NA,NA,1,NA,NA,1,0.335,"Type I",2
"Elseya novaeguineae",NA,NA,1,NA,NA,0,NA,NA,0,NA,NA,0
"Panthera pardus",0.170459240570925,"Trending I",57,0.201609019332261,"Trending I",30,0.0976859661990035,"Type II",15,0.177869412669926,"Trending I",45
"Panthera tigris",0.265741235826922,"Trending I",136,0.230699878974171,"Trending I",57,0.251128315904292,"Trending I",27,0.272131133299802,"Trending I",84
"Poephila acuticauda",NA,NA,31,NA,NA,1,NA,NA,1,NA,NA,2
"Proatheris superciliaris",NA,NA,0,NA,NA,0,NA,NA,0,NA,NA,0
"Pulsatrix perspicillat",NA,NA,0,NA,NA,0,NA,NA,0,NA,NA,0
"Pycnonotus squamatus",NA,NA,2,NA,NA,0,NA,NA,0,NA,NA,0
"Scaphiopus couchii",NA,NA,1,NA,NA,0,NA,NA,0,NA,NA,0
"Selene vomer",NA,NA,0,NA,NA,0,NA,NA,0,NA,NA,0
"Ablabys taenianotus",NA,NA,0,NA,NA,0,NA,NA,0,NA,NA,0
"Abramites hypselonotus",NA,NA,0,NA,NA,0,NA,NA,0,NA,NA,0
"Abronia anzuetoi",NA,NA,0,NA,NA,0,NA,NA,0,NA,NA,0
"Abronia graminea",NA,NA,0,NA,NA,0,NA,NA,0,NA,NA,0
"Abronia leurolepis",NA,NA,1,NA,NA,0,NA,NA,0,NA,NA,0
"Abronia lythrochila",NA,NA,0,NA,NA,0,NA,NA,0,NA,NA,0
"Abronia taeniata",NA,NA,0,NA,NA,0,NA,NA,0,NA,NA,0
"Abudefduf bengalensis",NA,NA,0,NA,NA,0,NA,NA,0,NA,NA,0
"Abudefduf saxatilis",NA,NA,0,NA,NA,0,NA,NA,0,NA,NA,0
"Abudefduf troschelii",NA,NA,0,NA,NA,0,NA,NA,0,NA,NA,0
"Aburria cumanensis",NA,NA,0,NA,NA,0,NA,NA,0,NA,NA,0
"Acanthastrea bowerbanki",NA,NA,0,NA,NA,0,NA,NA,0,NA,NA,0
"Acanthemblemaria castroi",NA,NA,0,NA,NA,0,NA,NA,0,NA,NA,0
"Acanthochelys pallidipectoris",NA,NA,0,NA,NA,0,NA,NA,0,NA,NA,0
"Acanthochelys spixii",NA,NA,1,NA,NA,0,NA,NA,0,NA,NA,0
"Acanthocobitis botia",NA,NA,0,NA,NA,0,NA,NA,0,NA,NA,0
"Acanthophis antarcticus",0.128932503740959,"Trending I",6,NA,NA,0,NA,NA,2,NA,NA,2
"Acanthosaura lepidogaster",NA,NA,0,NA,NA,0,NA,NA,0,NA,NA,0
"Acanthostracion notacanthus",NA,NA,0,NA,NA,0,NA,NA,0,NA,NA,0
"Acanthostracion polygonius",NA,NA,0,NA,NA,0,NA,NA,0,NA,NA,0
"Acanthostracion quadricornis",NA,NA,0,NA,NA,0,NA,NA,0,NA,NA,0
"Acanthurus achilles",NA,NA,0,NA,NA,0,NA,NA,0,NA,NA,0
"Acanthurus bahianus",NA,NA,0,NA,NA,0,NA,NA,0,NA,NA,0
"Acanthurus bariene",NA,NA,0,NA,NA,0,NA,NA,0,NA,NA,0
"Acanthurus coeruleus",NA,NA,0,NA,NA,0,NA,NA,0,NA,NA,0
"Acanthurus fowleri",NA,NA,0,NA,NA,0,NA,NA,0,NA,NA,0
"Acanthurus guttatus",NA,NA,0,NA,NA,0,NA,NA,0,NA,NA,0
"Acanthurus japonicus",NA,NA,0,NA,NA,0,NA,NA,0,NA,NA,0
"Acanthurus leucosternon",NA,NA,0,NA,NA,0,NA,NA,0,NA,NA,0
"Acanthurus lineatus",NA,NA,0,NA,NA,0,NA,NA,0,NA,NA,0
"Acanthurus monroviae",NA,NA,0,NA,NA,0,NA,NA,0,NA,NA,0
"Acanthurus sohal",NA,NA,0,NA,NA,0,NA,NA,0,NA,NA,0
"Acanthurus tennentii",NA,NA,0,NA,NA,0,NA,NA,0,NA,NA,0
"Acanthurus triostegus",NA,NA,0,NA,NA,0,NA,NA,0,NA,NA,0
"Accipiter cooperii",NA,NA,0,NA,NA,0,NA,NA,0,NA,NA,0
"Accipiter gentilis",NA,NA,0,NA,NA,0,NA,NA,0,NA,NA,0
"Accipiter striatus",NA,NA,0,NA,NA,0,NA,NA,0,NA,NA,0
"Accipiter trivirgatus",NA,NA,2,NA,NA,0,NA,NA,1,NA,NA,1
"Acerodon jubatus",NA,NA,1,NA,NA,0,NA,NA,0,NA,NA,0
"Acerodon lucifer",NA,NA,0,NA,NA,0,NA,NA,0,NA,NA,0
"Aceros cassidix",NA,NA,15,NA,NA,3,NA,NA,0,NA,NA,3
"Aceros leucocephalus",NA,NA,12,NA,NA,0,NA,NA,2,NA,NA,2
"Acinonyx jubatus",0.279475473788031,"Trending I",75,0.314815494734143,"Type I",18,0.246930562378533,"Trending I",24,0.284648754563038,"Trending I",42
"Acipenser brevirostrum",NA,NA,0,NA,NA,0,NA,NA,0,NA,NA,0
"Acipenser fulvescens",NA,NA,0,NA,NA,0,NA,NA,0,NA,NA,0
"Acipenser oxyrhynchus",NA,NA,0,NA,NA,0,NA,NA,0,NA,NA,0
"Acipenser sturio",NA,NA,0,NA,NA,0,NA,NA,0,NA,NA,0
"Acipenser transmontanus",NA,NA,0,NA,NA,0,NA,NA,0,NA,NA,0
NA,NA,NA,0,NA,NA,0,NA,NA,0,NA,NA,0
"Acomys cahirinus",0.0798351467343233,"Type II",11,-0.075,"Type II",3,0.095,"Type II",3,0.01,"Type II",6
"Acomys spinosissimus",NA,NA,0,NA,NA,0,NA,NA,0,NA,NA,0
"Acrantophis dumerili",0.260830589893904,"Trending I",22,0.351690682905762,"Type I",7,-0.0485863626428381,"Type II",3,0.273892915801331,"Trending I",10
"Acrantophis madagascariensis",0.0133235176243853,"Type II",8,NA,NA,2,NA,NA,1,NA,NA,3
"Acreichthys tomentosus",NA,NA,0,NA,NA,0,NA,NA,0,NA,NA,0
"Acridotheres burmannicus",NA,NA,0,NA,NA,0,NA,NA,0,NA,NA,0
"Acridotheres cristatellus",NA,NA,1,NA,NA,0,NA,NA,0,NA,NA,0
"Acridotheres tristis",NA,NA,0,NA,NA,0,NA,NA,0,NA,NA,0
"Acris crepitans",0.0995898633792324,"Type II",3,NA,NA,0,NA,NA,0,NA,NA,0
"Acris gryllus",NA,NA,0,NA,NA,0,NA,NA,0,NA,NA,0
"Acrobates pygmaeus",NA,NA,1,NA,NA,0,NA,NA,0,NA,NA,0
"Acrochordus granulatus",NA,NA,0,NA,NA,0,NA,NA,0,NA,NA,0
"Acrochordus javanicus",-0.160969916604166,"Trending III",4,NA,NA,0,NA,NA,0,NA,NA,0
"Acrocnida brachiata",NA,NA,0,NA,NA,0,NA,NA,0,NA,NA,0
"Acryllium vulturinum",NA,NA,33,NA,NA,4,NA,NA,4,NA,NA,8
"Actinemys marmorata",-0.244592276856807,"Trending III",26,NA,NA,0,NA,NA,0,NA,NA,0
"Actitis macularius",NA,NA,0,NA,NA,0,NA,NA,0,NA,NA,0
"Actophilornis africanus",NA,NA,5,NA,NA,2,NA,NA,1,NA,NA,3
"Actophilornis albinucha",NA,NA,0,NA,NA,0,NA,NA,0,NA,NA,0
"Acytolepis puspa",NA,NA,0,NA,NA,0,NA,NA,0,NA,NA,0
"Addax nasomaculatus",0.165753502025986,"Trending I",56,0.279524123478072,"Trending I",7,0.0833803994426606,"Type II",8,0.204022276779306,"Trending I",15
"Adelphobates galactonotus",NA,NA,0,NA,NA,0,NA,NA,0,NA,NA,0
"Aechmophorus occidentalis",NA,NA,0,NA,NA,0,NA,NA,0,NA,NA,0
"Aegithalos caudatus",NA,NA,0,NA,NA,0,NA,NA,0,NA,NA,0
"Aegolius acadicus",NA,NA,0,NA,NA,0,NA,NA,0,NA,NA,0
"Aegolius ridgwayi",NA,NA,4,NA,NA,1,NA,NA,0,NA,NA,1
"Aegypius monachus",NA,NA,0,NA,NA,0,NA,NA,0,NA,NA,0
"Aeluropoda insignis",NA,NA,0,NA,NA,0,NA,NA,0,NA,NA,0
"Aepyceros melampus",0.0892023384868215,"Type II",70,0.076160232732991,"Type II",25,-0.00244840559434445,"Type II",7,0.0742596326856431,"Type II",32
"Aepypodius arfakianus",NA,NA,0,NA,NA,0,NA,NA,0,NA,NA,0
"Aepyprymnus rufescens",0.111236457123261,"Trending I",6,NA,NA,0,NA,NA,0,NA,NA,0
"Aequidens pulcher",NA,NA,0,NA,NA,0,NA,NA,0,NA,NA,0
"Aequidens tetramerus",NA,NA,0,NA,NA,0,NA,NA,0,NA,NA,0
"Aequorea forskalea",NA,NA,0,NA,NA,0,NA,NA,0,NA,NA,0
"Aethia cristatella",NA,NA,6,NA,NA,2,NA,NA,0,NA,NA,2
"Aethia pusilla",NA,NA,3,NA,NA,0,NA,NA,0,NA,NA,0
"Aethia pygmaea",NA,NA,0,NA,NA,0,NA,NA,0,NA,NA,0
"Aetobatus narinari",NA,NA,0,NA,NA,0,NA,NA,0,NA,NA,0
"Afrixalus aureus",NA,NA,0,NA,NA,0,NA,NA,0,NA,NA,0
"Afropavo congensis",NA,NA,17,NA,NA,1,NA,NA,0,NA,NA,1
"Agalychnis annae",NA,NA,0,NA,NA,0,NA,NA,0,NA,NA,0
"Agalychnis callidryas",NA,NA,0,NA,NA,0,NA,NA,0,NA,NA,0
"Agalychnis dacnicolor",NA,NA,0,NA,NA,0,NA,NA,0,NA,NA,0
"Agalychnis moreletii",NA,NA,0,NA,NA,0,NA,NA,0,NA,NA,0
"Agalychnis saltator",NA,NA,0,NA,NA,0,NA,NA,0,NA,NA,0
"Agalychnis spurrelli",NA,NA,0,NA,NA,0,NA,NA,0,NA,NA,0
"Agalychris litodryas",NA,NA,0,NA,NA,0,NA,NA,0,NA,NA,0
"Agama agama",NA,NA,13,NA,NA,2,NA,NA,0,NA,NA,2
"Agama atra",NA,NA,0,NA,NA,0,NA,NA,0,NA,NA,0
"Agapornis fischeri",0.158083273651878,"Trending I",51,0.135,"Trending I",3,0.115320844985564,"Trending I",5,0.159616737103071,"Trending I",8
"Agapornis nigrigenis",NA,NA,6,NA,NA,0,NA,NA,1,NA,NA,1
"Agapornis personatus",NA,NA,5,NA,NA,1,NA,NA,1,NA,NA,2
"Agapornis roseicollis",NA,NA,9,NA,NA,3,NA,NA,0,NA,NA,3
"Agelaius phoeniceus",NA,NA,0,NA,NA,0,NA,NA,0,NA,NA,0
"Agkistrodon bilineatus",0.0411200090530442,"Type II",5,NA,NA,0,NA,NA,1,NA,NA,1
"Agkistrodon contortrix",0.0518490545863772,"Type II",24,NA,NA,1,0.0716462225858678,"Type II",9,0.0743185285960689,"Type II",10
"Agkistrodon piscivorus",0.284002298841123,"Trending I",16,0.352779373752225,"Type I",9,NA,NA,1,0.32898504734752,"Type I",10
"Agkistrodon taylori",-0.0248217251324417,"Type II",8,NA,NA,1,NA,NA,0,NA,NA,1
"Aglaiocercus kingii",NA,NA,0,NA,NA,0,NA,NA,0,NA,NA,0
"Agonostomus monticola",NA,NA,0,NA,NA,0,NA,NA,0,NA,NA,0
"Agosia chrysogaster",NA,NA,0,NA,NA,0,NA,NA,0,NA,NA,0
"Agouti paca",-0.435,"Type III",2,NA,NA,0,NA,NA,0,NA,NA,0
"Ahaetulla fronticincta",NA,NA,0,NA,NA,0,NA,NA,0,NA,NA,0
"Ahaetulla nasuta",NA,NA,9,NA,NA,2,NA,NA,1,NA,NA,3
"Ahaetulla prasina",NA,NA,1,NA,NA,0,NA,NA,0,NA,NA,0
"Aidemosyne modesta",NA,NA,0,NA,NA,0,NA,NA,0,NA,NA,0
"Ailuroedus buccoides",NA,NA,4,NA,NA,1,NA,NA,0,NA,NA,1
"Ailuropoda melanoleuca",NA,NA,0,NA,NA,0,NA,NA,0,NA,NA,0
"Aix galericulata",NA,NA,0,NA,NA,0,NA,NA,0,NA,NA,0
"Aix sponsa",0.12379383948481,"Trending I",25,0.03,"Type II",2,-0.115,"Trending III",2,0.00877945840785277,"Type II",4
"Akodon spegazzinii",NA,NA,0,NA,NA,0,NA,NA,0,NA,NA,0
"Alaemon alaudipes",NA,NA,3,NA,NA,0,NA,NA,0,NA,NA,0
"Alca torda",NA,NA,0,NA,NA,0,NA,NA,0,NA,NA,0
"Alcedo atthis",NA,NA,0,NA,NA,0,NA,NA,0,NA,NA,0
"Alcelaphus buselaphus",0.00118240350328552,"Type II",11,NA,NA,1,0.126820819400235,"Trending I",3,0.0643132917315707,"Type II",4
"Alces alces",NA,NA,0,NA,NA,0,NA,NA,0,NA,NA,0
"Alces americanus",-0.296318291635417,"Trending III",4,NA,NA,0,NA,NA,1,NA,NA,1
"Alcippe castaneceps",NA,NA,0,NA,NA,0,NA,NA,0,NA,NA,0
"Alcippe morrisonia",NA,NA,0,NA,NA,0,NA,NA,0,NA,NA,0
"Aldabrachelys gigantea",0.0636852807234542,"Type II",3,NA,NA,0,NA,NA,0,NA,NA,0
"Alectis ciliaris",NA,NA,1,NA,NA,0,NA,NA,0,NA,NA,0
"Alectoris chukar",NA,NA,0,NA,NA,0,NA,NA,0,NA,NA,0
"Alectroenas nitidissimus",NA,NA,0,NA,NA,0,NA,NA,0,NA,NA,0
"Alipiopsitta xanthops",NA,NA,0,NA,NA,0,NA,NA,0,NA,NA,0
"Alisterus amboinensis",NA,NA,1,NA,NA,0,NA,NA,1,NA,NA,1
"Alisterus scapularis",NA,NA,0,NA,NA,0,NA,NA,0,NA,NA,0
"Allactaga bullata",NA,NA,0,NA,NA,0,NA,NA,0,NA,NA,0
"Alle alle",NA,NA,0,NA,NA,0,NA,NA,0,NA,NA,0
"Allenopithecus nigroviridis",0.23495585305241,"Trending I",8,NA,NA,0,0.275,"Trending I",2,0.275,"Trending I",2
"Alligator mississippiensis",-0.297557600756973,"Trending III",71,NA,NA,0,NA,NA,0,NA,NA,0
"Alligator sinensis",NA,NA,0,NA,NA,0,NA,NA,0,NA,NA,0
"Allobates olfersioides",NA,NA,0,NA,NA,0,NA,NA,0,NA,NA,0
"Allochrocebus lhoesti",NA,NA,3,NA,NA,2,NA,NA,1,NA,NA,3
"Allomycterus pilatus",NA,NA,0,NA,NA,0,NA,NA,0,NA,NA,0
"Alopecoenas xanthonurus",NA,NA,0,NA,NA,0,NA,NA,0,NA,NA,0
"Alophoixus pallidus",NA,NA,0,NA,NA,0,NA,NA,0,NA,NA,0
"Alopias pelagicus",NA,NA,0,NA,NA,0,NA,NA,0,NA,NA,0
"Alopochen aegyptiaca",0.179189117738644,"Trending I",20,0.0716666666666667,"Type II",4,NA,NA,0,0.0716666666666667,"Type II",4
"Alosa pseudoharengus",NA,NA,0,NA,NA,0,NA,NA,0,NA,NA,0
"Alouatta caraya",0.199710103823671,"Trending I",32,0.159929653251356,"Trending I",8,0.234983134823178,"Trending I",5,0.230441790930793,"Trending I",13
"Alouatta guariba",NA,NA,0,NA,NA,0,NA,NA,0,NA,NA,0
"Alouatta macconnelli",NA,NA,0,NA,NA,0,NA,NA,0,NA,NA,0
"Alouatta palliata",NA,NA,1,NA,NA,0,NA,NA,0,NA,NA,0
"Alouatta seniculus",0.214210193862455,"Trending I",14,0.355,"Type I",2,NA,NA,0,0.355,"Type I",2
"Alticus kirkii",NA,NA,0,NA,NA,0,NA,NA,0,NA,NA,0
"Aluterus schoepfii",NA,NA,0,NA,NA,0,NA,NA,0,NA,NA,0
"Aluterus scriptus",NA,NA,0,NA,NA,0,NA,NA,0,NA,NA,0
"Amadina erythrocephala",NA,NA,0,NA,NA,0,NA,NA,0,NA,NA,0
"Amadina fasciata",NA,NA,14,NA,NA,0,NA,NA,1,NA,NA,1
"Amandava amandava",NA,NA,8,NA,NA,0,NA,NA,1,NA,NA,1
"Amandava formosa",NA,NA,1,NA,NA,0,NA,NA,0,NA,NA,0
"Amandava subflava",NA,NA,4,NA,NA,0,NA,NA,0,NA,NA,0
"Amatitlania kanna",NA,NA,0,NA,NA,0,NA,NA,0,NA,NA,0
"Amatitlania nigrofasciata",NA,NA,0,NA,NA,0,NA,NA,0,NA,NA,0
"Amazona aestiva",-0.03344922532626,"Type II",37,0.0610113156513997,"Type II",7,NA,NA,0,0.0610113156513997,"Type II",7
"Amazona albifrons",-0.0053709165849356,"Type II",5,NA,NA,2,NA,NA,1,-0.005,"Type II",3
"Amazona amazonica",0.142036170909561,"Trending I",15,0.299541375165866,"Trending I",5,-0.0649999999999999,"Type II",3,0.201566671797053,"Trending I",8
"Amazona auropalliata",0.0794947081182673,"Type II",21,0.19858289989917,"Trending I",6,NA,NA,0,0.19858289989917,"Trending I",6
"Amazona autumnalis",0.17941104177484,"Trending I",7,0.225,"Trending I",4,NA,NA,0,0.225,"Trending I",4
"Amazona barbadensis",NA,NA,2,NA,NA,0,NA,NA,0,NA,NA,0
"Amazona dufresniana",NA,NA,0,NA,NA,0,NA,NA,0,NA,NA,0
"Amazona farinosa",NA,NA,2,NA,NA,1,NA,NA,0,NA,NA,1
"Amazona finschi",NA,NA,1,NA,NA,0,NA,NA,0,NA,NA,0
"Amazona guildingii",NA,NA,1,NA,NA,0,NA,NA,0,NA,NA,0
"Amazona leucocephala",NA,NA,8,NA,NA,2,NA,NA,0,NA,NA,2
"Amazona ochrocephala",0.0605386296398037,"Type II",6,0.05,"Type II",2,NA,NA,0,0.05,"Type II",2
"Amazona oratrix",0.0834217731224912,"Type II",60,0.07102767094457,"Type II",18,-0.0666812139743284,"Type II",3,0.0695924975242183,"Type II",21
"Amazona pretrei",NA,NA,1,NA,NA,0,NA,NA,0,NA,NA,0
"Amazona rhodocorytha",NA,NA,1,NA,NA,0,NA,NA,0,NA,NA,0
"Amazona tucumana",NA,NA,0,NA,NA,0,NA,NA,0,NA,NA,0
"Amazona ventralis",NA,NA,3,NA,NA,0,NA,NA,1,NA,NA,1
"Amazona viridigenalis",NA,NA,10,NA,NA,3,NA,NA,0,NA,NA,3
"Amazona vittata",NA,NA,1,NA,NA,0,NA,NA,0,NA,NA,0
"Amazona xanthops",NA,NA,0,NA,NA,0,NA,NA,0,NA,NA,0
"Amazonetta brasiliensis",NA,NA,6,NA,NA,0,NA,NA,0,NA,NA,0
"Amblyraja hyperborea",NA,NA,0,NA,NA,0,NA,NA,0,NA,NA,0
"Amblyramphus holosericeus",NA,NA,1,NA,NA,0,NA,NA,0,NA,NA,0
"Amblyrhynchus cristatus",NA,NA,0,NA,NA,0,NA,NA,0,NA,NA,0
"Ambystoma andersoni",NA,NA,0,NA,NA,0,NA,NA,0,NA,NA,0
"Ambystoma barbouri",NA,NA,0,NA,NA,0,NA,NA,0,NA,NA,0
"Ambystoma californiense",NA,NA,0,NA,NA,0,NA,NA,0,NA,NA,0
"Ambystoma cingulatum",NA,NA,0,NA,NA,0,NA,NA,0,NA,NA,0
"Ambystoma gracile",NA,NA,0,NA,NA,0,NA,NA,0,NA,NA,0
"Ambystoma jeffersonianum",NA,NA,0,NA,NA,0,NA,NA,0,NA,NA,0
"Ambystoma laterale",NA,NA,0,NA,NA,0,NA,NA,0,NA,NA,0
"Ambystoma macrodactylum",NA,NA,0,NA,NA,0,NA,NA,0,NA,NA,0
"Ambystoma maculatum",-0.176093421831165,"Trending III",6,NA,NA,0,NA,NA,0,NA,NA,0
"Ambystoma mavortium",NA,NA,0,NA,NA,0,NA,NA,0,NA,NA,0
"Ambystoma mexicanum",0.151142876445146,"Trending I",18,-0.0199674166522436,"Type II",4,NA,NA,2,0.125965509703447,"Trending I",6
"Ambystoma opacum",NA,NA,0,NA,NA,0,NA,NA,0,NA,NA,0
"Ambystoma talpoideum",NA,NA,2,NA,NA,2,NA,NA,0,NA,NA,2
"Ambystoma tigrinum",0.0992883987859148,"Type II",5,NA,NA,0,NA,NA,0,NA,NA,0
"Ameerega trivittatus",NA,NA,0,NA,NA,0,NA,NA,0,NA,NA,0
"Ameiurus melas",NA,NA,1,NA,NA,0,NA,NA,0,NA,NA,0
"Ameiurus natalis",NA,NA,0,NA,NA,0,NA,NA,0,NA,NA,0
"Ameiurus nebulosus",NA,NA,0,NA,NA,0,NA,NA,0,NA,NA,0
"Ameiva ameiva",0.0807340557602118,"Type II",6,NA,NA,0,NA,NA,0,NA,NA,0
"Ameiva chrysolaema",NA,NA,0,NA,NA,0,NA,NA,0,NA,NA,0
"Ameiva festiva",NA,NA,0,NA,NA,0,NA,NA,0,NA,NA,0
"Ameiva lineolaia",NA,NA,0,NA,NA,0,NA,NA,0,NA,NA,0
"Amia calva",NA,NA,0,NA,NA,0,NA,NA,0,NA,NA,0
"Amietophrynus regularis",NA,NA,0,NA,NA,0,NA,NA,0,NA,NA,0
"Ammodramus savannarum",NA,NA,0,NA,NA,0,NA,NA,0,NA,NA,0
"Ammopelmatus kelsoensis",NA,NA,0,NA,NA,0,NA,NA,0,NA,NA,0
"Ammoperdix heyi",NA,NA,0,NA,NA,0,NA,NA,0,NA,NA,0
"Ammospermophilus harrisii",NA,NA,0,NA,NA,0,NA,NA,0,NA,NA,0
"Ammospermophilus leucurus",NA,NA,1,NA,NA,1,NA,NA,0,NA,NA,1
"Ammospermophilus nelsoni",NA,NA,2,NA,NA,2,NA,NA,0,NA,NA,2
"Ammotragus lervia",0.264801788624849,"Trending I",38,0.339017678510813,"Type I",8,0.165037803113789,"Trending I",11,0.263730719100171,"Trending I",19
"Ampeliceps coronatus",NA,NA,8,NA,NA,3,NA,NA,0,NA,NA,3
"Amphelikturus dendriticus",NA,NA,0,NA,NA,0,NA,NA,0,NA,NA,0
"Amphibolurus norrisi",NA,NA,6,NA,NA,0,NA,NA,1,NA,NA,1
"Amphiesma sanguineum",NA,NA,0,NA,NA,0,NA,NA,0,NA,NA,0
"Amphilius jacksonii",NA,NA,0,NA,NA,0,NA,NA,0,NA,NA,0
"Amphilophus labiatus",NA,NA,0,NA,NA,0,NA,NA,0,NA,NA,0
"Amphilophus longimanus",NA,NA,0,NA,NA,0,NA,NA,0,NA,NA,0
"Amphipholis squamata",NA,NA,0,NA,NA,0,NA,NA,0,NA,NA,0
"Amphiprion akindynos",NA,NA,0,NA,NA,0,NA,NA,0,NA,NA,0
"Amphiprion bicinctus",NA,NA,0,NA,NA,0,NA,NA,0,NA,NA,0
"Amphiprion clarkii",NA,NA,0,NA,NA,0,NA,NA,0,NA,NA,0
"Amphiprion frenatus",NA,NA,0,NA,NA,0,NA,NA,0,NA,NA,0
"Amphiprion melanopus",NA,NA,0,NA,NA,0,NA,NA,0,NA,NA,0
"Amphiprion ocellaris",NA,NA,0,NA,NA,0,NA,NA,0,NA,NA,0
"Amphiprion omanensis",NA,NA,0,NA,NA,0,NA,NA,0,NA,NA,0
"Amphiprion percula",NA,NA,0,NA,NA,0,NA,NA,0,NA,NA,0
"Amphiprion polymnus",NA,NA,0,NA,NA,0,NA,NA,0,NA,NA,0
"Amphiprion sandaracinos",NA,NA,0,NA,NA,0,NA,NA,0,NA,NA,0
"Amphiprion tricinctus",NA,NA,0,NA,NA,0,NA,NA,0,NA,NA,0
"Amphisbaena fuliginosa",NA,NA,2,NA,NA,0,NA,NA,0,NA,NA,0
"Amphistichus argenteus",NA,NA,0,NA,NA,0,NA,NA,0,NA,NA,0
"Amphistichus koelzi",NA,NA,0,NA,NA,0,NA,NA,0,NA,NA,0
"Amphistichus rhodoterus",NA,NA,0,NA,NA,0,NA,NA,0,NA,NA,0
"Amphiuma means",NA,NA,1,NA,NA,0,NA,NA,0,NA,NA,0
"Amphiuma pholeter",NA,NA,0,NA,NA,0,NA,NA,0,NA,NA,0
"Amphiuma tridactylum",NA,NA,1,NA,NA,1,NA,NA,0,NA,NA,1
"Anableps anableps",NA,NA,1,NA,NA,0,NA,NA,0,NA,NA,0
"Anableps dowei",NA,NA,0,NA,NA,0,NA,NA,0,NA,NA,0
"Anableps microlepis",NA,NA,0,NA,NA,0,NA,NA,0,NA,NA,0
"Anampses lineatus",NA,NA,0,NA,NA,0,NA,NA,0,NA,NA,0
"Anampses neoguinaicus",NA,NA,0,NA,NA,0,NA,NA,0,NA,NA,0
"Anaplectes rubriceps",NA,NA,0,NA,NA,0,NA,NA,0,NA,NA,0
"Anarhichas denticulatus",NA,NA,0,NA,NA,0,NA,NA,0,NA,NA,0
"Anarhichas lupus",NA,NA,0,NA,NA,0,NA,NA,0,NA,NA,0
"Anarhichas minor",NA,NA,0,NA,NA,0,NA,NA,0,NA,NA,0
"Anarrhichthys ocellatus",NA,NA,0,NA,NA,0,NA,NA,0,NA,NA,0
"Anartia lytraea",NA,NA,0,NA,NA,0,NA,NA,0,NA,NA,0
"Anas acuta",-0.0425646413290681,"Type II",21,-0.155,"Trending III",3,NA,NA,1,-0.148333333333333,"Trending III",4
"Anas americana",NA,NA,1,NA,NA,0,NA,NA,0,NA,NA,0
"Anas bahamensis",0.178909895235733,"Trending I",16,NA,NA,2,NA,NA,0,NA,NA,2
"Anas bernieri",NA,NA,3,NA,NA,0,NA,NA,1,NA,NA,1
"Anas capensis",NA,NA,16,NA,NA,0,NA,NA,0,NA,NA,0
"Anas carolinensis",-0.176356384646748,"Trending III",14,NA,NA,0,NA,NA,0,NA,NA,0
"Anas castanea",NA,NA,4,NA,NA,0,NA,NA,0,NA,NA,0
"Anas clypeata",0.0457477812939729,"Type II",17,NA,NA,0,NA,NA,1,NA,NA,1
"Anas crecca",NA,NA,1,NA,NA,0,NA,NA,0,NA,NA,0
"Anas cyanoptera",0.00879289831505331,"Type II",5,NA,NA,0,NA,NA,0,NA,NA,0
"Anas erythrorhyncha",NA,NA,5,NA,NA,0,NA,NA,0,NA,NA,0
"Anas falcata",NA,NA,1,NA,NA,1,NA,NA,0,NA,NA,1
"Anas flavirostris",NA,NA,1,NA,NA,0,NA,NA,0,NA,NA,0
"Anas formosa",NA,NA,3,NA,NA,0,NA,NA,0,NA,NA,0
"Anas georgica",NA,NA,0,NA,NA,0,NA,NA,0,NA,NA,0
"Anas gibberifrons",NA,NA,0,NA,NA,0,NA,NA,0,NA,NA,0
"Anas laysanensis",0.04,"Type II",2,NA,NA,0,NA,NA,0,NA,NA,0
"Anas luzonica",NA,NA,4,NA,NA,0,NA,NA,0,NA,NA,0
"Anas platalea",NA,NA,2,NA,NA,0,NA,NA,0,NA,NA,0
"Anas platyrhynchos",-0.0280819215598563,"Type II",47,-0.0917765251409592,"Type II",18,-0.176927388700548,"Trending III",8,-0.0969305068571336,"Type II",26
"Anas poecilorhyncha",NA,NA,4,NA,NA,0,NA,NA,0,NA,NA,0
"Anas querquedula",NA,NA,1,NA,NA,0,NA,NA,0,NA,NA,0
"Anas rhynchotis",NA,NA,1,NA,NA,0,NA,NA,0,NA,NA,0
"Anas rubripes",0.117495248250006,"Trending I",3,0.195,"Trending I",2,NA,NA,0,0.195,"Trending I",2
"Anas sparsa",NA,NA,5,NA,NA,0,NA,NA,3,NA,NA,3
"Anas superciliosa",NA,NA,0,NA,NA,0,NA,NA,0,NA,NA,0
"Anas undulata",NA,NA,5,NA,NA,0,NA,NA,0,NA,NA,0
"Anastomus lamelligerus",NA,NA,3,NA,NA,0,NA,NA,0,NA,NA,0
"Anastomus oscitans",0.0543804563186753,"Type II",5,NA,NA,0,NA,NA,0,NA,NA,0
"Anathana ellioti",NA,NA,9,NA,NA,2,NA,NA,0,NA,NA,2
"Anax longipes",NA,NA,0,NA,NA,0,NA,NA,0,NA,NA,0
"Anaxyrus americanus",NA,NA,0,NA,NA,0,NA,NA,0,NA,NA,0
"Anaxyrus baxteri",NA,NA,1,NA,NA,0,NA,NA,0,NA,NA,0
"Anaxyrus boreas",0.455,"Type I",3,0.455,"Type I",2,NA,NA,0,0.455,"Type I",2
"Anaxyrus cognatus",NA,NA,1,NA,NA,0,NA,NA,0,NA,NA,0
"Anaxyrus debilis",NA,NA,1,NA,NA,0,NA,NA,0,NA,NA,0
"Anaxyrus fowleri",NA,NA,0,NA,NA,0,NA,NA,0,NA,NA,0
"Anaxyrus hemiophrys",0.0972656666858975,"Type II",10,0.035,"Type II",3,0.11406262020475,"Trending I",7,0.0972656666858975,"Type II",10
"Anaxyrus houstonensis",NA,NA,1,NA,NA,0,NA,NA,0,NA,NA,0
"Anaxyrus punctatus",NA,NA,0,NA,NA,0,NA,NA,0,NA,NA,0
"Anaxyrus quercicus",NA,NA,0,NA,NA,0,NA,NA,0,NA,NA,0
"Anaxyrus speciosus",NA,NA,0,NA,NA,0,NA,NA,0,NA,NA,0
"Anaxyrus terrestris",0.0471416148171521,"Type II",7,NA,NA,0,NA,NA,0,NA,NA,0
"Anaxyrus woodhousii",NA,NA,0,NA,NA,0,NA,NA,0,NA,NA,0
"Ancistrops strigilatus",NA,NA,0,NA,NA,0,NA,NA,0,NA,NA,0
"Ancistrus falconensis",NA,NA,0,NA,NA,0,NA,NA,0,NA,NA,0
"Andigena laminirostris",NA,NA,7,NA,NA,1,NA,NA,0,NA,NA,1
"Andinoacara pulcher",NA,NA,0,NA,NA,0,NA,NA,0,NA,NA,0
"Andinoacara rivulatus",NA,NA,0,NA,NA,0,NA,NA,0,NA,NA,0
"Andrias davidianus",NA,NA,1,NA,NA,0,NA,NA,0,NA,NA,0
"Andrias japonicus",NA,NA,0,NA,NA,0,NA,NA,0,NA,NA,0
"Aneides aeneus",NA,NA,0,NA,NA,0,NA,NA,0,NA,NA,0
"Aneides lugubris",NA,NA,5,NA,NA,0,NA,NA,4,NA,NA,4
"Anguilla anguilla",NA,NA,0,NA,NA,0,NA,NA,0,NA,NA,0
"Anguilla mossambica",NA,NA,0,NA,NA,0,NA,NA,0,NA,NA,0
"Anguilla rostrata",NA,NA,0,NA,NA,0,NA,NA,0,NA,NA,0
"Anhima cornuta",NA,NA,1,NA,NA,0,NA,NA,0,NA,NA,0
"Anhinga rufa",NA,NA,0,NA,NA,0,NA,NA,0,NA,NA,0
"Anilius scytale",NA,NA,1,NA,NA,0,NA,NA,0,NA,NA,0
"Anisognathus somptuosus",NA,NA,2,NA,NA,0,NA,NA,0,NA,NA,0
"Anisomorpha buprestoides",NA,NA,0,NA,NA,0,NA,NA,0,NA,NA,0
"Anisotremus davidsonii",NA,NA,0,NA,NA,0,NA,NA,0,NA,NA,0
"Anisotremus scapularis",NA,NA,0,NA,NA,0,NA,NA,0,NA,NA,0
"Anniella pulchra",NA,NA,2,NA,NA,1,NA,NA,0,NA,NA,1
"Anodorhynchus hyacinthinus",0.195743498111512,"Trending I",33,0.265,"Trending I",7,0.185215235183198,"Trending I",4,0.271555277890878,"Trending I",11
"Anolis agassizi",NA,NA,1,NA,NA,0,NA,NA,0,NA,NA,0
"Anolis allisoni",NA,NA,1,NA,NA,0,NA,NA,0,NA,NA,0
"Anolis argenteolus",NA,NA,0,NA,NA,0,NA,NA,0,NA,NA,0
"Anolis barbatus",NA,NA,0,NA,NA,0,NA,NA,0,NA,NA,0
"Anolis bimaculatus",NA,NA,0,NA,NA,0,NA,NA,0,NA,NA,0
"Anolis carolinensis",0.153937307365599,"Trending I",4,NA,NA,0,NA,NA,0,NA,NA,0
"Anolis coelestinus",NA,NA,0,NA,NA,0,NA,NA,0,NA,NA,0
"Anolis cristatellus",0.165279210851812,"Trending I",5,NA,NA,0,NA,NA,1,NA,NA,1
"Anolis cybotes",NA,NA,1,NA,NA,1,NA,NA,0,NA,NA,1
"Anolis equestris",0.132733727988538,"Trending I",21,NA,NA,1,NA,NA,1,-0.045,"Type II",2
"Anolis garmani",NA,NA,0,NA,NA,0,NA,NA,0,NA,NA,0
"Anolis luciae",NA,NA,0,NA,NA,0,NA,NA,0,NA,NA,0
"Anolis porcatus",NA,NA,1,NA,NA,0,NA,NA,1,NA,NA,1
"Anolis porcus",NA,NA,0,NA,NA,0,NA,NA,0,NA,NA,0
"Anolis roosevelti",NA,NA,0,NA,NA,0,NA,NA,0,NA,NA,0
"Anolis roquet",NA,NA,1,NA,NA,0,NA,NA,0,NA,NA,0
"Anolis sagrei",NA,NA,0,NA,NA,0,NA,NA,0,NA,NA,0
"Anolis smallwoodi",NA,NA,1,NA,NA,0,NA,NA,0,NA,NA,0
"Anolis zeus",NA,NA,0,NA,NA,0,NA,NA,0,NA,NA,0
"Anomalochromis thomasi",NA,NA,0,NA,NA,0,NA,NA,0,NA,NA,0
"Anomaloglossus beebei",NA,NA,0,NA,NA,0,NA,NA,0,NA,NA,0
"Anomalops katoptron",NA,NA,0,NA,NA,0,NA,NA,0,NA,NA,0
"Anoplarchus purpurescens",NA,NA,0,NA,NA,0,NA,NA,0,NA,NA,0
"Anoplocapros amygdaloides",NA,NA,0,NA,NA,0,NA,NA,0,NA,NA,0
"Anoplocapros lenticularis",NA,NA,0,NA,NA,0,NA,NA,0,NA,NA,0
"Anoplopoma fimbria",NA,NA,0,NA,NA,0,NA,NA,0,NA,NA,0
"Anostomus ternetzi",NA,NA,0,NA,NA,0,NA,NA,0,NA,NA,0
"Anotheca spinosa",NA,NA,0,NA,NA,0,NA,NA,0,NA,NA,0
"Anser albifrons",NA,NA,1,NA,NA,1,NA,NA,0,NA,NA,1
"Anser anser",-0.0783333333333334,"Type II",4,NA,NA,0,NA,NA,0,NA,NA,0
"Anser caerulescens",NA,NA,0,NA,NA,0,NA,NA,0,NA,NA,0
"Anser canagicus",NA,NA,0,NA,NA,0,NA,NA,0,NA,NA,0
"Anser cygnoides",0.202088773191891,"Trending I",6,0.175,"Trending I",2,0.180588223607152,"Trending I",3,0.200338279036697,"Trending I",5
"Anser erythropus",NA,NA,0,NA,NA,0,NA,NA,0,NA,NA,0
"Anser indicus",NA,NA,14,NA,NA,0,NA,NA,1,NA,NA,1
"Anseranas semipalmata",0.15784467373629,"Trending I",3,NA,NA,0,NA,NA,0,NA,NA,0
"Ansonia spinulifer",NA,NA,0,NA,NA,0,NA,NA,0,NA,NA,0
"Antaresia childreni",0.24426288186059,"Trending I",8,NA,NA,0,NA,NA,1,NA,NA,1
"Antaresia maculosa",-0.46,"Type III",2,NA,NA,0,NA,NA,0,NA,NA,0
"Antaresia stimsoni",NA,NA,1,NA,NA,0,NA,NA,0,NA,NA,0
"Antechinomys laniger",NA,NA,1,NA,NA,0,NA,NA,0,NA,NA,0
"Antennarius commerson",NA,NA,0,NA,NA,0,NA,NA,0,NA,NA,0
"Antennarius maculatus",NA,NA,0,NA,NA,0,NA,NA,0,NA,NA,0
"Antennarius pictus",NA,NA,0,NA,NA,0,NA,NA,0,NA,NA,0
"Antennatus nummifer",NA,NA,0,NA,NA,0,NA,NA,0,NA,NA,0
"Anthias anthias",NA,NA,0,NA,NA,0,NA,NA,0,NA,NA,0
"Anthopleura xanthogrammica",NA,NA,0,NA,NA,0,NA,NA,0,NA,NA,0
"Anthornis melanura",NA,NA,0,NA,NA,0,NA,NA,0,NA,NA,0
"Anthracoceros albirostris",NA,NA,1,NA,NA,0,NA,NA,0,NA,NA,0
"Anthracoceros coronatus",NA,NA,4,NA,NA,0,NA,NA,0,NA,NA,0
"Anthracoceros malayanus",NA,NA,4,NA,NA,0,NA,NA,0,NA,NA,0
"Anthreptes collaris",NA,NA,0,NA,NA,0,NA,NA,0,NA,NA,0
"Anthreptes singalensis",NA,NA,0,NA,NA,0,NA,NA,0,NA,NA,0
"Anthropoides virgo",0.178042849575071,"Trending I",11,NA,NA,1,0.495,"Type I",3,0.495,"Type I",4
"Antidorcas marsupialis",-0.0194305582947704,"Type II",9,NA,NA,0,NA,NA,1,NA,NA,1
"Antigone canadensis",NA,NA,0,NA,NA,0,NA,NA,0,NA,NA,0
"Antigonia malayana",NA,NA,0,NA,NA,0,NA,NA,0,NA,NA,0
"Antilocapra americana",0.0513233670043658,"Type II",37,0.107015041697917,"Trending I",4,NA,NA,1,0.0506119564360872,"Type II",5
"Antilope cervicapra",0.160660413919558,"Trending I",83,0.096846827873907,"Type II",15,-0.00527873597255357,"Type II",7,0.10390154074314,"Trending I",22
"Antipathes atlantica",NA,NA,0,NA,NA,0,NA,NA,0,NA,NA,0
"Antrostomus carolinensis",NA,NA,1,NA,NA,0,NA,NA,0,NA,NA,0
"Antrozous pallidus",-0.067701749966346,"Type II",4,NA,NA,0,NA,NA,0,NA,NA,0
"Anurolimnas fasciatus",NA,NA,0,NA,NA,0,NA,NA,0,NA,NA,0
"Anurophasis monorthonyx",NA,NA,0,NA,NA,0,NA,NA,0,NA,NA,0
"Aonyx capensis",0.164115751089851,"Trending I",4,NA,NA,0,NA,NA,0,NA,NA,0
"Aonyx cinerea",0.243167526511087,"Trending I",7,NA,NA,0,NA,NA,0,NA,NA,0
"Aonyx cinereus",0.190678222125883,"Trending I",28,0.135657119164195,"Trending I",6,0.152106465585939,"Trending I",7,0.19755747916721,"Trending I",13
"Aotus trivirgatus",0.226494797169499,"Trending I",12,0.465,"Type I",2,NA,NA,0,0.465,"Type I",2
"Apalone ferox",0.322952291327889,"Type I",4,NA,NA,0,NA,NA,0,NA,NA,0
"Apalone spinifera",NA,NA,0,NA,NA,0,NA,NA,0,NA,NA,0
"Aphanius iberus",NA,NA,0,NA,NA,0,NA,NA,0,NA,NA,0
"Aphanopus carbo",NA,NA,0,NA,NA,0,NA,NA,0,NA,NA,0
"Aphelocoma insularis",NA,NA,1,NA,NA,0,NA,NA,0,NA,NA,0
"Aphelocoma wollweberi",NA,NA,0,NA,NA,0,NA,NA,0,NA,NA,0
"Aphonopelma anax",NA,NA,0,NA,NA,0,NA,NA,0,NA,NA,0
"Aphonopelma chalcodes",NA,NA,0,NA,NA,0,NA,NA,0,NA,NA,0
"Aphonopelma seemanni",NA,NA,0,NA,NA,0,NA,NA,0,NA,NA,0
"Aphos porosus",NA,NA,0,NA,NA,0,NA,NA,0,NA,NA,0
"Aphredoderus sayanus",NA,NA,0,NA,NA,0,NA,NA,0,NA,NA,0
"Aphriza virgata",NA,NA,0,NA,NA,0,NA,NA,0,NA,NA,0
"Aphyocharax anisitsi",NA,NA,0,NA,NA,0,NA,NA,0,NA,NA,0
"Apis mellifera",NA,NA,0,NA,NA,0,NA,NA,0,NA,NA,0
"Apistogramma cacatuoides",NA,NA,0,NA,NA,0,NA,NA,0,NA,NA,0
"Apistogramma commbrae",NA,NA,0,NA,NA,0,NA,NA,0,NA,NA,0
"Apistogramma trifasciata",NA,NA,0,NA,NA,0,NA,NA,0,NA,NA,0
"Aplodinotus grunniens",NA,NA,1,NA,NA,0,NA,NA,0,NA,NA,0
"Aplodontia rufa",NA,NA,0,NA,NA,0,NA,NA,0,NA,NA,0
"Aplonis circumscripta",NA,NA,14,NA,NA,0,NA,NA,1,NA,NA,1
"Aplopeltura boa",NA,NA,7,NA,NA,0,NA,NA,1,NA,NA,1
"Apocryptodon madurensis",NA,NA,0,NA,NA,0,NA,NA,0,NA,NA,0
"Apodemus agrarius",NA,NA,0,NA,NA,0,NA,NA,0,NA,NA,0
"Apodichthys flavidus",NA,NA,0,NA,NA,0,NA,NA,0,NA,NA,0
"Apodichthys fucorum",NA,NA,0,NA,NA,0,NA,NA,0,NA,NA,0
"Apodora papuana",NA,NA,0,NA,NA,0,NA,NA,0,NA,NA,0
"Apogon americanus",NA,NA,0,NA,NA,0,NA,NA,0,NA,NA,0
"Apogon doryssa",NA,NA,0,NA,NA,0,NA,NA,0,NA,NA,0
"Apogon dovii",NA,NA,0,NA,NA,0,NA,NA,0,NA,NA,0
"Apogon ellioti",NA,NA,0,NA,NA,0,NA,NA,0,NA,NA,0
"Apogon flavus",NA,NA,0,NA,NA,0,NA,NA,0,NA,NA,0
"Apogon imberbis",NA,NA,0,NA,NA,0,NA,NA,0,NA,NA,0
"Apogon maculatus",NA,NA,0,NA,NA,0,NA,NA,0,NA,NA,0
"Apogon robbyi",NA,NA,0,NA,NA,0,NA,NA,0,NA,NA,0
"Apogonichthys ocellatus",NA,NA,0,NA,NA,0,NA,NA,0,NA,NA,0
"Apolemichthys arcuatus",NA,NA,0,NA,NA,0,NA,NA,0,NA,NA,0
"Apolemichthys kingi",NA,NA,0,NA,NA,0,NA,NA,0,NA,NA,0
"Apolemichthys xanthopunctatus",NA,NA,0,NA,NA,0,NA,NA,0,NA,NA,0
"Aporrectodea caliginosa",NA,NA,0,NA,NA,0,NA,NA,0,NA,NA,0
"Apostichopus parvimensis",NA,NA,0,NA,NA,0,NA,NA,0,NA,NA,0
"Apristurus brunneus",NA,NA,0,NA,NA,0,NA,NA,0,NA,NA,0
"Apristurus saldanha",NA,NA,0,NA,NA,0,NA,NA,0,NA,NA,0
"Aprosmictus ",NA,NA,0,NA,NA,0,NA,NA,0,NA,NA,0
"Aptenodytes forsteri",NA,NA,0,NA,NA,0,NA,NA,0,NA,NA,0
"Aptenodytes patagonicus",NA,NA,0,NA,NA,0,NA,NA,0,NA,NA,0
"Apteronotus albifrons",NA,NA,0,NA,NA,0,NA,NA,0,NA,NA,0
"Apteryx australis",NA,NA,0,NA,NA,0,NA,NA,0,NA,NA,0
"Apteryx mantelli",NA,NA,0,NA,NA,0,NA,NA,0,NA,NA,0
"Aptocyclus ventricosus",NA,NA,0,NA,NA,0,NA,NA,0,NA,NA,0
"Aptychotrema vincentiana",NA,NA,0,NA,NA,0,NA,NA,0,NA,NA,0
"Apus apus",NA,NA,0,NA,NA,0,NA,NA,0,NA,NA,0
"Aquila audax",NA,NA,1,NA,NA,0,NA,NA,0,NA,NA,0
"Aquila chrysaetos",0.130112885823861,"Trending I",10,NA,NA,0,NA,NA,0,NA,NA,0
"Ara ambiguus",0.159509490186664,"Trending I",21,NA,NA,4,NA,NA,1,0.225,"Trending I",5
"Ara ararauna",0.155856038360818,"Trending I",74,0.123229344577,"Trending I",9,0.08,"Type II",2,0.134616248517194,"Trending I",11
"Ara chloropterus",-0.0186726432235038,"Type II",26,-0.143139965056189,"Trending III",5,NA,NA,1,-0.0976874423241815,"Type II",6
"Ara glaucogularis",0.0230859211169072,"Type II",11,-0.0449999999999999,"Type II",3,NA,NA,0,-0.0449999999999999,"Type II",3
"Ara macao",0.164695356864926,"Trending I",39,0.165,"Trending I",2,0.154248125036058,"Trending I",4,0.182572279791106,"Trending I",6
"Ara militaris",0.0640608625140495,"Type II",20,NA,NA,0,0.115,"Trending I",2,0.115,"Trending I",2
"Ara rubrogenys",0.162151228197974,"Trending I",13,0.206820819400235,"Trending I",3,0,"Type II",2,0.17193215929786,"Trending I",5
"Ara severus",0.0275939265675891,"Type II",12,NA,NA,0,NA,NA,0,NA,NA,0
"Aracana aurita",NA,NA,0,NA,NA,0,NA,NA,0,NA,NA,0
"Aracana ornata",NA,NA,0,NA,NA,0,NA,NA,0,NA,NA,0
"Aramides cajanea",NA,NA,0,NA,NA,0,NA,NA,0,NA,NA,0
"Aramides ypecaha",NA,NA,1,NA,NA,0,NA,NA,0,NA,NA,0
"Arapaima gigas",NA,NA,1,NA,NA,0,NA,NA,0,NA,NA,0
"Aratinga acuticaudata",-0.0893208394878131,"Type II",12,NA,NA,0,NA,NA,0,NA,NA,0
"Aratinga aurea",NA,NA,0,NA,NA,0,NA,NA,0,NA,NA,0
"Aratinga auricapillus",0.192563833399968,"Trending I",17,NA,NA,0,NA,NA,0,NA,NA,0
"Aratinga canicularis",0.15,"Trending I",2,NA,NA,0,NA,NA,0,NA,NA,0
"Aratinga erythrogenys",0.271422336868145,"Trending I",3,NA,NA,1,NA,NA,0,NA,NA,1
"Aratinga jandaya",NA,NA,4,NA,NA,0,NA,NA,0,NA,NA,0
"Aratinga mitrata",NA,NA,0,NA,NA,0,NA,NA,0,NA,NA,0
"Aratinga nenday",-0.172521820961493,"Trending III",9,NA,NA,3,NA,NA,0,NA,NA,3
"Aratinga pertinax",NA,NA,0,NA,NA,0,NA,NA,0,NA,NA,0
"Aratinga solstitialis",NA,NA,77,NA,NA,2,NA,NA,3,NA,NA,5
"Aratinga weddellii",NA,NA,4,NA,NA,0,NA,NA,2,NA,NA,2
"Arborophila javanica",NA,NA,5,NA,NA,2,NA,NA,0,NA,NA,2
"Arborophila sumatrana",NA,NA,0,NA,NA,0,NA,NA,0,NA,NA,0
"Arborophila torqueola",NA,NA,3,NA,NA,0,NA,NA,0,NA,NA,0
"Archilochus alexandri",NA,NA,0,NA,NA,0,NA,NA,0,NA,NA,0
"Archilochus colubris",NA,NA,0,NA,NA,0,NA,NA,0,NA,NA,0
"Archispirostreptus gigas",NA,NA,0,NA,NA,0,NA,NA,0,NA,NA,0
"Arctictis binturong",0.211905183797733,"Trending I",20,0.217219030850601,"Trending I",14,0.167969628535723,"Trending I",3,0.234810522627305,"Trending I",17
"Arctocebus aureus",NA,NA,1,NA,NA,0,NA,NA,0,NA,NA,0
"Arctocephalus pusillus",0.275,"Trending I",3,0.275,"Trending I",3,NA,NA,0,0.275,"Trending I",3
"Arctocephalus townsendi",-0.441666666666667,"Type III",4,NA,NA,0,NA,NA,0,NA,NA,0
"Arctocephalus tropicalis",NA,NA,0,NA,NA,0,NA,NA,0,NA,NA,0
"Ardea alba",NA,NA,2,NA,NA,0,NA,NA,1,NA,NA,1
"Ardea goliath",0.13,"Trending I",3,NA,NA,0,NA,NA,1,NA,NA,1
"Ardea herodias",NA,NA,1,NA,NA,0,NA,NA,0,NA,NA,0
"Ardea melanocephala",NA,NA,0,NA,NA,0,NA,NA,0,NA,NA,0
"Ardea sumatrana",NA,NA,1,NA,NA,0,NA,NA,0,NA,NA,0
"Ardenna grisea",NA,NA,0,NA,NA,0,NA,NA,0,NA,NA,0
"Ardeola speciosa",NA,NA,1,NA,NA,0,NA,NA,0,NA,NA,0
"Ardeotis kori",0.285709905699485,"Trending I",18,NA,NA,1,NA,NA,1,NA,NA,2
"Argentina sphyraena",NA,NA,0,NA,NA,0,NA,NA,0,NA,NA,0
"Argusianus argus",NA,NA,18,NA,NA,0,NA,NA,0,NA,NA,0
"Argynnis pandora",NA,NA,0,NA,NA,0,NA,NA,0,NA,NA,0
"Argyropelecus aculeatus",NA,NA,0,NA,NA,0,NA,NA,0,NA,NA,0
"Argyropelecus sladeni",NA,NA,0,NA,NA,0,NA,NA,0,NA,NA,0
"Argyrosomus japonicus",-0.0460721073928563,"Type II",6,-0.0477285007251966,"Type II",5,NA,NA,0,-0.0477285007251966,"Type II",5
"Arion circumscriptus",NA,NA,0,NA,NA,0,NA,NA,0,NA,NA,0
"Ariosoma gilberti",NA,NA,0,NA,NA,0,NA,NA,0,NA,NA,0
"Arius maculatus",NA,NA,0,NA,NA,0,NA,NA,0,NA,NA,0
"Arius parkii",NA,NA,0,NA,NA,0,NA,NA,0,NA,NA,0
"Arius subrostratus",NA,NA,0,NA,NA,0,NA,NA,0,NA,NA,0
"Arizona elegans",-0.0655977271071397,"Type II",3,-0.025,"Type II",2,NA,NA,0,-0.025,"Type II",2
"Arothron hispidus",NA,NA,0,NA,NA,0,NA,NA,0,NA,NA,0
"Arothron meleagris",NA,NA,0,NA,NA,0,NA,NA,0,NA,NA,0
"Arothron nigropunctatus",NA,NA,0,NA,NA,0,NA,NA,0,NA,NA,0
"Arremonops conirostris",NA,NA,0,NA,NA,0,NA,NA,0,NA,NA,0
"Artamus cinereus",NA,NA,0,NA,NA,0,NA,NA,0,NA,NA,0
"Artamus leucorynchus",NA,NA,3,NA,NA,0,NA,NA,0,NA,NA,0
"Artedius fenestralis",NA,NA,0,NA,NA,0,NA,NA,0,NA,NA,0
"Arthroleptella ngongoniensis",NA,NA,0,NA,NA,0,NA,NA,0,NA,NA,0
"Artibeus amplus",NA,NA,0,NA,NA,0,NA,NA,0,NA,NA,0
"Artibeus jamaicensis",0.223855856573378,"Trending I",53,0.224248125036058,"Trending I",4,0.134127833439103,"Trending I",4,0.182841793312817,"Trending I",8
"Artibeus lituratus",NA,NA,1,NA,NA,0,NA,NA,0,NA,NA,0
"Asarcornis scutulata",NA,NA,35,NA,NA,3,NA,NA,0,NA,NA,3
"Ascaphus montanus",NA,NA,0,NA,NA,0,NA,NA,0,NA,NA,0
"Ascaphus truei",-0.00396846710495613,"Type II",8,NA,NA,0,NA,NA,0,NA,NA,0
"Asio flammeus",0.307769043978998,"Type I",3,0.21,"Trending I",2,NA,NA,0,0.21,"Trending I",2
"Asio madagascariensis",NA,NA,0,NA,NA,0,NA,NA,0,NA,NA,0
"Aspidelaps lubricus",NA,NA,0,NA,NA,0,NA,NA,0,NA,NA,0
"Aspidelaps scutatus",NA,NA,4,NA,NA,3,NA,NA,0,NA,NA,3
"Aspidites melanocephalus",0.240679522390198,"Trending I",6,NA,NA,1,NA,NA,0,NA,NA,1
"Aspidites ramsayi",-0.199677147225203,"Trending III",4,NA,NA,2,NA,NA,0,NA,NA,2
"Aspidoscelis tigris",NA,NA,1,NA,NA,0,NA,NA,0,NA,NA,0
"Aspidoscelis uniparens",NA,NA,2,NA,NA,0,NA,NA,0,NA,NA,0
"Assa darlingtoni",NA,NA,0,NA,NA,0,NA,NA,0,NA,NA,0
"Astacopsis gouldi",NA,NA,0,NA,NA,0,NA,NA,0,NA,NA,0
"Astatotilapia flaviijosephi",NA,NA,0,NA,NA,0,NA,NA,0,NA,NA,0
"Asterias amurensis",NA,NA,0,NA,NA,0,NA,NA,0,NA,NA,0
"Asterias forbesi",NA,NA,0,NA,NA,0,NA,NA,0,NA,NA,0
"Asterias rubens",NA,NA,0,NA,NA,0,NA,NA,0,NA,NA,0
"Asterina miniata",NA,NA,0,NA,NA,0,NA,NA,0,NA,NA,0
"Astrochelys radiata",0.0022603636599241,"Type II",22,-0.0327343333141025,"Type II",4,NA,NA,0,-0.0327343333141025,"Type II",4
"Astrochelys yniphora",NA,NA,0,NA,NA,0,NA,NA,0,NA,NA,0
"Astrometis sertulifera",NA,NA,0,NA,NA,0,NA,NA,0,NA,NA,0
"Astronotus ocellatus",NA,NA,0,NA,NA,0,NA,NA,0,NA,NA,0
"Astroscopus guttatus",NA,NA,0,NA,NA,0,NA,NA,0,NA,NA,0
"Astyanax mexicanus",NA,NA,0,NA,NA,0,NA,NA,0,NA,NA,0
"Ataeniobius toweri",NA,NA,0,NA,NA,0,NA,NA,0,NA,NA,0
"Atelerix albiventris",0.00744172738718663,"Type II",347,0.00966476817109624,"Type II",192,-0.061019771858419,"Type II",43,0.00943333832543763,"Type II",235
"Ateles belzebuth",NA,NA,0,NA,NA,0,NA,NA,0,NA,NA,0
"Ateles fusciceps",-0.335,"Type III",2,NA,NA,0,NA,NA,0,NA,NA,0
"Ateles geoffroyi",0.294081560015558,"Trending I",27,0.299837162054829,"Trending I",13,0.246688437193818,"Trending I",7,0.32985805557153,"Type I",20
"Ateles paniscus",0.235710377074117,"Trending I",28,0.218655031265455,"Trending I",7,0.0984606021368076,"Type II",13,0.159269583376957,"Trending I",20
"Atelomycterus marmoratus",NA,NA,0,NA,NA,0,NA,NA,0,NA,NA,0
"Atelopus limosus",NA,NA,0,NA,NA,0,NA,NA,0,NA,NA,0
"Atelopus zeteki",NA,NA,1,NA,NA,0,NA,NA,0,NA,NA,0
"Athene cunicularia",0.410644464197458,"Type I",26,0.371240625180289,"Type I",10,NA,NA,1,0.385358984743306,"Type I",11
"Atheresthes stomias",NA,NA,0,NA,NA,0,NA,NA,0,NA,NA,0
"Atherinops affinis",NA,NA,0,NA,NA,0,NA,NA,0,NA,NA,0
"Atheris ceratophora",NA,NA,2,NA,NA,0,NA,NA,1,NA,NA,1
"Atheris chlorechis",0,"Type II",3,NA,NA,0,NA,NA,0,NA,NA,0
"Atheris desaixi",NA,NA,0,NA,NA,0,NA,NA,0,NA,NA,0
"Atheris hispida",NA,NA,10,NA,NA,0,NA,NA,0,NA,NA,0
"Atheris nitschei",NA,NA,1,NA,NA,0,NA,NA,0,NA,NA,0
"Atheris squamigera",-0.45199844584942,"Type III",10,NA,NA,0,-0.441666666666667,"Type III",4,-0.441666666666667,"Type III",4
"Atractaspis aterrima",NA,NA,0,NA,NA,0,NA,NA,0,NA,NA,0
"Atractoscion nobilis",-0.28,"Trending III",2,NA,NA,0,NA,NA,0,NA,NA,0
"Atractosteus spatula",NA,NA,0,NA,NA,0,NA,NA,0,NA,NA,0
"Atropoides nummifer",0.0133469046650401,"Type II",6,NA,NA,0,NA,NA,0,NA,NA,0
"Atropoides olmec",NA,NA,0,NA,NA,0,NA,NA,0,NA,NA,0
"Atrytonopsis pittacus",NA,NA,0,NA,NA,0,NA,NA,0,NA,NA,0
"Auchenoglanis occidentalis",NA,NA,0,NA,NA,0,NA,NA,0,NA,NA,0
"Aulacocephalus temminckii",NA,NA,0,NA,NA,0,NA,NA,0,NA,NA,0
"Aulacorhynchus caeruleogularis",NA,NA,0,NA,NA,0,NA,NA,0,NA,NA,0
"Aulacorhynchus coeruleicinctis",NA,NA,0,NA,NA,0,NA,NA,0,NA,NA,0
"Aulacorhynchus haematopygus",NA,NA,6,NA,NA,1,NA,NA,0,NA,NA,1
"Aulacorhynchus prasinus",NA,NA,3,NA,NA,0,NA,NA,1,NA,NA,1
"Aulacorhynchus sulcatus",NA,NA,1,NA,NA,0,NA,NA,0,NA,NA,0
"Aulichthys japonicus",NA,NA,0,NA,NA,0,NA,NA,0,NA,NA,0
"Aulonocara jacobfreibergi",NA,NA,0,NA,NA,0,NA,NA,0,NA,NA,0
"Aulonocara stuartgranti",NA,NA,0,NA,NA,0,NA,NA,0,NA,NA,0
"Aulorhynchus flavidus",NA,NA,0,NA,NA,0,NA,NA,0,NA,NA,0
"Aulostomus maculatus",NA,NA,0,NA,NA,0,NA,NA,0,NA,NA,0
"Aurelia aurita",NA,NA,0,NA,NA,0,NA,NA,0,NA,NA,0
"Aurelia limbata",NA,NA,0,NA,NA,0,NA,NA,0,NA,NA,0
"Austrelaps labialis",NA,NA,9,NA,NA,3,NA,NA,0,NA,NA,3
"Austrelaps superbus",NA,NA,0,NA,NA,0,NA,NA,0,NA,NA,0
"Avicularia avicularia",NA,NA,1,NA,NA,0,NA,NA,0,NA,NA,0
"Avicularia bicegoi",NA,NA,0,NA,NA,0,NA,NA,0,NA,NA,0
"Avocettina infans",NA,NA,0,NA,NA,0,NA,NA,0,NA,NA,0
"Axis axis",0.134646564039275,"Trending I",21,0.365,"Type I",3,0.206336132445107,"Trending I",8,0.248190468563373,"Trending I",11
"Axis calamianensis",0.0748145417075322,"Type II",4,NA,NA,0,NA,NA,1,NA,NA,1
"Axis kuhlii",0.168360512276641,"Trending I",11,0.273206818678581,"Trending I",3,0.23,"Trending I",2,0.282209945557678,"Trending I",5
"Axis porcinus",NA,NA,0,NA,NA,0,NA,NA,0,NA,NA,0
"Aythya affinis",NA,NA,1,NA,NA,0,NA,NA,0,NA,NA,0
"Aythya americana",0.148353357982698,"Trending I",12,0.255,"Trending I",2,NA,NA,0,0.255,"Trending I",2
"Aythya australis",NA,NA,3,NA,NA,0,NA,NA,1,NA,NA,1
"Aythya baeri",NA,NA,0,NA,NA,0,NA,NA,0,NA,NA,0
"Aythya collaris",0.222548875021635,"Trending I",4,0.235,"Trending I",2,NA,NA,0,0.235,"Trending I",2
"Aythya ferina",-0.102291708770933,"Trending III",6,NA,NA,1,NA,NA,0,NA,NA,1
"Aythya fuligula",-0.228286798191365,"Trending III",3,NA,NA,0,NA,NA,0,NA,NA,0
"Aythya marila",NA,NA,0,NA,NA,0,NA,NA,0,NA,NA,0
"Aythya novaeseelandiae",NA,NA,1,NA,NA,0,NA,NA,0,NA,NA,0
"Aythya nyroca",NA,NA,0,NA,NA,0,NA,NA,0,NA,NA,0
"Aythya valisineria",0.0922825744285213,"Type II",11,0.0927995000096154,"Type II",4,NA,NA,0,0.0927995000096154,"Type II",4
"Azemiops feae",NA,NA,0,NA,NA,0,NA,NA,0,NA,NA,0
"Babyrousa babyrussa",0.24658825343276,"Trending I",13,0.243609650966162,"Trending I",6,0.415,"Type I",2,0.327516291673878,"Type I",8
"Babyrousa celebensis",0.335,"Type I",2,0.335,"Type I",2,NA,NA,0,0.335,"Type I",2
"Baeolophus bicolor",NA,NA,0,NA,NA,0,NA,NA,0,NA,NA,0
"Baiomys taylori",NA,NA,0,NA,NA,0,NA,NA,0,NA,NA,0
"Balaeniceps rex",NA,NA,0,NA,NA,0,NA,NA,0,NA,NA,0
"Balaenoptera acutorostrata",NA,NA,0,NA,NA,0,NA,NA,0,NA,NA,0
"Balaenoptera physalus",NA,NA,0,NA,NA,0,NA,NA,0,NA,NA,0
"Balantiocheilos ambusticauda",NA,NA,0,NA,NA,0,NA,NA,0,NA,NA,0
"Balantiocheilos melanopterus",NA,NA,0,NA,NA,0,NA,NA,0,NA,NA,0
"Balanus nubilus",NA,NA,0,NA,NA,0,NA,NA,0,NA,NA,0
"Balearica pavonina",NA,NA,0,NA,NA,0,NA,NA,0,NA,NA,0
"Balearica regulorum",-0.00160149997115377,"Type II",6,NA,NA,0,NA,NA,0,NA,NA,0
"Balistes polylepis",NA,NA,0,NA,NA,0,NA,NA,0,NA,NA,0
"Balistes vetula",NA,NA,0,NA,NA,0,NA,NA,0,NA,NA,0
"Balistoides conspicillum",NA,NA,0,NA,NA,0,NA,NA,0,NA,NA,0
"Bambusicola thoracicus",NA,NA,7,NA,NA,0,NA,NA,0,NA,NA,0
"Bangsia arcaei",NA,NA,0,NA,NA,0,NA,NA,0,NA,NA,0
"Barbonymus schwanenfeldii",NA,NA,0,NA,NA,0,NA,NA,0,NA,NA,0
"Barisia planifrons",NA,NA,0,NA,NA,0,NA,NA,0,NA,NA,0
"Bartramia longicauda",NA,NA,1,NA,NA,0,NA,NA,0,NA,NA,0
"Baryphthengus martii",NA,NA,1,NA,NA,0,NA,NA,0,NA,NA,0
"Basiliscus basiliscus",NA,NA,0,NA,NA,0,NA,NA,0,NA,NA,0
"Basiliscus plumifrons",-0.172841954312744,"Trending III",15,NA,NA,0,NA,NA,0,NA,NA,0
"Basiliscus vittatus",0.0816666666666667,"Type II",4,NA,NA,0,NA,NA,0,NA,NA,0
"Basilornis celebensis",NA,NA,0,NA,NA,0,NA,NA,0,NA,NA,0
"Bassariscus astutus",NA,NA,1,NA,NA,0,NA,NA,0,NA,NA,0
"Bassariscus sumichrasti",0.108821475238989,"Trending I",16,0.034757501296285,"Type II",7,0.0683333333333334,"Type II",4,0.0889115466218867,"Type II",11
"Batagur affinis",NA,NA,0,NA,NA,0,NA,NA,0,NA,NA,0
"Batagur baska",NA,NA,0,NA,NA,0,NA,NA,0,NA,NA,0
"Batagur borneoensis",NA,NA,1,NA,NA,0,NA,NA,1,NA,NA,1
"Bathmocercus cerviniventris",NA,NA,0,NA,NA,0,NA,NA,0,NA,NA,0
"Bathydraco marri",NA,NA,0,NA,NA,0,NA,NA,0,NA,NA,0
"Bathygobius soporator",NA,NA,0,NA,NA,0,NA,NA,0,NA,NA,0
"Bathyraja albomaculata",NA,NA,0,NA,NA,0,NA,NA,0,NA,NA,0
"Batrachocephalus mino",NA,NA,0,NA,NA,0,NA,NA,0,NA,NA,0
"Batrachoseps nigriventris",NA,NA,0,NA,NA,0,NA,NA,0,NA,NA,0
"Bavayia montana",NA,NA,0,NA,NA,0,NA,NA,0,NA,NA,0
"Bedotia geayi",NA,NA,0,NA,NA,0,NA,NA,0,NA,NA,0
"Bedotia madagascariensis",NA,NA,0,NA,NA,0,NA,NA,0,NA,NA,0
"Belontia signata",NA,NA,0,NA,NA,0,NA,NA,0,NA,NA,0
"Berenicornis comatus",NA,NA,0,NA,NA,0,NA,NA,0,NA,NA,0
"Beringraja binoculata",NA,NA,0,NA,NA,0,NA,NA,0,NA,NA,0
"Berryteuthis magister",NA,NA,0,NA,NA,0,NA,NA,0,NA,NA,0
"Betta splendens",NA,NA,0,NA,NA,0,NA,NA,0,NA,NA,0
"Bettongia gaimardi",NA,NA,0,NA,NA,0,NA,NA,0,NA,NA,0
"Bettongia penicillata",0.155,"Trending I",4,NA,NA,0,NA,NA,1,NA,NA,1
"Biotodoma cupido",NA,NA,0,NA,NA,0,NA,NA,0,NA,NA,0
"Birgus latro",NA,NA,0,NA,NA,0,NA,NA,0,NA,NA,0
"Bison bison",0.237598042114,"Trending I",15,0.217381387387452,"Trending I",6,0.04,"Type II",2,0.270688601221605,"Trending I",8
"Bison bonasus",NA,NA,2,NA,NA,0,NA,NA,1,NA,NA,1
"Bitis arietans",0.345,"Type I",4,NA,NA,1,NA,NA,1,0.325,"Type I",2
"Bitis caudalis",-0.0718644613232197,"Type II",3,NA,NA,0,NA,NA,0,NA,NA,0
"Bitis cornuta",NA,NA,0,NA,NA,0,NA,NA,0,NA,NA,0
"Bitis gabonica",0.187994496376524,"Trending I",17,-0.0625218209614926,"Type II",3,0.155,"Trending I",2,0.0415402307711064,"Type II",5
"Bitis nasicornis",0.125166178157286,"Trending I",36,0.245,"Trending I",6,0.0283333333333333,"Type II",4,0.112370561446908,"Trending I",10
"Bitis schneideri",NA,NA,0,NA,NA,0,NA,NA,0,NA,NA,0
"Bitis worthingtoni",NA,NA,0,NA,NA,0,NA,NA,0,NA,NA,0
"Blaberus giganteus",NA,NA,0,NA,NA,0,NA,NA,0,NA,NA,0
"Blastocerus dichotomus",NA,NA,1,NA,NA,0,NA,NA,0,NA,NA,0
"Blepsias bilobus",NA,NA,0,NA,NA,0,NA,NA,0,NA,NA,0
"Boa constrictor",0.0448434961263525,"Type II",75,0.0784033443856069,"Type II",17,0.0560428425787795,"Type II",8,0.0729110262180032,"Type II",25
"Boa imperator",NA,NA,0,NA,NA,0,NA,NA,0,NA,NA,0
"Boaedon capensis",NA,NA,0,NA,NA,0,NA,NA,0,NA,NA,0
"Boaedon fuliginosus",NA,NA,0,NA,NA,0,NA,NA,0,NA,NA,0
"Bodianus anthioides",NA,NA,0,NA,NA,0,NA,NA,0,NA,NA,0
"Bodianus diana",NA,NA,0,NA,NA,0,NA,NA,0,NA,NA,0
"Bodianus diplotaenia",NA,NA,0,NA,NA,0,NA,NA,0,NA,NA,0
"Bodianus eclancheri",NA,NA,0,NA,NA,0,NA,NA,0,NA,NA,0
"Bodianus mesothorax",NA,NA,0,NA,NA,0,NA,NA,0,NA,NA,0
"Bodianus pulchellus",NA,NA,0,NA,NA,0,NA,NA,0,NA,NA,0
"Bodianus rufus",NA,NA,0,NA,NA,0,NA,NA,0,NA,NA,0
"Boehlkea fredcochui",NA,NA,0,NA,NA,0,NA,NA,0,NA,NA,0
"Bogertophis rosaliae",-0.05,"Type II",2,NA,NA,1,NA,NA,0,NA,NA,1
"Bogertophis subocularis",0.231365659295701,"Trending I",22,0.197955041616222,"Trending I",10,0.180849625007212,"Trending I",4,0.235968188386407,"Trending I",14
"Bohadschia argus",NA,NA,0,NA,NA,0,NA,NA,0,NA,NA,0
"Boiga dendrophila",0.230920284936181,"Trending I",11,NA,NA,4,NA,NA,0,NA,NA,4
"Boiga irregularis",NA,NA,1,NA,NA,0,NA,NA,0,NA,NA,0
"Boiga nigriceps",NA,NA,1,NA,NA,1,NA,NA,0,NA,NA,1
"Boiga ocellata",NA,NA,0,NA,NA,0,NA,NA,0,NA,NA,0
"Boiga schultzei",NA,NA,2,NA,NA,0,NA,NA,0,NA,NA,0
"Bolborhynchus lineola",NA,NA,6,NA,NA,0,NA,NA,0,NA,NA,0
"Bolitoglossa biseriata",NA,NA,0,NA,NA,0,NA,NA,0,NA,NA,0
"Bolitoglossa conanti",NA,NA,0,NA,NA,0,NA,NA,0,NA,NA,0
"Bolitoglossa copia",NA,NA,0,NA,NA,0,NA,NA,0,NA,NA,0
"Bolitoglossa dofleini",-0.395,"Type III",2,NA,NA,0,NA,NA,0,NA,NA,0
"Bolitoglossa mexicana",-0.0734891912830312,"Type II",11,NA,NA,0,NA,NA,0,NA,NA,0
"Bolitoglossa rufescens",NA,NA,0,NA,NA,0,NA,NA,0,NA,NA,0
"Bolitoglossa striatula",NA,NA,0,NA,NA,0,NA,NA,0,NA,NA,0
"Bombina bombina",0.37,"Type I",2,NA,NA,0,NA,NA,0,NA,NA,0
"Bombina maxima",NA,NA,0,NA,NA,0,NA,NA,0,NA,NA,0
"Bombina orientalis",-0.114623022692964,"Trending III",8,NA,NA,0,NA,NA,0,NA,NA,0
"Bombina variegata",NA,NA,0,NA,NA,0,NA,NA,0,NA,NA,0
"Bombycilla cedrorum",NA,NA,2,NA,NA,0,NA,NA,0,NA,NA,0
"Bombycilla japonica",NA,NA,0,NA,NA,0,NA,NA,0,NA,NA,0
"Bonasa umbellus",NA,NA,1,NA,NA,0,NA,NA,0,NA,NA,0
"Boophis viridis",NA,NA,0,NA,NA,0,NA,NA,0,NA,NA,0
"Bos frontalis",0.128961673463513,"Trending I",7,NA,NA,0,-0.0144182701190192,"Type II",3,-0.0144182701190192,"Type II",3
"Bos gaurus",NA,NA,0,NA,NA,0,NA,NA,0,NA,NA,0
"Bos grunniens",0.075,"Type II",2,0.075,"Type II",2,NA,NA,0,0.075,"Type II",2
"Bos indicus",NA,NA,0,NA,NA,0,NA,NA,0,NA,NA,0
"Bos javanicus",0.0481543565209039,"Type II",6,NA,NA,0,-0.355,"Type III",2,-0.355,"Type III",2
"Bos taurus",0.102097930756773,"Trending I",12,NA,NA,1,NA,NA,1,-0.08,"Type II",2
"Boselaphus tragocamelus",NA,NA,0,NA,NA,0,NA,NA,0,NA,NA,0
"Bostrychia hagedash",0.0157391727863117,"Type II",8,NA,NA,0,NA,NA,0,NA,NA,0
"Botaurus lentiginosus",NA,NA,1,NA,NA,0,NA,NA,0,NA,NA,0
"Bothriechis aurifer",-0.0133259527955463,"Type II",15,NA,NA,0,NA,NA,0,NA,NA,0
"Bothriechis bicolor",NA,NA,0,NA,NA,0,NA,NA,0,NA,NA,0
"Bothriechis lateralis",-0.168372490000961,"Trending III",6,NA,NA,0,NA,NA,0,NA,NA,0
"Bothriechis marchi",NA,NA,0,NA,NA,0,NA,NA,0,NA,NA,0
"Bothriechis nigroviridis",NA,NA,1,NA,NA,0,NA,NA,0,NA,NA,0
"Bothriechis rowleyi",NA,NA,1,NA,NA,0,NA,NA,0,NA,NA,0
"Bothriechis schlegelii",0.0795689535223976,"Type II",29,-0.140360536964281,"Trending III",3,NA,NA,0,-0.140360536964281,"Trending III",3
"Bothriopsis bilineata",NA,NA,0,NA,NA,0,NA,NA,0,NA,NA,0
"Bothriopsis oligolepis",NA,NA,0,NA,NA,0,NA,NA,0,NA,NA,0
"Bothriopsis taeniata",NA,NA,0,NA,NA,0,NA,NA,0,NA,NA,0
"Bothrochilus boa",0.0911198178389765,"Type II",6,NA,NA,2,NA,NA,0,NA,NA,2
"Bothrops alternatus",0.118795657287928,"Trending I",12,-0.0109905411932459,"Type II",5,NA,NA,0,-0.0109905411932459,"Type II",5
"Bothrops asper",-0.0749945779128871,"Type II",8,NA,NA,1,-0.155,"Trending III",2,-0.155,"Trending III",3
"Bothrops atrox",0.199438603864648,"Trending I",6,NA,NA,2,NA,NA,0,NA,NA,2
"Bothrops erythromelas",NA,NA,1,NA,NA,0,NA,NA,0,NA,NA,0
"Bothrops insularis",NA,NA,0,NA,NA,0,NA,NA,0,NA,NA,0
"Bothrops neuwiedi",NA,NA,1,NA,NA,0,NA,NA,0,NA,NA,0
"Bothrops oligolepis",NA,NA,0,NA,NA,0,NA,NA,0,NA,NA,0
"Bothrops taeniatus",NA,NA,0,NA,NA,0,NA,NA,0,NA,NA,0
"Bothrops venezuelensis",NA,NA,0,NA,NA,0,NA,NA,0,NA,NA,0
"Bothus lunatus",NA,NA,0,NA,NA,0,NA,NA,0,NA,NA,0
"Bothus mancus",NA,NA,0,NA,NA,0,NA,NA,0,NA,NA,0
"Botia kubotai",NA,NA,0,NA,NA,0,NA,NA,0,NA,NA,0
"Botia striata",NA,NA,0,NA,NA,0,NA,NA,0,NA,NA,0
"Boulengerina annulata",NA,NA,0,NA,NA,0,NA,NA,0,NA,NA,0
"Boulengerula niedeni",NA,NA,0,NA,NA,0,NA,NA,0,NA,NA,0
"Boulengerula taitana",NA,NA,0,NA,NA,0,NA,NA,0,NA,NA,0
"Brachaluteres jacksonianus",NA,NA,0,NA,NA,0,NA,NA,0,NA,NA,0
"Brachyhypopomus occidentalis",NA,NA,0,NA,NA,0,NA,NA,0,NA,NA,0
"Brachyistius frenatus",NA,NA,0,NA,NA,0,NA,NA,0,NA,NA,0
"Brachylagus idahoensis",0.291431206725191,"Trending I",32,NA,NA,1,0.329524773320131,"Type I",9,0.329524773320131,"Type I",10
"Brachylophus fasciatus",NA,NA,13,NA,NA,3,NA,NA,1,NA,NA,4
"Brachylophus vitiensis",NA,NA,5,NA,NA,2,NA,NA,0,NA,NA,2
"Brachypelma smithi",NA,NA,3,NA,NA,0,NA,NA,0,NA,NA,0
"Brachyramphus brevirostris",NA,NA,0,NA,NA,0,NA,NA,0,NA,NA,0
"Brachyramphus marmoratus",NA,NA,0,NA,NA,0,NA,NA,0,NA,NA,0
"Bradypodion dracomontanum",NA,NA,0,NA,NA,0,NA,NA,0,NA,NA,0
"Bradypodion fischeri",NA,NA,0,NA,NA,0,NA,NA,0,NA,NA,0
"Bradypodion tenue",NA,NA,0,NA,NA,0,NA,NA,0,NA,NA,0
"Bradypodion thamnobates",NA,NA,0,NA,NA,0,NA,NA,0,NA,NA,0
"Bradypus pygmaeus",NA,NA,0,NA,NA,0,NA,NA,0,NA,NA,0
"Bradypus tridactylus",-0.416161924316891,"Type III",5,NA,NA,0,-0.445,"Type III",2,-0.445,"Type III",2
"Bradypus variegatus",NA,NA,1,NA,NA,0,NA,NA,0,NA,NA,0
"Brama japonica",NA,NA,0,NA,NA,0,NA,NA,0,NA,NA,0
"Branta bernicla",NA,NA,0,NA,NA,0,NA,NA,0,NA,NA,0
"Branta canadensis",-0.0834700455402559,"Type II",3,NA,NA,0,NA,NA,0,NA,NA,0
"Branta hutchinsii",0.235,"Trending I",8,NA,NA,0,NA,NA,0,NA,NA,0
"Branta leucopsis",NA,NA,1,NA,NA,0,NA,NA,0,NA,NA,0
"Branta ruficollis",NA,NA,24,NA,NA,0,NA,NA,0,NA,NA,0
"Branta sandvicensis",-0.120159398478616,"Trending III",6,NA,NA,0,NA,NA,0,NA,NA,0
"Breviceps gibbosus",NA,NA,0,NA,NA,0,NA,NA,0,NA,NA,0
"Breviceps macrops",NA,NA,0,NA,NA,0,NA,NA,0,NA,NA,0
"Breviceps mossambicus",NA,NA,0,NA,NA,0,NA,NA,0,NA,NA,0
"Brochis splendens",NA,NA,0,NA,NA,0,NA,NA,0,NA,NA,0
"Bronchocela cristatella",NA,NA,0,NA,NA,0,NA,NA,0,NA,NA,0
"Brookesia peyrierasi",NA,NA,0,NA,NA,0,NA,NA,0,NA,NA,0
"Brookesia superciliaris",NA,NA,1,NA,NA,0,NA,NA,0,NA,NA,0
"Brookesia vadoni",NA,NA,0,NA,NA,0,NA,NA,0,NA,NA,0
"Brosme brosme",NA,NA,0,NA,NA,0,NA,NA,0,NA,NA,0
"Brosmophycis marginata",NA,NA,0,NA,NA,0,NA,NA,0,NA,NA,0
"Brotogeris chiriri",NA,NA,0,NA,NA,0,NA,NA,0,NA,NA,0
"Brotogeris cyanoptera",NA,NA,0,NA,NA,0,NA,NA,0,NA,NA,0
"Brotogeris pyrrhoptera",0.131427542406702,"Trending I",9,NA,NA,1,NA,NA,1,0.16,"Trending I",2
"Brotogeris versicolurus",NA,NA,0,NA,NA,0,NA,NA,0,NA,NA,0
"Brotula barbata",NA,NA,0,NA,NA,0,NA,NA,0,NA,NA,0
"Bryconamericus emperador",NA,NA,0,NA,NA,0,NA,NA,0,NA,NA,0
"Bryozoichthys lysimus",NA,NA,0,NA,NA,0,NA,NA,0,NA,NA,0
"Bubalornis albirostris",NA,NA,1,NA,NA,0,NA,NA,0,NA,NA,0
"Bubalus bubalis",0.0958490526379495,"Type II",7,0.057847694703308,"Type II",5,NA,NA,0,0.057847694703308,"Type II",5
"Bubalus depressicornis",0.189448573647477,"Trending I",6,NA,NA,0,NA,NA,1,NA,NA,1
"Bubalus mindorensis",-0.0397659595414041,"Type II",5,NA,NA,0,NA,NA,0,NA,NA,0
"Bubo africanus",NA,NA,1,NA,NA,0,NA,NA,0,NA,NA,0
"Bubo bubo",-0.29488173772616,"Trending III",5,-0.235,"Trending III",2,NA,NA,0,-0.235,"Trending III",2
"Bubo lacteus",NA,NA,2,NA,NA,2,NA,NA,0,NA,NA,2
"Bubo scandiacus",0.0848158018746284,"Type II",14,0.140464876785729,"Trending I",3,NA,NA,1,0.178347526305712,"Trending I",4
"Bubo virginianus",0.342613564076119,"Type I",23,0.295,"Trending I",2,0.26,"Trending I",2,0.318463666724359,"Type I",4
"Bubulcus coromandus",NA,NA,0,NA,NA,0,NA,NA,0,NA,NA,0
"Bubulcus ibis",0.147174898534403,"Trending I",15,NA,NA,0,NA,NA,1,NA,NA,1
"Bucanetes githagineus",NA,NA,0,NA,NA,0,NA,NA,0,NA,NA,0
"Buccanodon duchaillui",NA,NA,2,NA,NA,2,NA,NA,0,NA,NA,2
"Bucephala albeola",0.291543940332123,"Trending I",6,NA,NA,1,NA,NA,0,NA,NA,1
"Bucephala clangula",0.095,"Type II",3,NA,NA,0,NA,NA,0,NA,NA,0
"Bucephala islandica",0.276644520454853,"Trending I",5,NA,NA,0,NA,NA,0,NA,NA,0
"Buceros bicornis",0.276529279257268,"Trending I",15,0.307548875021635,"Type I",6,NA,NA,1,0.307548875021635,"Type I",7
"Buceros rhinoceros",NA,NA,10,NA,NA,1,NA,NA,0,NA,NA,1
"Bucorvus abyssinicus",NA,NA,1,NA,NA,0,NA,NA,0,NA,NA,0
"Bucorvus leadbeateri",-0.0413133301103566,"Type II",6,NA,NA,0,NA,NA,0,NA,NA,0
"Budorcas taxicolor",-0.0882681666378204,"Type II",4,NA,NA,0,NA,NA,0,NA,NA,0
"Bufo blombergi",NA,NA,0,NA,NA,0,NA,NA,0,NA,NA,0
"Bufo boreas",NA,NA,0,NA,NA,0,NA,NA,0,NA,NA,0
"Bufo bufo",NA,NA,0,NA,NA,0,NA,NA,0,NA,NA,0
"Bufo guttatus",NA,NA,0,NA,NA,0,NA,NA,0,NA,NA,0
"Peltophryne lemur",NA,NA,3,NA,NA,2,NA,NA,0,NA,NA,2
"Bufo viridis",NA,NA,0,NA,NA,0,NA,NA,0,NA,NA,0
"Bunocephalus knerii",NA,NA,0,NA,NA,0,NA,NA,0,NA,NA,0
"Buphagus erythrorhynchus",NA,NA,1,NA,NA,0,NA,NA,0,NA,NA,0
"Buphagus erythrorynchus",NA,NA,0,NA,NA,0,NA,NA,0,NA,NA,0
"Burhinus bistriatus",NA,NA,3,NA,NA,0,NA,NA,0,NA,NA,0
"Burhinus capensis",NA,NA,3,NA,NA,0,NA,NA,0,NA,NA,0
"Burhinus grallarius",NA,NA,1,NA,NA,0,NA,NA,0,NA,NA,0
"Burhinus superciliaris",NA,NA,0,NA,NA,0,NA,NA,0,NA,NA,0
"Buteo augur",NA,NA,0,NA,NA,0,NA,NA,0,NA,NA,0
"Buteo jamaicensis",0.32031956737082,"Type I",21,0.278022562546875,"Trending I",9,0.415,"Type I",2,0.3366765828169,"Type I",11
"Buteo lagopus",NA,NA,0,NA,NA,0,NA,NA,0,NA,NA,0
"Buteo lineatus",-0.165,"Trending III",3,NA,NA,0,NA,NA,0,NA,NA,0
"Buteo nitidus",NA,NA,0,NA,NA,0,NA,NA,0,NA,NA,0
"Buteo platypterus",-0.01,"Type II",2,NA,NA,0,NA,NA,0,NA,NA,0
"Buteo polyosoma",NA,NA,0,NA,NA,0,NA,NA,0,NA,NA,0
"Buteo regalis",NA,NA,1,NA,NA,0,NA,NA,0,NA,NA,0
"Buteo rufofuscus",NA,NA,0,NA,NA,0,NA,NA,0,NA,NA,0
"Buteo swainsoni",0.25784467373629,"Trending I",3,NA,NA,0,NA,NA,0,NA,NA,0
"Butorides striata",-0.0738671666570513,"Type II",6,NA,NA,0,NA,NA,0,NA,NA,0
"Butorides striata'",NA,NA,0,NA,NA,0,NA,NA,0,NA,NA,0
"Bycanistes brevis",NA,NA,3,NA,NA,0,NA,NA,0,NA,NA,0
"Bycanistes bucinator",NA,NA,4,NA,NA,0,NA,NA,0,NA,NA,0
"Bycanistes subcylindricus",NA,NA,2,NA,NA,0,NA,NA,0,NA,NA,0
"Cacajao calvus",NA,NA,1,NA,NA,0,NA,NA,0,NA,NA,0
"Cacajao melanocephalus",NA,NA,0,NA,NA,0,NA,NA,0,NA,NA,0
"Cacatua alba",0.312596822789458,"Type I",8,NA,NA,0,NA,NA,1,NA,NA,1
"Cacatua ducorpsii",-0.2611404646565,"Trending III",5,NA,NA,0,NA,NA,0,NA,NA,0
"Cacatua galerita",-0.0491503749927884,"Type II",4,NA,NA,1,-0.225,"Trending III",2,-0.0180715630081664,"Type II",3
"Cacatua goffiniana",-0.00208730771926269,"Type II",11,NA,NA,0,NA,NA,0,NA,NA,0
"Cacatua haematuropygia",-0.0171135173857627,"Type II",8,NA,NA,2,NA,NA,0,NA,NA,2
"Cacatua leadbeateri",-0.253395957709445,"Trending III",8,NA,NA,0,-0.315,"Type III",2,-0.315,"Type III",2
"Cacatua moluccensis",-0.112423550426992,"Trending III",69,-0.137740824535622,"Trending III",7,-0.11935029105651,"Trending III",13,-0.104087683958658,"Trending III",20
"Cacatua ophthalmica",NA,NA,0,NA,NA,0,NA,NA,0,NA,NA,0
"Cacatua sanguinea",NA,NA,1,NA,NA,0,NA,NA,0,NA,NA,0
"Cacatua sulphurea",0.0561315715477264,"Type II",22,NA,NA,1,0.0119749151498618,"Type II",6,0.101654384239579,"Trending I",7
"Cacatua tenuirostris",NA,NA,0,NA,NA,0,NA,NA,0,NA,NA,0
"Cacicus cela",NA,NA,9,NA,NA,0,NA,NA,0,NA,NA,0
"Cacicus haemorrhous",NA,NA,8,NA,NA,0,NA,NA,0,NA,NA,0
"Caesio cuning",NA,NA,0,NA,NA,0,NA,NA,0,NA,NA,0
"Caiman crocodilus",NA,NA,1,NA,NA,0,NA,NA,0,NA,NA,0
"Caiman latirostris",-0.145,"Trending III",2,NA,NA,0,NA,NA,0,NA,NA,0
"Caiman yacare",NA,NA,0,NA,NA,0,NA,NA,0,NA,NA,0
"Cairina moschata",NA,NA,6,NA,NA,0,NA,NA,0,NA,NA,0
"Calabaria reinhardtii",NA,NA,2,NA,NA,0,NA,NA,0,NA,NA,0
"Calamus proridens",NA,NA,0,NA,NA,0,NA,NA,0,NA,NA,0
"Calidris acuminata",NA,NA,1,NA,NA,0,NA,NA,0,NA,NA,0
"Calidris alba",NA,NA,0,NA,NA,0,NA,NA,0,NA,NA,0
"Calidris alpina",NA,NA,1,NA,NA,0,NA,NA,0,NA,NA,0
"Calidris canutus",NA,NA,0,NA,NA,0,NA,NA,0,NA,NA,0
"Calidris minutilla",NA,NA,0,NA,NA,0,NA,NA,0,NA,NA,0
"Calidris pygmaea",NA,NA,0,NA,NA,0,NA,NA,0,NA,NA,0
"Caligo illioneus",NA,NA,0,NA,NA,0,NA,NA,0,NA,NA,0
"Callagur borneoensis",NA,NA,0,NA,NA,0,NA,NA,0,NA,NA,0
"Callanthias ruber",NA,NA,0,NA,NA,0,NA,NA,0,NA,NA,0
"Callicebus discolor",NA,NA,1,NA,NA,0,NA,NA,0,NA,NA,0
"Callicebus donacophilus",NA,NA,0,NA,NA,0,NA,NA,0,NA,NA,0
"Callicebus modestus",NA,NA,0,NA,NA,0,NA,NA,0,NA,NA,0
"Callicebus moloch",NA,NA,1,NA,NA,0,NA,NA,0,NA,NA,0
"Callicebus oenanthe",NA,NA,4,NA,NA,0,NA,NA,0,NA,NA,0
"Callimedusa tomopterna",NA,NA,0,NA,NA,0,NA,NA,0,NA,NA,0
"Callimico goeldii",0.161579119044284,"Trending I",21,NA,NA,1,0.112558648194218,"Trending I",5,0.0709159666393713,"Type II",6
"Callinectes sapidus",NA,NA,0,NA,NA,0,NA,NA,0,NA,NA,0
"Callionymus bairdi",NA,NA,0,NA,NA,0,NA,NA,0,NA,NA,0
"Calliophis intestinalis",NA,NA,0,NA,NA,0,NA,NA,0,NA,NA,0
"Callipepla californica",NA,NA,0,NA,NA,0,NA,NA,0,NA,NA,0
"Callipepla douglasii",NA,NA,0,NA,NA,0,NA,NA,0,NA,NA,0
"Callipepla gambelii",0.356765937615624,"Type I",16,NA,NA,0,NA,NA,4,NA,NA,4
"Callipepla squamata",NA,NA,0,NA,NA,0,NA,NA,0,NA,NA,0
"Callisaurus draconoides",NA,NA,10,NA,NA,0,NA,NA,0,NA,NA,0
"Callithrix geoffroyi",0.132200308945073,"Trending I",24,NA,NA,0,0.125,"Trending I",2,0.125,"Trending I",2
"Callithrix jacchus",0.19084880335942,"Trending I",14,0.135,"Trending I",2,0.181413637357162,"Trending I",3,0.295618574544096,"Trending I",5
"Callithrix kuhlii",0.0804634980487915,"Type II",5,NA,NA,0,NA,NA,0,NA,NA,0
"Callithrix penicillata",0.0338584488669219,"Type II",8,NA,NA,0,NA,NA,1,NA,NA,1
"Callocephalon fimbriatum",NA,NA,0,NA,NA,0,NA,NA,0,NA,NA,0
"Callogobius maculipinnis",NA,NA,0,NA,NA,0,NA,NA,0,NA,NA,0
"Callonetta leucophrys",NA,NA,2,NA,NA,2,NA,NA,0,NA,NA,2
"Calloplesiops altivelis",NA,NA,0,NA,NA,0,NA,NA,0,NA,NA,0
"Callorhinus ursinus",0.112434537115522,"Trending I",9,0.185,"Trending I",2,NA,NA,0,0.185,"Trending I",2
"Callosciurus prevostii",0.0867138287304529,"Type II",22,0.065,"Type II",4,0.0224589029990914,"Type II",5,0.0582135621395047,"Type II",9
"Callosciurus quinquestriatus",NA,NA,0,NA,NA,0,NA,NA,0,NA,NA,0
"Calloselasma rhodostoma",NA,NA,0,NA,NA,0,NA,NA,0,NA,NA,0
"Callospermophilus lateralis",NA,NA,1,NA,NA,0,NA,NA,0,NA,NA,0
"Calocitta colliei",NA,NA,5,NA,NA,0,NA,NA,0,NA,NA,0
"Caloenas nicobarica",NA,NA,0,NA,NA,0,NA,NA,0,NA,NA,0
"Calotes versicolor",NA,NA,1,NA,NA,0,NA,NA,0,NA,NA,0
"Calotriton arnoldi",NA,NA,0,NA,NA,0,NA,NA,0,NA,NA,0
"Calotriton asper",NA,NA,0,NA,NA,0,NA,NA,0,NA,NA,0
"Calumma brevicornis",NA,NA,0,NA,NA,0,NA,NA,0,NA,NA,0
"Calumma parsonii",NA,NA,13,NA,NA,0,NA,NA,2,NA,NA,2
"Calumma tarzan",NA,NA,0,NA,NA,0,NA,NA,0,NA,NA,0
"Calypte anna",NA,NA,1,NA,NA,0,NA,NA,0,NA,NA,0
"Calypte costae",-0.239158340760674,"Trending III",7,NA,NA,0,-0.425,"Type III",2,-0.425,"Type III",2
"Calyptomena viridis",NA,NA,15,NA,NA,0,NA,NA,1,NA,NA,1
"Calyptorhynchus banksii",NA,NA,0,NA,NA,0,NA,NA,0,NA,NA,0
"Calyptorhynchus latirostris",NA,NA,4,NA,NA,0,NA,NA,0,NA,NA,0
"Camelus bactrianus",0.0435993997822744,"Type II",12,-0.0449999999999999,"Type II",2,0.0368285460339447,"Type II",5,0.0226793655505242,"Type II",7
"Camelus dromedarius",0.173611906187485,"Trending I",14,-0.08,"Type II",2,0.1,"Type II",2,0.0653157916834936,"Type II",4
"Campostoma anomalum",NA,NA,0,NA,NA,0,NA,NA,0,NA,NA,0
"Campylorhynchus brunneicapillus",NA,NA,0,NA,NA,0,NA,NA,0,NA,NA,0
"Cancer pagurus",NA,NA,0,NA,NA,0,NA,NA,0,NA,NA,0
"Cancer productus",NA,NA,0,NA,NA,0,NA,NA,0,NA,NA,0
"Candoia aspera",NA,NA,1,NA,NA,0,NA,NA,0,NA,NA,0
"Candoia bibroni",NA,NA,2,NA,NA,0,NA,NA,0,NA,NA,0
"Candoia carinata",NA,NA,0,NA,NA,0,NA,NA,0,NA,NA,0
"Canis latrans",0.17342702860333,"Trending I",25,0.144766600048714,"Trending I",10,0.325,"Type I",2,0.198544704882332,"Trending I",12
"Canis lupus",0.23074200482633,"Trending I",177,0.160164018354457,"Trending I",86,0.211272725098975,"Trending I",28,0.229576987027831,"Trending I",114
"Canis lupus familiaris",NA,NA,1,NA,NA,0,NA,NA,0,NA,NA,0
"Canis mesomelas",0.395,"Type I",2,NA,NA,0,0.395,"Type I",2,0.395,"Type I",2
"Canis rufus",NA,NA,0,NA,NA,0,NA,NA,0,NA,NA,0
"Canius lupus",NA,NA,0,NA,NA,0,NA,NA,0,NA,NA,0
"Cantherhines macrocerus",NA,NA,0,NA,NA,0,NA,NA,0,NA,NA,0
"Canthidermis maculata",NA,NA,0,NA,NA,0,NA,NA,0,NA,NA,0
"Canthigaster punctatissima",NA,NA,0,NA,NA,0,NA,NA,0,NA,NA,0
"Canthigaster sanctaehelenae",NA,NA,0,NA,NA,0,NA,NA,0,NA,NA,0
"Canthigaster valentini",NA,NA,0,NA,NA,0,NA,NA,0,NA,NA,0
"Cantoria annulata",NA,NA,0,NA,NA,0,NA,NA,0,NA,NA,0
"Capito niger",NA,NA,1,NA,NA,0,NA,NA,0,NA,NA,0
"Capra aegagrus",NA,NA,0,NA,NA,0,NA,NA,0,NA,NA,0
"Capra falconeri",0.133306645914703,"Trending I",15,NA,NA,1,0.349041735928579,"Type I",3,0.265195500086539,"Trending I",4
"Capra hircus",0.167860892101808,"Trending I",255,0.167682793644713,"Trending I",86,0.196402148097309,"Trending I",70,0.178723073075373,"Trending I",156
"Capra ibex",NA,NA,0,NA,NA,0,NA,NA,0,NA,NA,0
"Capra nubiana",0.246576531216636,"Trending I",30,0.297020867964289,"Trending I",3,0.253976145663945,"Trending I",3,0.314526006195579,"Type I",6
"Capra pyrenaica",0.315,"Type I",2,NA,NA,0,NA,NA,0,NA,NA,0
"Capricornis crispus",0.233539594610668,"Trending I",5,NA,NA,1,NA,NA,0,NA,NA,1
"Capromys pilorides",NA,NA,2,NA,NA,1,NA,NA,1,NA,NA,2
"Capropygia unistriata",NA,NA,0,NA,NA,0,NA,NA,0,NA,NA,0
"Caracal caracal",0.273776671206705,"Trending I",16,NA,NA,0,0.216546487678573,"Trending I",3,0.216546487678573,"Trending I",3
"Caracara cheriway",NA,NA,0,NA,NA,0,NA,NA,0,NA,NA,0
"Caracara plancus",NA,NA,0,NA,NA,0,NA,NA,0,NA,NA,0
"Carangoides bartholomaei",NA,NA,0,NA,NA,0,NA,NA,0,NA,NA,0
"Carangoides gymnostethus",NA,NA,0,NA,NA,0,NA,NA,0,NA,NA,0
"Carangoides praeustus",NA,NA,0,NA,NA,0,NA,NA,0,NA,NA,0
"Caranx caninus",NA,NA,0,NA,NA,0,NA,NA,0,NA,NA,0
"Caranx crysos",NA,NA,1,NA,NA,0,NA,NA,0,NA,NA,0
"Caranx latus",NA,NA,0,NA,NA,0,NA,NA,0,NA,NA,0
"Caranx melampygus",NA,NA,0,NA,NA,0,NA,NA,0,NA,NA,0
"Caranx ruber",NA,NA,0,NA,NA,0,NA,NA,0,NA,NA,0
"Caranx senegallus",NA,NA,0,NA,NA,0,NA,NA,0,NA,NA,0
"Caranx sexfasciatus",NA,NA,0,NA,NA,0,NA,NA,0,NA,NA,0
"Carassius auratus",-0.414374455100283,"Type III",5,-0.375,"Type III",2,NA,NA,0,-0.375,"Type III",2
"Carassius gibelio",NA,NA,0,NA,NA,0,NA,NA,0,NA,NA,0
"Carausius morosus",NA,NA,0,NA,NA,0,NA,NA,0,NA,NA,0
"Carcharhinus acronotus",NA,NA,0,NA,NA,0,NA,NA,0,NA,NA,0
"Carcharhinus altimus",NA,NA,0,NA,NA,0,NA,NA,0,NA,NA,0
"Carcharhinus amblyrhynchos",NA,NA,0,NA,NA,0,NA,NA,0,NA,NA,0
"Carcharhinus brevipinna",NA,NA,0,NA,NA,0,NA,NA,0,NA,NA,0
"Carcharhinus galapagensis",NA,NA,0,NA,NA,0,NA,NA,0,NA,NA,0
"Carcharhinus leucas",NA,NA,0,NA,NA,0,NA,NA,0,NA,NA,0
"Carcharhinus limbatus",NA,NA,0,NA,NA,0,NA,NA,0,NA,NA,0
"Carcharhinus longimanus",NA,NA,0,NA,NA,0,NA,NA,0,NA,NA,0
"Carcharhinus melanopterus",NA,NA,0,NA,NA,0,NA,NA,0,NA,NA,0
"Carcharhinus perezii",NA,NA,0,NA,NA,0,NA,NA,0,NA,NA,0
"Carcharhinus plumbeus",NA,NA,0,NA,NA,0,NA,NA,0,NA,NA,0
"Carcharias taurus",NA,NA,3,NA,NA,0,NA,NA,0,NA,NA,0
"Carcharodon carcharias",NA,NA,0,NA,NA,0,NA,NA,0,NA,NA,0
"Cardellina pusilla",NA,NA,0,NA,NA,0,NA,NA,0,NA,NA,0
"Cardinalis cardinalis",NA,NA,1,NA,NA,1,NA,NA,0,NA,NA,1
"Carduelis barbata",NA,NA,0,NA,NA,0,NA,NA,0,NA,NA,0
"Carduelis cannabina",NA,NA,0,NA,NA,0,NA,NA,0,NA,NA,0
"Carduelis carduelis",NA,NA,0,NA,NA,0,NA,NA,0,NA,NA,0
"Carduelis cucullata",NA,NA,0,NA,NA,0,NA,NA,0,NA,NA,0
"Carduelis lawrencei",NA,NA,0,NA,NA,0,NA,NA,0,NA,NA,0
"Carduelis magellanica",NA,NA,0,NA,NA,0,NA,NA,0,NA,NA,0
"Carduelis pinus",NA,NA,0,NA,NA,0,NA,NA,0,NA,NA,0
"Carduelis spinus",NA,NA,0,NA,NA,0,NA,NA,0,NA,NA,0
"Carduelis tristis",NA,NA,0,NA,NA,0,NA,NA,0,NA,NA,0
"Careproctus reinhardti",NA,NA,0,NA,NA,0,NA,NA,0,NA,NA,0
"Caretta caretta",NA,NA,0,NA,NA,0,NA,NA,0,NA,NA,0
"Carettochelys insculpta",-0.295544221132724,"Trending III",7,NA,NA,0,NA,NA,0,NA,NA,0
"Cariama cristata",NA,NA,6,NA,NA,0,NA,NA,0,NA,NA,0
"Caribena versicolor",NA,NA,0,NA,NA,0,NA,NA,0,NA,NA,0
"Carlia parrhasius",NA,NA,0,NA,NA,0,NA,NA,0,NA,NA,0
"Carlia scirtetis",NA,NA,0,NA,NA,0,NA,NA,0,NA,NA,0
"Carnegiella strigata",NA,NA,0,NA,NA,0,NA,NA,0,NA,NA,0
"Carollia perspicillata",0.0696387908318504,"Type II",28,-0.145,"Trending III",6,0.1201123953171,"Trending I",5,0.0708312199113183,"Type II",11
"Carpiodes cyprinus",NA,NA,0,NA,NA,0,NA,NA,0,NA,NA,0
"Carpococcyx renauldi",NA,NA,0,NA,NA,0,NA,NA,0,NA,NA,0
"Carpodacus mexicanus",NA,NA,0,NA,NA,0,NA,NA,0,NA,NA,0
"Carpodacus purpureus",NA,NA,0,NA,NA,0,NA,NA,0,NA,NA,0
"Carpodectes nitidus",NA,NA,1,NA,NA,0,NA,NA,0,NA,NA,0
"Caryocorbula oropendula",NA,NA,0,NA,NA,0,NA,NA,0,NA,NA,0
"Caryothraustes canadensis",NA,NA,0,NA,NA,0,NA,NA,0,NA,NA,0
"Castor canadensis",0.043220846272489,"Type II",27,NA,NA,0,NA,NA,1,NA,NA,1
"Casuarius casuarius",NA,NA,0,NA,NA,0,NA,NA,0,NA,NA,0
"Catagonus wagneri",-0.395,"Type III",13,NA,NA,5,NA,NA,2,NA,NA,7
"Cathartes aura",NA,NA,1,NA,NA,1,NA,NA,0,NA,NA,1
"Cathartes burrovianus",NA,NA,2,NA,NA,0,NA,NA,2,NA,NA,2
"Catostomus insignis",NA,NA,0,NA,NA,0,NA,NA,0,NA,NA,0
"Catostylus mosaicus",NA,NA,0,NA,NA,0,NA,NA,0,NA,NA,0
"Caulastraea furcata",NA,NA,0,NA,NA,0,NA,NA,0,NA,NA,0
"Caulolatilus affinis",NA,NA,0,NA,NA,0,NA,NA,0,NA,NA,0
"Caulolatilus princeps",NA,NA,1,NA,NA,0,NA,NA,0,NA,NA,0
"Causus maculatus",NA,NA,0,NA,NA,0,NA,NA,0,NA,NA,0
"Cavia fulgida",NA,NA,289,NA,NA,106,NA,NA,65,NA,NA,171
"Cavia porcellus",0.160165002837724,"Trending I",46,-0.020073424505773,"Type II",19,-0.0796598143060425,"Type II",10,0.0313344755908245,"Type II",29
"Cavia tschudii",NA,NA,0,NA,NA,0,NA,NA,0,NA,NA,0
"Cebidichthys violaceus",NA,NA,1,NA,NA,0,NA,NA,0,NA,NA,0
"Cebuella pygmaea",0.120652243601656,"Trending I",67,NA,NA,1,0.0685476804341146,"Type II",7,0.0682793765483368,"Type II",8
"Cebus albifrons",NA,NA,0,NA,NA,0,NA,NA,0,NA,NA,0
"Cebus apella",0.116776472125697,"Trending I",19,0.085,"Type II",2,-0.103896815543969,"Trending III",6,0.0404248125036058,"Type II",8
"Cebus capucinus",NA,NA,0,NA,NA,0,NA,NA,0,NA,NA,0
"Cebus imitator",NA,NA,0,NA,NA,0,NA,NA,0,NA,NA,0
"Cebus olivaceus",NA,NA,0,NA,NA,0,NA,NA,0,NA,NA,0
"Celestus occiduus",NA,NA,0,NA,NA,0,NA,NA,0,NA,NA,0
"Celestus warreni",NA,NA,0,NA,NA,0,NA,NA,0,NA,NA,0
"Cemophora coccinea",NA,NA,1,NA,NA,0,NA,NA,0,NA,NA,0
"Centriscus cristatus",NA,NA,0,NA,NA,0,NA,NA,0,NA,NA,0
"Centrobranchus nigroocellatus",NA,NA,0,NA,NA,0,NA,NA,0,NA,NA,0
"Centrochelys sulcata",-0.181978257468385,"Trending III",24,-0.25,"Trending III",2,-0.37,"Type III",8,-0.313488188796639,"Type III",10
"Centrolene ilex",NA,NA,0,NA,NA,0,NA,NA,0,NA,NA,0
"Centrolene prosoblepon",NA,NA,0,NA,NA,0,NA,NA,0,NA,NA,0
"Centrolophus niger",NA,NA,0,NA,NA,0,NA,NA,0,NA,NA,0
"Centropomus parallelus",NA,NA,0,NA,NA,0,NA,NA,0,NA,NA,0
"Centropomus undecimalis",NA,NA,0,NA,NA,0,NA,NA,0,NA,NA,0
"Centropristis ocyurus",NA,NA,0,NA,NA,0,NA,NA,0,NA,NA,0
"Centropristis philadelphica",NA,NA,0,NA,NA,0,NA,NA,0,NA,NA,0
"Centropristis striata",NA,NA,1,NA,NA,1,NA,NA,0,NA,NA,1
"Centropyge acanthops",NA,NA,0,NA,NA,0,NA,NA,0,NA,NA,0
"Centropyge argi",NA,NA,0,NA,NA,0,NA,NA,0,NA,NA,0
"Centropyge bicolor",NA,NA,0,NA,NA,0,NA,NA,0,NA,NA,0
"Centropyge bispinosa",NA,NA,0,NA,NA,0,NA,NA,0,NA,NA,0
"Centropyge flavissima",NA,NA,0,NA,NA,0,NA,NA,0,NA,NA,0
"Centropyge interrupta",NA,NA,0,NA,NA,0,NA,NA,0,NA,NA,0
"Centropyge loriculus",NA,NA,0,NA,NA,0,NA,NA,0,NA,NA,0
"Centroscyllium fabricii",NA,NA,0,NA,NA,0,NA,NA,0,NA,NA,0
"Centruroides gracilis",NA,NA,0,NA,NA,0,NA,NA,0,NA,NA,0
"Centruroides sculpturatus",NA,NA,0,NA,NA,0,NA,NA,0,NA,NA,0
"Centruroides vittatus",NA,NA,0,NA,NA,0,NA,NA,0,NA,NA,0
"Cepaea hortensis",NA,NA,0,NA,NA,0,NA,NA,0,NA,NA,0
"Cephalopholis argus",NA,NA,0,NA,NA,0,NA,NA,0,NA,NA,0
"Cephalopholis miniata",NA,NA,0,NA,NA,0,NA,NA,0,NA,NA,0
"Cephalopholis oligosticta",NA,NA,0,NA,NA,0,NA,NA,0,NA,NA,0
"Cephalopholis urodeta",NA,NA,0,NA,NA,0,NA,NA,0,NA,NA,0
"Cephalophus dorsalis",NA,NA,1,NA,NA,0,NA,NA,0,NA,NA,0
"Cephalophus jentinki",-0.19,"Trending III",2,NA,NA,0,NA,NA,0,NA,NA,0
"Cephalophus monticola",0.0727584768715867,"Type II",11,NA,NA,0,NA,NA,1,NA,NA,1
"Cephalophus niger",0.083586915257011,"Type II",19,NA,NA,1,NA,NA,1,NA,NA,2
"Cephalophus rufilatus",0.113495155644684,"Trending I",23,NA,NA,0,-0.277705068310384,"Trending III",3,-0.277705068310384,"Trending III",3
"Cephalophus silvicultor",0.200532911274463,"Trending I",25,0.104792403682568,"Trending I",10,NA,NA,1,0.190258877106183,"Trending I",11
"Cephalopterus ornatus",NA,NA,0,NA,NA,0,NA,NA,0,NA,NA,0
"Cephalopterus penduliger",NA,NA,0,NA,NA,0,NA,NA,0,NA,NA,0
"Cephalorhynchus commersonii",NA,NA,0,NA,NA,0,NA,NA,0,NA,NA,0
"Cephaloscyllium fasciatum",NA,NA,0,NA,NA,0,NA,NA,0,NA,NA,0
"Cephaloscyllium laticeps",NA,NA,0,NA,NA,0,NA,NA,0,NA,NA,0
"Cepphus columba",NA,NA,0,NA,NA,0,NA,NA,0,NA,NA,0
"Cerastes cerastes",0.106303065187868,"Trending I",3,NA,NA,1,NA,NA,0,NA,NA,1
"Ceratias holboelli",NA,NA,0,NA,NA,0,NA,NA,0,NA,NA,0
"Ceratobatrachus guentheri",NA,NA,0,NA,NA,0,NA,NA,0,NA,NA,0
"Ceratophrys cornuta",-0.0758842489101493,"Type II",3,NA,NA,0,NA,NA,0,NA,NA,0
"Ceratophrys cranwelli",NA,NA,0,NA,NA,0,NA,NA,0,NA,NA,0
"Ceratophrys ornata",0.0201794443328803,"Type II",21,-0.155,"Trending III",2,NA,NA,0,-0.155,"Trending III",2
"Ceratopipra erythrocephala",NA,NA,0,NA,NA,0,NA,NA,0,NA,NA,0
"Ceratopipra mentalis",NA,NA,0,NA,NA,0,NA,NA,0,NA,NA,0
"Ceratotherium simum",0.271943469005294,"Trending I",19,0.437952955815622,"Type I",5,NA,NA,0,0.437952955815622,"Type I",5
"Cercartetus concinnus",NA,NA,0,NA,NA,0,NA,NA,0,NA,NA,0
"Cercocebus agilis",NA,NA,1,NA,NA,0,NA,NA,0,NA,NA,0
"Cercocebus atys",NA,NA,0,NA,NA,0,NA,NA,0,NA,NA,0
"Cercocebus chrysogaster",NA,NA,0,NA,NA,0,NA,NA,0,NA,NA,0
"Cercocebus torquatus",0.00784467373629,"Type II",3,NA,NA,0,NA,NA,0,NA,NA,0
"Cercopithecus ascanius",NA,NA,3,NA,NA,2,NA,NA,0,NA,NA,2
"Cercopithecus cephus",NA,NA,1,NA,NA,0,NA,NA,0,NA,NA,0
"Cercopithecus diana",0.254995778216109,"Trending I",17,0.406035327578565,"Type I",5,0.252737056144691,"Trending I",3,0.354068905956085,"Type I",8
"Cercopithecus hamlyni",0.169376079593471,"Trending I",24,0.18,"Trending I",2,0.19440227289286,"Trending I",3,0.231008635807793,"Trending I",5
"Cercopithecus lhoesti",NA,NA,0,NA,NA,0,NA,NA,0,NA,NA,0
"Cercopithecus mitis",NA,NA,1,NA,NA,0,NA,NA,0,NA,NA,0
"Cercopithecus mona",0.095,"Type II",2,NA,NA,0,0.095,"Type II",2,0.095,"Type II",2
"Cercopithecus neglectus",0.109578357592586,"Trending I",14,NA,NA,0,0.0533659166810898,"Type II",4,0.0533659166810898,"Type II",4
"Cercopithecus nictitans",NA,NA,1,NA,NA,0,NA,NA,0,NA,NA,0
"Cercopithecus petaurista",0.0909473750504809,"Type II",4,0.325,"Type I",2,NA,NA,0,0.325,"Type I",2
"Cercopithecus pogonias",NA,NA,1,NA,NA,0,NA,NA,0,NA,NA,0
"Cercopithecus wolfi",NA,NA,0,NA,NA,0,NA,NA,0,NA,NA,0
"Cereopsis novaehollandiae",0.064267010604435,"Type II",3,NA,NA,0,NA,NA,0,NA,NA,0
"Cerorhinca monocerata",-0.11,"Trending III",2,NA,NA,0,NA,NA,0,NA,NA,0
"Cerrophidion godmani",NA,NA,0,NA,NA,0,NA,NA,0,NA,NA,0
"Cervus albirostris",NA,NA,0,NA,NA,0,NA,NA,0,NA,NA,0
"Cervus canadensis",NA,NA,0,NA,NA,0,NA,NA,0,NA,NA,0
"Cervus duvaucelii",NA,NA,1,NA,NA,0,NA,NA,0,NA,NA,0
"Cervus elaphus",NA,NA,1,NA,NA,0,NA,NA,0,NA,NA,0
"Cervus eldii",0.315,"Type I",3,0.315,"Type I",3,NA,NA,0,0.315,"Type I",3
"Cervus nippon",0.151551742979547,"Trending I",24,0.170137363479203,"Trending I",8,0.015,"Type II",2,0.179525114991429,"Trending I",10
"Cetoscarus bicolor",NA,NA,0,NA,NA,0,NA,NA,0,NA,NA,0
"Ceuthmochares aereus",NA,NA,0,NA,NA,0,NA,NA,0,NA,NA,0
"Ceyx pictus",NA,NA,0,NA,NA,0,NA,NA,0,NA,NA,0
"Chacophrys pierottii",NA,NA,0,NA,NA,0,NA,NA,0,NA,NA,0
"Chaetodermis penicilligerus",NA,NA,0,NA,NA,0,NA,NA,0,NA,NA,0
"Chaetodipterus faber",NA,NA,0,NA,NA,0,NA,NA,0,NA,NA,0
"Chaetodipus baileyi",NA,NA,0,NA,NA,0,NA,NA,0,NA,NA,0
"Chaetodon auriga",NA,NA,0,NA,NA,0,NA,NA,0,NA,NA,0
"Chaetodon capistratus",NA,NA,0,NA,NA,0,NA,NA,0,NA,NA,0
"Chaetodon citrinellus",NA,NA,0,NA,NA,0,NA,NA,0,NA,NA,0
"Chaetodon collare",NA,NA,0,NA,NA,0,NA,NA,0,NA,NA,0
"Chaetodon ephippium",NA,NA,0,NA,NA,0,NA,NA,0,NA,NA,0
"Chaetodon flavocoronatus",NA,NA,0,NA,NA,0,NA,NA,0,NA,NA,0
"Chaetodon fremblii",NA,NA,0,NA,NA,0,NA,NA,0,NA,NA,0
"Chaetodon hoefleri",NA,NA,0,NA,NA,0,NA,NA,0,NA,NA,0
"Chaetodon kleinii",NA,NA,0,NA,NA,0,NA,NA,0,NA,NA,0
"Chaetodon lineolatus",NA,NA,0,NA,NA,0,NA,NA,0,NA,NA,0
"Chaetodon lunula",NA,NA,0,NA,NA,0,NA,NA,0,NA,NA,0
"Chaetodon melannotus",NA,NA,0,NA,NA,0,NA,NA,0,NA,NA,0
"Chaetodon multicinctus",NA,NA,0,NA,NA,0,NA,NA,0,NA,NA,0
"Chaetodon ocellatus",NA,NA,0,NA,NA,0,NA,NA,0,NA,NA,0
"Chaetodon quadrimaculatus",NA,NA,0,NA,NA,0,NA,NA,0,NA,NA,0
"Chaetodon sedentarius",NA,NA,0,NA,NA,0,NA,NA,0,NA,NA,0
"Chaetodon semilarvatus",NA,NA,0,NA,NA,0,NA,NA,0,NA,NA,0
"Chaetodon striatus",NA,NA,0,NA,NA,0,NA,NA,0,NA,NA,0
"Chaetodon ulietensis",NA,NA,0,NA,NA,0,NA,NA,0,NA,NA,0
"Chaetodon unimaculatus",NA,NA,0,NA,NA,0,NA,NA,0,NA,NA,0
"Chaetodontoplus duboulayi",NA,NA,0,NA,NA,0,NA,NA,0,NA,NA,0
"Chaetophractus vellerosus",0.0448487404854158,"Type II",3,NA,NA,0,NA,NA,0,NA,NA,0
"Chaetophractus villosus",NA,NA,0,NA,NA,0,NA,NA,0,NA,NA,0
"Chaetura pelagica",NA,NA,0,NA,NA,0,NA,NA,0,NA,NA,0
"Chaetura vauxi",NA,NA,0,NA,NA,0,NA,NA,0,NA,NA,0
"Chalarodon madagascariensis",NA,NA,0,NA,NA,0,NA,NA,0,NA,NA,0
"Chalcides ocellatus",NA,NA,0,NA,NA,0,NA,NA,0,NA,NA,0
"Chalcophaps indica",NA,NA,22,NA,NA,1,NA,NA,0,NA,NA,1
"Chalcophaps stephani",NA,NA,2,NA,NA,0,NA,NA,0,NA,NA,0
"Chalcopsitta atra",-0.108518791625801,"Trending III",4,-0.105,"Trending III",2,NA,NA,0,-0.105,"Trending III",2
"Chalcopsitta cardinalis",NA,NA,1,NA,NA,0,NA,NA,1,NA,NA,1
"Chalcopsitta duivenbodei",NA,NA,0,NA,NA,0,NA,NA,0,NA,NA,0
"Chalcopsitta sintillata",NA,NA,1,NA,NA,0,NA,NA,0,NA,NA,0
"Chamaeleo bitaeniatus",NA,NA,0,NA,NA,0,NA,NA,0,NA,NA,0
"Chamaeleo calyptratus",NA,NA,30,NA,NA,6,NA,NA,2,NA,NA,8
"Chamaeleo deremensis",NA,NA,0,NA,NA,0,NA,NA,0,NA,NA,0
"Chamaeleo dilepis",NA,NA,0,NA,NA,0,NA,NA,0,NA,NA,0
"Chamaeleo ellioti",NA,NA,0,NA,NA,0,NA,NA,0,NA,NA,0
"Chamaeleo hoehnelii",NA,NA,0,NA,NA,0,NA,NA,0,NA,NA,0
"Chamaeleo jacksonii",NA,NA,1,NA,NA,0,NA,NA,0,NA,NA,0
"Chamaeleo johnstoni",NA,NA,1,NA,NA,0,NA,NA,0,NA,NA,0
"Chamaeleo melleri",NA,NA,0,NA,NA,0,NA,NA,0,NA,NA,0
"Chamaeleo pfefferi",NA,NA,0,NA,NA,0,NA,NA,0,NA,NA,0
"Chamaeleo quadricornis",NA,NA,0,NA,NA,0,NA,NA,0,NA,NA,0
"Chamaeleo tempeli",NA,NA,0,NA,NA,0,NA,NA,0,NA,NA,0
"Channa micropeltes",NA,NA,1,NA,NA,0,NA,NA,0,NA,NA,0
"Channallabes apus",NA,NA,0,NA,NA,0,NA,NA,0,NA,NA,0
"Chanos chanos",NA,NA,0,NA,NA,0,NA,NA,0,NA,NA,0
"Charadrius alexandrinus",NA,NA,0,NA,NA,0,NA,NA,0,NA,NA,0
"Charadrius melodus",NA,NA,0,NA,NA,0,NA,NA,0,NA,NA,0
"Charadrius nivosus",NA,NA,0,NA,NA,0,NA,NA,0,NA,NA,0
"Charadrius semipalmatus",NA,NA,1,NA,NA,0,NA,NA,0,NA,NA,0
"Charadrius vociferus",0.095,"Type II",3,NA,NA,0,NA,NA,0,NA,NA,0
"Charina bottae",-0.072491198689577,"Type II",7,0.065,"Type II",2,NA,NA,0,0.065,"Type II",2
"Lichanura trivirgata",NA,NA,5,NA,NA,5,NA,NA,0,NA,NA,5
"Charmosyna aureicincta",NA,NA,0,NA,NA,0,NA,NA,0,NA,NA,0
"Charmosyna multistriata",NA,NA,0,NA,NA,0,NA,NA,0,NA,NA,0
"Charmosyna papou",-0.0722253056571462,"Type II",12,NA,NA,0,-0.325,"Type III",2,-0.325,"Type III",2
"Charmosyna placentis",NA,NA,6,NA,NA,0,NA,NA,0,NA,NA,0
"Charmosyna stellae",NA,NA,0,NA,NA,0,NA,NA,0,NA,NA,0
"Chasmistes liorus",NA,NA,1,NA,NA,0,NA,NA,0,NA,NA,0
"Chaudhuria caudata",NA,NA,0,NA,NA,0,NA,NA,0,NA,NA,0
"Chauna torquata",NA,NA,0,NA,NA,0,NA,NA,0,NA,NA,0
"Cheilinus chlorourus",NA,NA,0,NA,NA,0,NA,NA,0,NA,NA,0
"Cheilinus undulatus",NA,NA,0,NA,NA,0,NA,NA,0,NA,NA,0
"Cheilodactylus nigripes",NA,NA,0,NA,NA,0,NA,NA,0,NA,NA,0
"Cheilodactylus vestitus",NA,NA,0,NA,NA,0,NA,NA,0,NA,NA,0
"Cheilotrema saturnum",NA,NA,0,NA,NA,0,NA,NA,0,NA,NA,0
"Cheirogaleus medius",0.0752059991327963,"Type II",5,0.085,"Type II",2,0.035,"Type II",2,0.072233083338141,"Type II",4
"Chela cachius",NA,NA,0,NA,NA,0,NA,NA,0,NA,NA,0
"Chelidonichthys spinosus",NA,NA,0,NA,NA,0,NA,NA,0,NA,NA,0
"Chelmon rostratus",NA,NA,0,NA,NA,0,NA,NA,0,NA,NA,0
"Chelodina ",NA,NA,0,NA,NA,0,NA,NA,0,NA,NA,0
"Chelodina canni",NA,NA,0,NA,NA,0,NA,NA,0,NA,NA,0
"Chelodina longicollis",NA,NA,0,NA,NA,0,NA,NA,0,NA,NA,0
"Chelodina mccordi",NA,NA,11,NA,NA,0,NA,NA,3,NA,NA,3
"Chelodina novaeguineae",NA,NA,0,NA,NA,0,NA,NA,0,NA,NA,0
"Chelodina reimanni",NA,NA,0,NA,NA,0,NA,NA,0,NA,NA,0
"Chelodina rugosa",NA,NA,1,NA,NA,0,NA,NA,0,NA,NA,0
"Chelodina siebenrocki",NA,NA,0,NA,NA,0,NA,NA,0,NA,NA,0
"Chelonia mydas",NA,NA,1,NA,NA,1,NA,NA,0,NA,NA,1
"Chelonoidis becki",NA,NA,0,NA,NA,0,NA,NA,0,NA,NA,0
"Chelonoidis carbonaria",-0.173928772411669,"Trending III",8,NA,NA,0,NA,NA,0,NA,NA,0
"Chelonoidis carbonarius",0.0382111684340725,"Type II",3,NA,NA,0,NA,NA,0,NA,NA,0
"Chelonoidis chilensis",0.33,"Type I",4,NA,NA,0,NA,NA,0,NA,NA,0
"Chelonoidis denticulata",NA,NA,1,NA,NA,0,NA,NA,0,NA,NA,0
"Chelonoidis denticulatus",-0.0347485420463063,"Type II",5,NA,NA,1,NA,NA,0,NA,NA,1
"Chelonoidis nigra",-0.34307654207068,"Type III",13,-0.435,"Type III",2,NA,NA,0,-0.435,"Type III",2
"Chelus fimbriata",NA,NA,0,NA,NA,0,NA,NA,0,NA,NA,0
"Chelus fimbriatus",0.0854522872335839,"Type II",25,NA,NA,2,NA,NA,0,NA,NA,2
"Chelydra serpentina",NA,NA,0,NA,NA,0,NA,NA,0,NA,NA,0
"Chen caerulescens",-0.01,"Type II",2,NA,NA,0,NA,NA,0,NA,NA,0
"Chen canagica",0.085,"Type II",4,NA,NA,0,NA,NA,0,NA,NA,0
"Chen rossii",0.1,"Type II",2,NA,NA,0,NA,NA,0,NA,NA,0
"Chenonetta jubata",NA,NA,6,NA,NA,0,NA,NA,0,NA,NA,0
"Chersina angulata",-0.487262943855309,"Type III",3,NA,NA,0,NA,NA,0,NA,NA,0
"Chilabothrus exsul",0.32820936736177,"Type I",5,NA,NA,0,0.425,"Type I",4,0.425,"Type I",4
"Chilabothrus granti",NA,NA,0,NA,NA,0,NA,NA,0,NA,NA,0
"Chiloglanis trilobatus",NA,NA,0,NA,NA,0,NA,NA,0,NA,NA,0
"Chilomycterus schoepfii",NA,NA,1,NA,NA,0,NA,NA,0,NA,NA,0
"Chiloscyllium arabicum",NA,NA,0,NA,NA,0,NA,NA,0,NA,NA,0
"Chiloscyllium plagiosum",-0.380711601214085,"Type III",5,NA,NA,0,NA,NA,0,NA,NA,0
"Chiloscyllium punctatum",NA,NA,0,NA,NA,0,NA,NA,0,NA,NA,0
"Chilotilapia rhoadesii",NA,NA,0,NA,NA,0,NA,NA,0,NA,NA,0
"Chimaera monstrosa",NA,NA,0,NA,NA,0,NA,NA,0,NA,NA,0
"Chinchilla brevicaudata",0.167490449547209,"Trending I",89,0.0838254399413907,"Type II",6,-0.0403759374819711,"Type II",4,0.109511703622219,"Trending I",10
"Chinchilla chinchilla",0.368951810198164,"Type I",5,0.405,"Type I",4,NA,NA,1,0.368951810198164,"Type I",5
"Chinchilla lanigera",0.0612734863307925,"Type II",6,NA,NA,1,NA,NA,1,NA,NA,2
"Chinemys megalocephala",NA,NA,0,NA,NA,0,NA,NA,0,NA,NA,0
"Chinemys reevesii",NA,NA,0,NA,NA,0,NA,NA,0,NA,NA,0
"Chirocentrus nudus",NA,NA,0,NA,NA,0,NA,NA,0,NA,NA,0
"Chirolophis decoratus",NA,NA,0,NA,NA,0,NA,NA,0,NA,NA,0
"Chirolophis nugator",NA,NA,0,NA,NA,0,NA,NA,0,NA,NA,0
"Chiromantis inexpectatus",NA,NA,0,NA,NA,0,NA,NA,0,NA,NA,0
"Chiromantis rufescens",NA,NA,0,NA,NA,0,NA,NA,0,NA,NA,0
"Chiromantis xerampelina",NA,NA,0,NA,NA,0,NA,NA,0,NA,NA,0
"Chironectes minimus",0.0650000000000001,"Type II",2,NA,NA,0,NA,NA,1,NA,NA,1
"Chiropotes chiropotes",NA,NA,0,NA,NA,0,NA,NA,0,NA,NA,0
"Chiropotes satanas",NA,NA,0,NA,NA,0,NA,NA,0,NA,NA,0
"Chitala ornata",NA,NA,0,NA,NA,0,NA,NA,0,NA,NA,0
"Chitonotus pugetensis",NA,NA,0,NA,NA,0,NA,NA,0,NA,NA,0
"Chitra chitra",NA,NA,0,NA,NA,0,NA,NA,0,NA,NA,0
"Chitra indica",NA,NA,5,NA,NA,0,NA,NA,0,NA,NA,0
"Chlamydosaurus kingii",0.185426306198652,"Trending I",28,0.055,"Type II",2,NA,NA,3,0.159741122893817,"Trending I",5
"Chlamydotis undulata",NA,NA,0,NA,NA,0,NA,NA,0,NA,NA,0
"Chloephaga melanoptera",NA,NA,0,NA,NA,0,NA,NA,0,NA,NA,0
"Chloephaga picta",NA,NA,4,NA,NA,1,NA,NA,0,NA,NA,1
"Chloephaga rubidiceps",NA,NA,3,NA,NA,1,NA,NA,0,NA,NA,1
"Chloris chloris",NA,NA,0,NA,NA,0,NA,NA,0,NA,NA,0
"Chlorocebus aethiops",NA,NA,0,NA,NA,0,NA,NA,0,NA,NA,0
"Chlorocebus pygerythrus",-0.085,"Type II",2,NA,NA,0,NA,NA,0,NA,NA,0
"Chlorocebus sabaeus",NA,NA,1,NA,NA,0,NA,NA,0,NA,NA,0
"Chlorodrepanis virens",NA,NA,0,NA,NA,0,NA,NA,0,NA,NA,0
"Chlorophanes spiza",NA,NA,0,NA,NA,0,NA,NA,0,NA,NA,0
"Chlorophonia cyanea",NA,NA,0,NA,NA,0,NA,NA,0,NA,NA,0
"Chlorophonia flavirostris",NA,NA,0,NA,NA,0,NA,NA,0,NA,NA,0
"Chlorophonia pyrrhophrys",NA,NA,0,NA,NA,0,NA,NA,0,NA,NA,0
"Chloropsis aurifrons",NA,NA,0,NA,NA,0,NA,NA,0,NA,NA,0
"Chloropsis cochinchinensis",NA,NA,0,NA,NA,0,NA,NA,0,NA,NA,0
"Chloropsis sonnerati",NA,NA,1,NA,NA,0,NA,NA,0,NA,NA,0
"Chloropsis venusta",NA,NA,0,NA,NA,0,NA,NA,0,NA,NA,0
"Chlorospingus flavopectus",NA,NA,1,NA,NA,0,NA,NA,0,NA,NA,0
"Chlorurus perspicillatus",NA,NA,0,NA,NA,0,NA,NA,0,NA,NA,0
"Chlorurus sordidus",NA,NA,0,NA,NA,0,NA,NA,0,NA,NA,0
"Chlosyne gabbii",NA,NA,0,NA,NA,0,NA,NA,0,NA,NA,0
"Choerodon cephalotes",NA,NA,0,NA,NA,0,NA,NA,0,NA,NA,0
"Choerodon fasciatus",NA,NA,0,NA,NA,0,NA,NA,0,NA,NA,0
"Choeronycteris mexicana",NA,NA,0,NA,NA,0,NA,NA,0,NA,NA,0
"Choloepus didactylus",0.0621955869168421,"Type II",28,-0.0366014876606086,"Type II",9,0.106454324702452,"Trending I",3,0.0592382183606286,"Type II",12
"Choloepus hoffmanni",0.0771828078384565,"Type II",14,0.052397603162912,"Type II",8,NA,NA,1,0.0895777896250071,"Type II",9
"Chondrodactylus angulifer",NA,NA,1,NA,NA,0,NA,NA,0,NA,NA,0
"Chonerhinos naritus",NA,NA,0,NA,NA,0,NA,NA,0,NA,NA,0
"Chordeiles acutipennis",NA,NA,0,NA,NA,0,NA,NA,0,NA,NA,0
"Chroicocephalus cirrocephalus",NA,NA,2,NA,NA,0,NA,NA,0,NA,NA,0
"Chroicocephalus philadelphia",NA,NA,1,NA,NA,0,NA,NA,0,NA,NA,0
"Chromatopelma cyaneopubescens",NA,NA,0,NA,NA,0,NA,NA,0,NA,NA,0
"Chromis atripectoralis",NA,NA,0,NA,NA,0,NA,NA,0,NA,NA,0
"Chromis caerulea",NA,NA,0,NA,NA,0,NA,NA,0,NA,NA,0
"Chromis chromis",NA,NA,0,NA,NA,0,NA,NA,0,NA,NA,0
"Chromis cyanea",NA,NA,0,NA,NA,0,NA,NA,0,NA,NA,0
"Chromis dispilus",NA,NA,0,NA,NA,0,NA,NA,0,NA,NA,0
"Chromis multilineata",NA,NA,0,NA,NA,0,NA,NA,0,NA,NA,0
"Chromis nitida",NA,NA,0,NA,NA,0,NA,NA,0,NA,NA,0
"Chromis punctipinnis",NA,NA,0,NA,NA,0,NA,NA,0,NA,NA,0
"Chromis viridis",NA,NA,0,NA,NA,0,NA,NA,0,NA,NA,0
"Chromis xouthos",NA,NA,0,NA,NA,0,NA,NA,0,NA,NA,0
"Chromobotia macracanthus",NA,NA,0,NA,NA,0,NA,NA,0,NA,NA,0
"Chrosomus erythrogaster",NA,NA,0,NA,NA,0,NA,NA,0,NA,NA,0
"Chrotomys whiteheadi",NA,NA,0,NA,NA,0,NA,NA,0,NA,NA,0
"Chrotopterus auritus",NA,NA,28,NA,NA,1,NA,NA,1,NA,NA,2
"Chrysaora blossevillei",NA,NA,0,NA,NA,0,NA,NA,0,NA,NA,0
"Chrysaora fuscescens",NA,NA,0,NA,NA,0,NA,NA,0,NA,NA,0
"Chrysaora pacifica",NA,NA,0,NA,NA,0,NA,NA,0,NA,NA,0
"Chrysemys picta",NA,NA,0,NA,NA,0,NA,NA,0,NA,NA,0
"Chrysichthys auratus",NA,NA,0,NA,NA,0,NA,NA,0,NA,NA,0
"Chrysiptera parasema",NA,NA,0,NA,NA,0,NA,NA,0,NA,NA,0
"Chrysocolaptes lucidus",NA,NA,1,NA,NA,0,NA,NA,0,NA,NA,0
"Chrysocyon brachyurus",0.287188566759219,"Trending I",67,0.314074619822197,"Type I",40,0.267159186011916,"Trending I",13,0.303594919758681,"Type I",53
"Chrysolophus amherstiae",NA,NA,0,NA,NA,0,NA,NA,0,NA,NA,0
"Chrysolophus pictus",0.243586896190589,"Trending I",20,0.281004257891714,"Trending I",4,NA,NA,4,0.281004257891714,"Trending I",8
"Chrysomus icterocephalus",NA,NA,2,NA,NA,0,NA,NA,0,NA,NA,0
"Chrysopelea ornata",-0.495,"Type III",2,NA,NA,0,NA,NA,0,NA,NA,0
"Chrysophlegma flavinucha",NA,NA,1,NA,NA,1,NA,NA,0,NA,NA,1
"Chunga burmeisteri",NA,NA,0,NA,NA,0,NA,NA,0,NA,NA,0
"Cichla ocellaris",NA,NA,0,NA,NA,0,NA,NA,0,NA,NA,0
"Cichla piquiti",NA,NA,0,NA,NA,0,NA,NA,0,NA,NA,0
"Cichlasoma bocourti",NA,NA,0,NA,NA,0,NA,NA,0,NA,NA,0
"Cichlasoma salvini",NA,NA,0,NA,NA,0,NA,NA,0,NA,NA,0
"Cichlasoma urophthalmum",NA,NA,0,NA,NA,0,NA,NA,0,NA,NA,0
"Cicinnurus magnificus",NA,NA,0,NA,NA,0,NA,NA,0,NA,NA,0
"Ciconia abdimii",-0.0840537430051225,"Type II",10,NA,NA,0,NA,NA,0,NA,NA,0
"Ciconia ciconia",0.189590642030962,"Trending I",6,NA,NA,1,NA,NA,0,NA,NA,1
"Ciconia episcopus",NA,NA,1,NA,NA,0,NA,NA,0,NA,NA,0
"Ciconia maguari",NA,NA,3,NA,NA,0,NA,NA,0,NA,NA,0
"Ciconia nigra",NA,NA,0,NA,NA,0,NA,NA,0,NA,NA,0
"Ciconia stormi",NA,NA,1,NA,NA,1,NA,NA,0,NA,NA,1
"Cinclosoma castanotus",NA,NA,0,NA,NA,0,NA,NA,0,NA,NA,0
"Cinnyricinclus leucogaster",NA,NA,11,NA,NA,0,NA,NA,0,NA,NA,0
"Cinnyris pulchellus",NA,NA,0,NA,NA,0,NA,NA,0,NA,NA,0
"Circus cyaneus",NA,NA,0,NA,NA,0,NA,NA,0,NA,NA,0
"Cirrhigaleus asper",NA,NA,0,NA,NA,0,NA,NA,0,NA,NA,0
"Cirrhilabrus aurantidorsalis",NA,NA,0,NA,NA,0,NA,NA,0,NA,NA,0
"Cirrhilabrus exquisitus",NA,NA,0,NA,NA,0,NA,NA,0,NA,NA,0
"Cirrhilabrus rubrimarginatus",NA,NA,0,NA,NA,0,NA,NA,0,NA,NA,0
"Cirrhilabrus rubrisquamis",NA,NA,0,NA,NA,0,NA,NA,0,NA,NA,0
"Cirrhilabrus solorensis",NA,NA,0,NA,NA,0,NA,NA,0,NA,NA,0
"Cirrhitichthys aprinus",NA,NA,0,NA,NA,0,NA,NA,0,NA,NA,0
"Cirrhitichthys oxycephalus",NA,NA,0,NA,NA,0,NA,NA,0,NA,NA,0
"Cirripectes castaneus",NA,NA,0,NA,NA,0,NA,NA,0,NA,NA,0
"Cissa hypoleuca",NA,NA,0,NA,NA,0,NA,NA,0,NA,NA,0
"Cissa thalassina",NA,NA,0,NA,NA,0,NA,NA,0,NA,NA,0
"Citharichthys sordidus",NA,NA,0,NA,NA,0,NA,NA,0,NA,NA,0
"Citharichthys stigmaeus",NA,NA,0,NA,NA,0,NA,NA,0,NA,NA,0
"Clangula hyemalis",NA,NA,1,NA,NA,0,NA,NA,0,NA,NA,0
"Claravis pretiosa",NA,NA,8,NA,NA,1,NA,NA,0,NA,NA,1
"Clarias batrachus",NA,NA,0,NA,NA,0,NA,NA,0,NA,NA,0
"Clarias cavernicola",NA,NA,0,NA,NA,0,NA,NA,0,NA,NA,0
"Clarias gariepinus",NA,NA,0,NA,NA,0,NA,NA,0,NA,NA,0
"Clarotes laticeps",NA,NA,0,NA,NA,0,NA,NA,0,NA,NA,0
"Claudius angustatus",NA,NA,1,NA,NA,0,NA,NA,0,NA,NA,0
"Cleithracara maronii",NA,NA,0,NA,NA,0,NA,NA,0,NA,NA,0
"Clemmys guttata",0.43,"Type I",5,NA,NA,1,NA,NA,0,NA,NA,1
"Clepticus parrae",NA,NA,0,NA,NA,0,NA,NA,0,NA,NA,0
"Cleptornis marchei",NA,NA,2,NA,NA,0,NA,NA,0,NA,NA,0
"Clethrionomys rutilus",NA,NA,0,NA,NA,0,NA,NA,0,NA,NA,0
"Clinostomus elongatus",NA,NA,0,NA,NA,0,NA,NA,0,NA,NA,0
"Clinotarsus curtipes",NA,NA,0,NA,NA,0,NA,NA,0,NA,NA,0
"Clonophis kirtlandii",-0.0840160770599665,"Type II",12,-0.0832548103570576,"Type II",3,NA,NA,0,-0.0832548103570576,"Type II",3
"Clupea harengus",NA,NA,0,NA,NA,0,NA,NA,0,NA,NA,0
"Clupea pallasii",NA,NA,0,NA,NA,0,NA,NA,0,NA,NA,0
"Cnemidophorus gularis",NA,NA,0,NA,NA,0,NA,NA,0,NA,NA,0
"Cnemidophorus lemniscatus",NA,NA,1,NA,NA,0,NA,NA,0,NA,NA,0
"Cnemidophorus sexlineatus",NA,NA,0,NA,NA,0,NA,NA,0,NA,NA,0
"Cnemidophorus sonorae",NA,NA,0,NA,NA,0,NA,NA,0,NA,NA,0
"Cnemidophorus tigris",NA,NA,0,NA,NA,0,NA,NA,0,NA,NA,0
"Cnemidophorus uniparens",NA,NA,0,NA,NA,0,NA,NA,0,NA,NA,0
"Coccopygia melanotis",NA,NA,0,NA,NA,0,NA,NA,0,NA,NA,0
"Coccopygia quartinia",NA,NA,0,NA,NA,0,NA,NA,0,NA,NA,0
"Coccothraustes vespertinaus",NA,NA,0,NA,NA,0,NA,NA,0,NA,NA,0
"Coccycolius iris",NA,NA,0,NA,NA,0,NA,NA,0,NA,NA,0
"Coccyzus americanus",NA,NA,0,NA,NA,0,NA,NA,0,NA,NA,0
"Coccyzus erythropthalmus",NA,NA,0,NA,NA,0,NA,NA,0,NA,NA,0
"Cochlearius cochlearius",NA,NA,0,NA,NA,0,NA,NA,0,NA,NA,0
"Cochranella granulosa",NA,NA,0,NA,NA,0,NA,NA,0,NA,NA,0
"Coelognathus helena",NA,NA,0,NA,NA,0,NA,NA,0,NA,NA,0
"Coelognathus radiata",NA,NA,0,NA,NA,0,NA,NA,0,NA,NA,0
"Coelognathus subradiatus",NA,NA,0,NA,NA,0,NA,NA,0,NA,NA,0
"Coelorinchus maurofasciatus",NA,NA,0,NA,NA,0,NA,NA,0,NA,NA,0
"Coendou mexicanus",NA,NA,0,NA,NA,0,NA,NA,0,NA,NA,0
"Coendou prehensilis",0.255,"Trending I",2,0.255,"Trending I",2,NA,NA,0,0.255,"Trending I",2
"Coendou rothschildi",0.0977328381240176,"Type II",12,NA,NA,2,-0.285,"Trending III",2,0.0128766615705969,"Type II",4
"Coenobita variabilis",NA,NA,0,NA,NA,0,NA,NA,0,NA,NA,0
"Coereba flaveola",-0.31186446132322,"Type III",3,NA,NA,0,NA,NA,0,NA,NA,0
"Colaptes auratus",NA,NA,1,NA,NA,0,NA,NA,0,NA,NA,0
"Colaptes chrysoides",NA,NA,0,NA,NA,0,NA,NA,0,NA,NA,0
"Coleonyx mitratus",NA,NA,5,NA,NA,1,NA,NA,0,NA,NA,1
"Coleonyx reticulatus",NA,NA,1,NA,NA,0,NA,NA,0,NA,NA,0
"Coleonyx variegatus",NA,NA,0,NA,NA,0,NA,NA,0,NA,NA,0
"Colibri coruscans",NA,NA,1,NA,NA,0,NA,NA,0,NA,NA,0
"Colibri thalassinus",NA,NA,1,NA,NA,0,NA,NA,1,NA,NA,1
"Colinus leucopogon",NA,NA,14,NA,NA,1,NA,NA,1,NA,NA,2
"Colinus virginianus",0.304696495409881,"Type I",19,0.205,"Trending I",4,NA,NA,2,0.306820819400235,"Type I",6
"Colius striatus",NA,NA,0,NA,NA,0,NA,NA,0,NA,NA,0
"Colobus angolensis",-0.26,"Trending III",2,NA,NA,0,NA,NA,0,NA,NA,0
"Colobus guereza",0.188119224332639,"Trending I",62,-0.0352506249879807,"Type II",5,0.0917318333621795,"Type II",4,0.0856056551284693,"Type II",9
"Colossoma macropomum",NA,NA,0,NA,NA,0,NA,NA,0,NA,NA,0
"Coluber constrictor",NA,NA,0,NA,NA,0,NA,NA,0,NA,NA,0
"Coluber flagellum",NA,NA,1,NA,NA,1,NA,NA,0,NA,NA,1
"Coluber mormon",NA,NA,0,NA,NA,0,NA,NA,0,NA,NA,0
"Columba guinea",NA,NA,0,NA,NA,0,NA,NA,0,NA,NA,0
"Columba hodgsonii",NA,NA,0,NA,NA,0,NA,NA,0,NA,NA,0
"Columba livia",-0.225950783200057,"Trending III",35,-0.262834540042163,"Trending III",6,-0.168333333333333,"Trending III",4,-0.197983524118548,"Trending III",10
"Columba rupestris",NA,NA,0,NA,NA,0,NA,NA,0,NA,NA,0
"Columbina cruziana",NA,NA,4,NA,NA,0,NA,NA,1,NA,NA,1
"Columbina inca",-0.10801754164984,"Trending III",4,NA,NA,1,-0.16,"Trending III",2,-0.0858086191528571,"Type II",3
"Columbina minuta",NA,NA,1,NA,NA,0,NA,NA,0,NA,NA,0
"Columbina talpacoti",NA,NA,2,NA,NA,0,NA,NA,0,NA,NA,0
"Conepatus semistriatus",NA,NA,27,NA,NA,7,NA,NA,7,NA,NA,14
"Congrogadus subducens",NA,NA,0,NA,NA,0,NA,NA,0,NA,NA,0
"Coniophanes imperialis",NA,NA,0,NA,NA,0,NA,NA,0,NA,NA,0
"Connochaetes gnou",NA,NA,0,NA,NA,0,NA,NA,0,NA,NA,0
"Connochaetes taurinus",0.201801006349862,"Trending I",35,NA,NA,1,NA,NA,1,0.12,"Trending I",2
"Conraua goliath",NA,NA,0,NA,NA,0,NA,NA,0,NA,NA,0
"Cookeolus japonicus",NA,NA,0,NA,NA,0,NA,NA,0,NA,NA,0
"Copella arnoldi",NA,NA,0,NA,NA,0,NA,NA,0,NA,NA,0
"Cophixalus ornatus",NA,NA,0,NA,NA,0,NA,NA,0,NA,NA,0
"Cophosaurus texanus",NA,NA,0,NA,NA,0,NA,NA,0,NA,NA,0
"Copsychus cebuensis",NA,NA,7,NA,NA,0,NA,NA,1,NA,NA,1
"Copsychus malabaricus",NA,NA,14,NA,NA,0,NA,NA,0,NA,NA,0
"Copsychus saularis",-0.162839081514093,"Trending III",7,NA,NA,0,NA,NA,0,NA,NA,0
"Coracias benghalensis",NA,NA,3,NA,NA,1,NA,NA,1,NA,NA,2
"Coracias caudatus",0.160914791702724,"Trending I",5,NA,NA,1,NA,NA,0,NA,NA,1
"Coracias cyanogaster",NA,NA,24,NA,NA,0,NA,NA,1,NA,NA,1
"Coracias spatulatus",NA,NA,0,NA,NA,0,NA,NA,0,NA,NA,0
"Coracopsis nigra",NA,NA,0,NA,NA,0,NA,NA,0,NA,NA,0
"Coracopsis vasa",NA,NA,0,NA,NA,0,NA,NA,0,NA,NA,0
"Coragyps atratus",NA,NA,1,NA,NA,0,NA,NA,0,NA,NA,0
"Corallus annulatus",0.0600609434704203,"Type II",23,NA,NA,0,NA,NA,0,NA,NA,0
"Corallus caninus",0.257629030034838,"Trending I",62,0.145,"Trending I",4,0.355948760571433,"Type I",3,0.293405934844036,"Trending I",7
"Corallus cookii",0.21,"Trending I",2,NA,NA,0,NA,NA,0,NA,NA,0
"Corallus hortulanus",0.162778764594495,"Trending I",8,NA,NA,1,NA,NA,0,NA,NA,1
"Cordylus cataphractus",NA,NA,0,NA,NA,0,NA,NA,0,NA,NA,0
"Cordylus jonesii",NA,NA,0,NA,NA,0,NA,NA,0,NA,NA,0
"Cordylus tropidosternum",NA,NA,0,NA,NA,0,NA,NA,0,NA,NA,0
"Coregonus artedi",NA,NA,0,NA,NA,0,NA,NA,0,NA,NA,0
"Coregonus clupeaformis",NA,NA,1,NA,NA,0,NA,NA,0,NA,NA,0
"Coris aygula",NA,NA,0,NA,NA,0,NA,NA,0,NA,NA,0
"Coris picta",NA,NA,0,NA,NA,0,NA,NA,0,NA,NA,0
"Cornufer guentheri",NA,NA,0,NA,NA,0,NA,NA,0,NA,NA,0
"Correlophus ciliatus",NA,NA,0,NA,NA,0,NA,NA,0,NA,NA,0
"Corucia zebrata",-0.13,"Trending III",2,NA,NA,0,NA,NA,0,NA,NA,0
"Corvinella melanoleuca",NA,NA,0,NA,NA,0,NA,NA,0,NA,NA,0
"Corvus albicollis",NA,NA,0,NA,NA,0,NA,NA,0,NA,NA,0
"Corvus albus",NA,NA,1,NA,NA,0,NA,NA,0,NA,NA,0
"Corvus brachyrhynchos",NA,NA,0,NA,NA,0,NA,NA,0,NA,NA,0
"Corvus caurinus",NA,NA,1,NA,NA,1,NA,NA,0,NA,NA,1
"Corvus corax",-0.184051775421237,"Trending III",3,NA,NA,1,NA,NA,0,NA,NA,1
"Corvus cryptoleucus",NA,NA,0,NA,NA,0,NA,NA,0,NA,NA,0
"Corvus monedula",NA,NA,0,NA,NA,0,NA,NA,0,NA,NA,0
"Corvus ossifragus",NA,NA,0,NA,NA,0,NA,NA,0,NA,NA,0
"Corydoras acutus",NA,NA,0,NA,NA,0,NA,NA,0,NA,NA,0
"Corydoras hastatus",NA,NA,0,NA,NA,0,NA,NA,0,NA,NA,0
"Corydoras melini",NA,NA,0,NA,NA,0,NA,NA,0,NA,NA,0
"Corydoras paleatus",NA,NA,0,NA,NA,0,NA,NA,0,NA,NA,0
"Corydoras pygmaeus",NA,NA,0,NA,NA,0,NA,NA,0,NA,NA,0
"Corydoras schwartzi",NA,NA,0,NA,NA,0,NA,NA,0,NA,NA,0
"Corydoras trilineatus",NA,NA,0,NA,NA,0,NA,NA,0,NA,NA,0
"Coryphaena equiselis",NA,NA,0,NA,NA,0,NA,NA,0,NA,NA,0
"Coryphaena hippurus",NA,NA,0,NA,NA,0,NA,NA,0,NA,NA,0
"Coryphospingus cucullatus",NA,NA,9,NA,NA,0,NA,NA,1,NA,NA,1
"Corythaeola cristata",NA,NA,5,NA,NA,1,NA,NA,0,NA,NA,1
"Corythaixoides concolor",NA,NA,4,NA,NA,0,NA,NA,1,NA,NA,1
"Corythaixoides leucogaster",NA,NA,0,NA,NA,0,NA,NA,0,NA,NA,0
"Corythoichthys amplexus",NA,NA,0,NA,NA,0,NA,NA,0,NA,NA,0
"Corythoichthys flavofasciatus",NA,NA,0,NA,NA,0,NA,NA,0,NA,NA,0
"Corytophanes cristatus",-0.355366494697782,"Type III",5,NA,NA,0,NA,NA,0,NA,NA,0
"Corytophanes percarinatus",NA,NA,0,NA,NA,0,NA,NA,0,NA,NA,0
"Coscinasterias calamaria",NA,NA,0,NA,NA,0,NA,NA,0,NA,NA,0
"Coscinodon calyptratus",NA,NA,0,NA,NA,0,NA,NA,0,NA,NA,0
"Coscoroba coscoroba",NA,NA,10,NA,NA,0,NA,NA,3,NA,NA,3
"Cosmopsarus regius",NA,NA,4,NA,NA,0,NA,NA,0,NA,NA,0
"Cossypha albicapilla",NA,NA,0,NA,NA,0,NA,NA,0,NA,NA,0
"Cossypha caffra",NA,NA,3,NA,NA,0,NA,NA,0,NA,NA,0
"Cossypha niveicapilla",NA,NA,13,NA,NA,0,NA,NA,1,NA,NA,1
"Cotinga cayana",NA,NA,6,NA,NA,0,NA,NA,1,NA,NA,1
"Cottus bairdii",NA,NA,0,NA,NA,0,NA,NA,0,NA,NA,0
"Cottus carolinae",NA,NA,0,NA,NA,0,NA,NA,0,NA,NA,0
"Cottus cognatus",NA,NA,0,NA,NA,0,NA,NA,0,NA,NA,0
"Coturnix chinensis",NA,NA,4,NA,NA,3,NA,NA,0,NA,NA,3
"Coturnix coturnix",NA,NA,1,NA,NA,0,NA,NA,0,NA,NA,0
"Coturnix japonica",NA,NA,0,NA,NA,0,NA,NA,0,NA,NA,0
"Coua cristata",NA,NA,1,NA,NA,0,NA,NA,0,NA,NA,0
"Coua cursor",NA,NA,0,NA,NA,0,NA,NA,0,NA,NA,0
"Crangon crangon",NA,NA,0,NA,NA,0,NA,NA,0,NA,NA,0
"Crateromys heaneyi",-0.0349856959032047,"Type II",11,NA,NA,3,NA,NA,3,NA,NA,6
"Craugastor alfredi",NA,NA,0,NA,NA,0,NA,NA,0,NA,NA,0
"Craugastor augusti",NA,NA,0,NA,NA,0,NA,NA,0,NA,NA,0
"Craugastor crassidigitus",NA,NA,0,NA,NA,0,NA,NA,0,NA,NA,0
"Craugastor punctariolus",NA,NA,0,NA,NA,0,NA,NA,0,NA,NA,0
"Crax alberti",NA,NA,2,NA,NA,0,NA,NA,0,NA,NA,0
"Crax daubentoni",NA,NA,1,NA,NA,0,NA,NA,0,NA,NA,0
"Crax fasciolata",NA,NA,3,NA,NA,1,NA,NA,1,NA,NA,2
"Crax globulosa",0.445,"Type I",3,0.445,"Type I",2,NA,NA,1,0.445,"Type I",3
"Crax rubra",0.00066416671474373,"Type II",5,NA,NA,0,NA,NA,0,NA,NA,0
"Creatophora cinerea",NA,NA,5,NA,NA,0,NA,NA,0,NA,NA,0
"Crenicichla saxatilis",NA,NA,0,NA,NA,0,NA,NA,0,NA,NA,0
"Cricetomys gambianus",0.095,"Type II",2,NA,NA,0,NA,NA,0,NA,NA,0
"Cricetulus barabensis",NA,NA,0,NA,NA,0,NA,NA,0,NA,NA,0
"Cricetulus griseus",NA,NA,0,NA,NA,0,NA,NA,0,NA,NA,0
"Cricetulus longicaudatus",0.18867169546431,"Trending I",16,NA,NA,6,NA,NA,2,NA,NA,8
"Cricetus cricetus",NA,NA,0,NA,NA,0,NA,NA,0,NA,NA,0
"Crinifer piscator",NA,NA,15,NA,NA,0,NA,NA,0,NA,NA,0
"Crithagra flaviventris",NA,NA,0,NA,NA,0,NA,NA,0,NA,NA,0
"Crithagra leucopygius",NA,NA,0,NA,NA,0,NA,NA,0,NA,NA,0
"Crocodylus acutus",NA,NA,0,NA,NA,0,NA,NA,0,NA,NA,0
"Crocodylus intermedius",-0.4,"Type III",2,NA,NA,0,NA,NA,0,NA,NA,0
"Crocodylus mindorensis",NA,NA,0,NA,NA,0,NA,NA,0,NA,NA,0
"Crocodylus moreletii",NA,NA,0,NA,NA,0,NA,NA,0,NA,NA,0
"Crocodylus niloticus",NA,NA,0,NA,NA,0,NA,NA,0,NA,NA,0
"Crocodylus palustris",NA,NA,0,NA,NA,0,NA,NA,0,NA,NA,0
"Crocodylus porosus",NA,NA,0,NA,NA,0,NA,NA,0,NA,NA,0
"Crocodylus rhombifer",-0.375,"Type III",2,NA,NA,0,NA,NA,0,NA,NA,0
"Crocodylus siamensis",NA,NA,1,NA,NA,0,NA,NA,0,NA,NA,0
"Crocuta crocuta",0.145161265202002,"Trending I",7,0.143927892607144,"Trending I",6,NA,NA,0,0.143927892607144,"Trending I",6
"Cromileptes altivelis",NA,NA,0,NA,NA,0,NA,NA,0,NA,NA,0
"Crossarchus obscurus",0.1,"Trending I",2,NA,NA,1,NA,NA,0,NA,NA,1
"Crossocheilus latius",NA,NA,0,NA,NA,0,NA,NA,0,NA,NA,0
"Crossocheilus oblongus",NA,NA,0,NA,NA,0,NA,NA,0,NA,NA,0
"Crossoptilon crossoptilon",NA,NA,4,NA,NA,0,NA,NA,1,NA,NA,1
"Crotalus adamanteus",0.244308366367067,"Trending I",25,0.296053100392881,"Trending I",9,NA,NA,0,0.296053100392881,"Trending I",9
"Crotalus aquilus",NA,NA,0,NA,NA,0,NA,NA,0,NA,NA,0
"Crotalus atrox",0.170196819589065,"Trending I",19,0.335,"Type I",7,NA,NA,1,0.25707065515713,"Trending I",8
"Crotalus basiliscus",0.268123884588102,"Trending I",4,NA,NA,2,NA,NA,1,0.465,"Type I",3
"Crotalus catalinensis",NA,NA,1,NA,NA,0,NA,NA,0,NA,NA,0
"Crotalus cerastes",0.0554677947243841,"Type II",16,0.0377769584559299,"Type II",4,NA,NA,1,0.0302826199525537,"Type II",5
"Crotalus cerberus",NA,NA,0,NA,NA,0,NA,NA,0,NA,NA,0
"Crotalus durissus",0.271710771377972,"Trending I",12,0.198804451133027,"Trending I",7,NA,NA,0,0.198804451133027,"Trending I",7
"Crotalus enyo",NA,NA,1,NA,NA,1,NA,NA,0,NA,NA,1
"Crotalus horridus",0.128247768047132,"Trending I",34,0.129499298990047,"Trending I",10,-0.135,"Trending III",2,0.11123112991598,"Trending I",12
"Crotalus lepidus",-0.049240114449738,"Type II",48,-0.168300749985577,"Trending III",4,0.005,"Type II",2,-0.0573056730272248,"Type II",6
"Crotalus mitchelli",0.151561942294051,"Trending I",3,NA,NA,1,NA,NA,0,NA,NA,1
"Crotalus mitchellii",0.322277670587742,"Type I",14,0.298941391330013,"Trending I",6,NA,NA,0,0.298941391330013,"Trending I",6
"Crotalus molossus",0.279239281647528,"Trending I",29,0.22109662125158,"Trending I",8,0.055,"Type II",2,0.208936388900808,"Trending I",10
"Crotalus oreganus",0.13153660914673,"Trending I",6,0.035,"Type II",2,NA,NA,0,0.035,"Type II",2
"Crotalus polystictus",0.0788202138685347,"Type II",39,NA,NA,0,NA,NA,1,NA,NA,1
"Crotalus pricei",0.251677828258752,"Trending I",8,-0.145,"Trending III",2,NA,NA,0,-0.145,"Trending III",2
"Crotalus ruber",0.00577278532083952,"Type II",7,-0.005,"Type II",2,NA,NA,2,-0.005,"Type II",4
"Crotalus scutulatus",0.055,"Type II",10,NA,NA,3,NA,NA,0,NA,NA,3
"Crotalus simus",NA,NA,0,NA,NA,0,NA,NA,0,NA,NA,0
"Crotalus tigris",-0.00325481035705766,"Type II",3,NA,NA,0,NA,NA,0,NA,NA,0
"Crotalus totonacus",NA,NA,0,NA,NA,0,NA,NA,0,NA,NA,0
"Crotalus triseriatus",NA,NA,0,NA,NA,0,NA,NA,0,NA,NA,0
"Crotalus viridis",0.103385130328353,"Trending I",11,-0.0667568437316205,"Type II",3,NA,NA,0,-0.0667568437316205,"Type II",3
"Crotalus willardi",0.0918468917063501,"Type II",19,NA,NA,0,0.115,"Trending I",5,0.115,"Trending I",5
"Crotaphytus bicinctores",NA,NA,0,NA,NA,0,NA,NA,0,NA,NA,0
"Crotaphytus collaris",NA,NA,20,NA,NA,3,NA,NA,1,NA,NA,4
"Crotaphytus reticulatus",NA,NA,2,NA,NA,0,NA,NA,0,NA,NA,0
"Cruziohyla craspedopus",NA,NA,0,NA,NA,0,NA,NA,0,NA,NA,0
"Crypsirina temia",NA,NA,0,NA,NA,0,NA,NA,0,NA,NA,0
"Cryptacanthodes giganteus",NA,NA,0,NA,NA,0,NA,NA,0,NA,NA,0
"Cryptobranchus alleganiensis",NA,NA,2,NA,NA,0,NA,NA,0,NA,NA,0
"Cryptocentrus cinctus",NA,NA,0,NA,NA,0,NA,NA,0,NA,NA,0
"Cryptochiton stelleri",NA,NA,0,NA,NA,0,NA,NA,0,NA,NA,0
"Cryptoprocta ferox",0.0451396054259062,"Type II",6,0.176546487678573,"Trending I",3,NA,NA,0,0.176546487678573,"Trending I",3
"Cryptospiza reichenovii",NA,NA,0,NA,NA,0,NA,NA,0,NA,NA,0
"Cryptotis parva",NA,NA,0,NA,NA,0,NA,NA,0,NA,NA,0
"Crypturellus parvirostris",NA,NA,1,NA,NA,0,NA,NA,0,NA,NA,0
"Ctenochaetus strigosus",NA,NA,0,NA,NA,0,NA,NA,0,NA,NA,0
"Ctenochaetus tominiensis",NA,NA,0,NA,NA,0,NA,NA,0,NA,NA,0
"Ctenopharyngodon idella",NA,NA,0,NA,NA,0,NA,NA,0,NA,NA,0
"Ctenopoma acutirostre",NA,NA,0,NA,NA,0,NA,NA,0,NA,NA,0
"Ctenosaura bakeri",NA,NA,1,NA,NA,1,NA,NA,0,NA,NA,1
"Ctenosaura macrolopha",NA,NA,0,NA,NA,0,NA,NA,0,NA,NA,0
"Ctenosaura pectinata",0.17,"Trending I",7,NA,NA,2,NA,NA,0,NA,NA,2
"Ctenosaura similis",-0.105420160813034,"Trending III",5,-0.0676294385530917,"Type II",3,NA,NA,0,-0.0676294385530917,"Type II",3
"Culaea inconstans",NA,NA,0,NA,NA,0,NA,NA,0,NA,NA,0
"Cuniculus paca",-0.381497966625437,"Type III",3,NA,NA,0,NA,NA,0,NA,NA,0
"Cuon alpinus",NA,NA,0,NA,NA,0,NA,NA,0,NA,NA,0
"Cuora amboinensis",NA,NA,0,NA,NA,0,NA,NA,0,NA,NA,0
"Cuora flavomarginata",NA,NA,1,NA,NA,0,NA,NA,0,NA,NA,0
"Cuora galbinifrons",NA,NA,0,NA,NA,0,NA,NA,0,NA,NA,0
"Cuora mccordi",NA,NA,1,NA,NA,0,NA,NA,0,NA,NA,0
"Cuora mouhotii",NA,NA,1,NA,NA,0,NA,NA,0,NA,NA,0
"Cuora pani",NA,NA,0,NA,NA,0,NA,NA,0,NA,NA,0
"Cuora trifasciata",NA,NA,1,NA,NA,0,NA,NA,0,NA,NA,0
"Cuora zhoui",NA,NA,0,NA,NA,0,NA,NA,0,NA,NA,0
"Cyanea capillata",NA,NA,0,NA,NA,0,NA,NA,0,NA,NA,0
"Cyanerpes caeruleus",-0.235754727318432,"Trending III",5,NA,NA,0,NA,NA,0,NA,NA,0
"Cyanerpes cyaneus",-0.106179822042055,"Trending III",9,NA,NA,1,NA,NA,0,NA,NA,1
"Cyanistes caeruleus",NA,NA,0,NA,NA,0,NA,NA,0,NA,NA,0
"Cyanochen cyanoptera",NA,NA,0,NA,NA,0,NA,NA,0,NA,NA,0
"Cyanocitta cristata",0.0509147917027244,"Type II",4,NA,NA,1,NA,NA,0,NA,NA,1
"Cyanocitta stelleri",NA,NA,0,NA,NA,0,NA,NA,0,NA,NA,0
"Cyanocorax beecheii",NA,NA,0,NA,NA,0,NA,NA,0,NA,NA,0
"Cyanocorax chrysops",NA,NA,11,NA,NA,0,NA,NA,0,NA,NA,0
"Cyanocorax mystacalis",NA,NA,4,NA,NA,0,NA,NA,0,NA,NA,0
"Cyanocorax yncas",0.126454324702452,"Trending I",4,NA,NA,0,NA,NA,0,NA,NA,0
"Cyanopica cyanus",NA,NA,9,NA,NA,0,NA,NA,3,NA,NA,3
"Cyanoramphus novaezelandiae",NA,NA,1,NA,NA,0,NA,NA,0,NA,NA,0
"Cyathopharynx furcifer",NA,NA,0,NA,NA,0,NA,NA,0,NA,NA,0
"Cyclemys dentata",NA,NA,3,NA,NA,0,NA,NA,0,NA,NA,0
"Cyclichthys spilostylus",NA,NA,0,NA,NA,0,NA,NA,0,NA,NA,0
"Cyclodomorphus gerrardii",NA,NA,0,NA,NA,0,NA,NA,0,NA,NA,0
"Cyclopes didactylus",NA,NA,0,NA,NA,0,NA,NA,0,NA,NA,0
"Cyclopsitta diophthalma",NA,NA,0,NA,NA,0,NA,NA,0,NA,NA,0
"Cyclopterus lumpus",NA,NA,0,NA,NA,0,NA,NA,0,NA,NA,0
"Cyclorana brevipes",NA,NA,0,NA,NA,0,NA,NA,0,NA,NA,0
"Cyclura collei",NA,NA,8,NA,NA,0,NA,NA,1,NA,NA,1
"Cyclura cornuta",NA,NA,2,NA,NA,0,NA,NA,0,NA,NA,0
"Cyclura cychlura",NA,NA,0,NA,NA,0,NA,NA,0,NA,NA,0
"Cyclura lewisi",NA,NA,0,NA,NA,0,NA,NA,0,NA,NA,0
"Cyclura nubila",NA,NA,1,NA,NA,0,NA,NA,1,NA,NA,1
"Cyclura ricordi",NA,NA,4,NA,NA,0,NA,NA,0,NA,NA,0
"Cygnus atratus",-0.205,"Trending III",2,NA,NA,0,NA,NA,0,NA,NA,0
"Cygnus buccinator",0.163755449116834,"Trending I",8,NA,NA,1,NA,NA,1,-0.115,"Trending III",2
"Cygnus columbianus",0.317187314098017,"Type I",3,NA,NA,0,NA,NA,0,NA,NA,0
"Cygnus cygnus",0.33,"Type I",2,NA,NA,0,NA,NA,0,NA,NA,0
"Cygnus melancoryphus",0.214697391950141,"Trending I",26,0.23184827970831,"Trending I",6,NA,NA,0,0.23184827970831,"Trending I",6
"Cygnus olor",-0.291666666666667,"Trending III",4,NA,NA,0,NA,NA,1,NA,NA,1
"Cylindrophis ruffus",NA,NA,1,NA,NA,1,NA,NA,0,NA,NA,1
"Cymatogaster aggregata",NA,NA,0,NA,NA,0,NA,NA,0,NA,NA,0
"Cymbacephalus beauforti",NA,NA,0,NA,NA,0,NA,NA,0,NA,NA,0
"Cynanthus latirostris",NA,NA,0,NA,NA,0,NA,NA,0,NA,NA,0
"Cynomys ludovicianus",0.19744551511493,"Trending I",90,0.106578688405642,"Trending I",38,0.188073543929088,"Trending I",16,0.219487471229308,"Trending I",54
"Cynops pyrrhogaster",0.284882874365301,"Trending I",5,NA,NA,0,NA,NA,0,NA,NA,0
"Cynoscion nebulosus",NA,NA,1,NA,NA,0,NA,NA,0,NA,NA,0
"Cyphotilapia frontosa",NA,NA,0,NA,NA,0,NA,NA,0,NA,NA,0
"Cyprinella spiloptera",NA,NA,0,NA,NA,0,NA,NA,0,NA,NA,0
"Cyprinodon macularius",NA,NA,0,NA,NA,0,NA,NA,0,NA,NA,0
"Cyprinodon pecosensis",NA,NA,0,NA,NA,0,NA,NA,0,NA,NA,0
"Cyprinodon variegatus",NA,NA,0,NA,NA,0,NA,NA,0,NA,NA,0
"Cyprinus carpio",-0.187819672036238,"Trending III",7,-0.285,"Trending III",2,NA,NA,0,-0.285,"Trending III",2
"Cyrtodactylus peguensis",NA,NA,0,NA,NA,0,NA,NA,0,NA,NA,0
"Cyrtonyx montezumae",NA,NA,3,NA,NA,0,NA,NA,0,NA,NA,0
"Cystophora cristata",NA,NA,0,NA,NA,0,NA,NA,0,NA,NA,0
"Daboia russelii",-0.0388140492857085,"Type II",3,-0.0649999999999999,"Type II",2,NA,NA,0,-0.0649999999999999,"Type II",2
"Dacelo leachii",NA,NA,37,NA,NA,7,NA,NA,4,NA,NA,11
"Dacnis lineata",NA,NA,38,NA,NA,0,NA,NA,1,NA,NA,1
"Dactylopsila trivirgata",0.0764486250264423,"Type II",4,NA,NA,0,NA,NA,1,NA,NA,1
"Dactyloptena orientalis",NA,NA,0,NA,NA,0,NA,NA,0,NA,NA,0
"Dama dama",0.156216418490047,"Trending I",18,0.118333333333333,"Trending I",8,-0.0895351232142713,"Type II",3,0.0984021815303349,"Type II",11
"Damaliscus korrigum",NA,NA,5,NA,NA,0,NA,NA,0,NA,NA,0
"Danaus plexipus",NA,NA,0,NA,NA,0,NA,NA,0,NA,NA,0
"Danio rerio",NA,NA,0,NA,NA,0,NA,NA,0,NA,NA,0
"Darevskia rudis",NA,NA,7,NA,NA,0,NA,NA,1,NA,NA,1
"Dascyllus aruanus",NA,NA,0,NA,NA,0,NA,NA,0,NA,NA,0
"Dascyllus melanurus",NA,NA,0,NA,NA,0,NA,NA,0,NA,NA,0
"Dascyllus trimaculatus",NA,NA,0,NA,NA,0,NA,NA,0,NA,NA,0
"Dasyatis say",NA,NA,5,NA,NA,0,NA,NA,1,NA,NA,1
"Dasypeltis scabra",NA,NA,1,NA,NA,0,NA,NA,0,NA,NA,0
"Dasyprocta punctata",0.232612233148046,"Trending I",40,0.294119242546189,"Trending I",16,0.160733591553652,"Trending I",7,0.292267402727872,"Trending I",23
"Dasypus novemcinctus",-0.105669114486517,"Trending III",10,0.035,"Type II",2,NA,NA,0,0.035,"Type II",2
"Dasyuroides byrnei",0.0946100542199746,"Type II",8,0.0976064181769689,"Type II",5,NA,NA,1,0.0894593346387994,"Type II",6
"Dasyurus maculatus",0.16,"Trending I",6,0.179639463035719,"Trending I",3,NA,NA,0,0.179639463035719,"Trending I",3
"Daubentonia madagascariensis",NA,NA,0,NA,NA,0,NA,NA,0,NA,NA,0
"Deinagkistrodon acutus",NA,NA,2,NA,NA,1,NA,NA,0,NA,NA,1
"Deirochelys reticularia",NA,NA,1,NA,NA,0,NA,NA,0,NA,NA,0
"Delphinapterus leucas",NA,NA,0,NA,NA,0,NA,NA,0,NA,NA,0
"Delphinus delphis",NA,NA,1,NA,NA,0,NA,NA,0,NA,NA,0
"Dendroaspis angusticeps",-0.0607192916161858,"Type II",10,NA,NA,4,NA,NA,1,NA,NA,5
"Dendrobates tinctorius",NA,NA,4,NA,NA,0,NA,NA,0,NA,NA,0
"Dendrochirus brachypterus",NA,NA,0,NA,NA,0,NA,NA,0,NA,NA,0
"Dendrocygna arborea",NA,NA,0,NA,NA,0,NA,NA,0,NA,NA,0
"Dendrocygna autumnalis",0.299981095439663,"Trending I",131,0.38642314085715,"Type I",14,NA,NA,11,0.38642314085715,"Type I",25
"Dendrocygna bicolor",NA,NA,1,NA,NA,0,NA,NA,0,NA,NA,0
"Dendrocygna eytoni",NA,NA,2,NA,NA,1,NA,NA,0,NA,NA,1
"Dendrocygna javanica",NA,NA,4,NA,NA,0,NA,NA,1,NA,NA,1
"Dendrocygna viduata",-0.00750928292032504,"Type II",8,NA,NA,1,NA,NA,1,-0.355,"Type III",2
"Dendrolagus goodfellowi",0.207906459498324,"Trending I",23,0.135,"Trending I",2,0.172799500009615,"Trending I",5,0.19798685891308,"Trending I",7
"Dendrolagus inustus",0.15,"Trending I",2,NA,NA,0,NA,NA,0,NA,NA,0
"Dendrolagus matschiei",NA,NA,0,NA,NA,0,NA,NA,0,NA,NA,0
"Dendropsophus ebraccatus",NA,NA,0,NA,NA,0,NA,NA,0,NA,NA,0
"Dermasterias imbricata",NA,NA,0,NA,NA,0,NA,NA,0,NA,NA,0
"Dermatemys mawii",0.295,"Trending I",2,NA,NA,0,NA,NA,0,NA,NA,0
"Dermatolepis inermis",NA,NA,0,NA,NA,0,NA,NA,0,NA,NA,0
"Dermochelys coriacea",NA,NA,0,NA,NA,0,NA,NA,0,NA,NA,0
"Dermophis mexicanus",0.147968195924142,"Trending I",6,NA,NA,0,NA,NA,0,NA,NA,0
"Deroplatys desiccata",NA,NA,0,NA,NA,0,NA,NA,0,NA,NA,0
"Deroptyus accipitrinus",-0.0199022499567306,"Type II",5,NA,NA,0,NA,NA,2,NA,NA,2
"Desmodus rotundus",-0.232798377680659,"Trending III",5,NA,NA,0,NA,NA,0,NA,NA,0
"Desmognathus auriculatus",NA,NA,0,NA,NA,0,NA,NA,0,NA,NA,0
"Desmognathus fuscus",NA,NA,0,NA,NA,0,NA,NA,0,NA,NA,0
"Desmognathus welteri",NA,NA,0,NA,NA,0,NA,NA,0,NA,NA,0
"Devario aequipinnatus",NA,NA,0,NA,NA,0,NA,NA,0,NA,NA,0
"Diadema setosum",NA,NA,0,NA,NA,0,NA,NA,0,NA,NA,0
"Diadophis punctatus",NA,NA,0,NA,NA,0,NA,NA,0,NA,NA,0
"Diaemus youngi",NA,NA,0,NA,NA,0,NA,NA,0,NA,NA,0
"Dicamptodon tenebrosus",NA,NA,0,NA,NA,0,NA,NA,0,NA,NA,0
"Dicentrarchus labrax",NA,NA,0,NA,NA,0,NA,NA,0,NA,NA,0
"Dicerorhinus sumatrensis",NA,NA,0,NA,NA,0,NA,NA,0,NA,NA,0
"Dinemellia dinemelli",NA,NA,15,NA,NA,0,NA,NA,0,NA,NA,0
"Dinomys branick",NA,NA,0,NA,NA,0,NA,NA,0,NA,NA,0
"Diodon antennatus",NA,NA,0,NA,NA,0,NA,NA,0,NA,NA,0
"Diodon holocanthus",NA,NA,0,NA,NA,0,NA,NA,0,NA,NA,0
"Diodora aspera",NA,NA,0,NA,NA,0,NA,NA,0,NA,NA,0
"Diopsittaca nobilis",NA,NA,0,NA,NA,0,NA,NA,0,NA,NA,0
"Diplectrum rostrum",NA,NA,0,NA,NA,0,NA,NA,0,NA,NA,0
"Diplodus holbrookii",NA,NA,0,NA,NA,0,NA,NA,0,NA,NA,0
"Dipodomys deserti",0.071655521185167,"Type II",8,NA,NA,0,0.247539862100627,"Trending I",4,0.247539862100627,"Trending I",4
"Dipodomys merriami",NA,NA,1,NA,NA,0,NA,NA,0,NA,NA,0
"Dipodomys ordii",NA,NA,1,NA,NA,0,NA,NA,1,NA,NA,1
"Dipsosaurus dorsalis",0.29,"Trending I",8,NA,NA,1,NA,NA,0,NA,NA,1
"Discoglossus nigriventer",NA,NA,0,NA,NA,0,NA,NA,0,NA,NA,0
"Dispholidus typus",NA,NA,1,NA,NA,0,NA,NA,0,NA,NA,0
"Distichodus sexfasciatus",NA,NA,0,NA,NA,0,NA,NA,0,NA,NA,0
"Dolichotis patagonum",0.131637572051343,"Trending I",3,NA,NA,0,NA,NA,0,NA,NA,0
"Dormitator maculatus",NA,NA,0,NA,NA,0,NA,NA,0,NA,NA,0
"Doryrhamphus dactyliophorus",NA,NA,0,NA,NA,0,NA,NA,0,NA,NA,0
"Doryrhamphus excisus",NA,NA,0,NA,NA,0,NA,NA,0,NA,NA,0
"Dracaena guianensis",0.0648192930165625,"Type II",13,NA,NA,1,NA,NA,0,NA,NA,1
"Draco volans",NA,NA,0,NA,NA,0,NA,NA,0,NA,NA,0
"Dromaius novaehollandiae",NA,NA,0,NA,NA,0,NA,NA,0,NA,NA,0
"Drymarchon couperi",NA,NA,1,NA,NA,0,NA,NA,0,NA,NA,0
"Drymarchon melanurus",-0.314127405178529,"Type III",3,NA,NA,0,NA,NA,0,NA,NA,0
"Drymobius margaritiferus",NA,NA,3,NA,NA,0,NA,NA,0,NA,NA,0
"Dryocopus pileatus",NA,NA,0,NA,NA,0,NA,NA,0,NA,NA,0
"Ducula forsteni",NA,NA,79,NA,NA,5,NA,NA,12,NA,NA,17
"Dumetella carolinensis",NA,NA,1,NA,NA,0,NA,NA,0,NA,NA,0
"Duttaphrynus melanostictus",NA,NA,0,NA,NA,0,NA,NA,0,NA,NA,0
"Dyscophus antongilii",NA,NA,1,NA,NA,0,NA,NA,0,NA,NA,0
"Dyscophus guineti",NA,NA,0,NA,NA,0,NA,NA,0,NA,NA,0
"Echeneis naucrates",NA,NA,0,NA,NA,0,NA,NA,0,NA,NA,0
"Echidna catenata",NA,NA,0,NA,NA,0,NA,NA,0,NA,NA,0
"Echidna nebulosa",NA,NA,0,NA,NA,0,NA,NA,0,NA,NA,0
"Echinaster spinulosus",NA,NA,0,NA,NA,0,NA,NA,0,NA,NA,0
"Echinometra lucunte",NA,NA,0,NA,NA,0,NA,NA,0,NA,NA,0
"Echinops telfairi",0.224558311065012,"Trending I",16,0.267849548647561,"Trending I",7,0.0890300833958335,"Type II",4,0.228919287683494,"Trending I",11
"Echinotriton andersoni",NA,NA,0,NA,NA,0,NA,NA,0,NA,NA,0
"Echis coloratus",NA,NA,0,NA,NA,0,NA,NA,0,NA,NA,0
"Eclectus roratus",0.0276304564711206,"Type II",71,-0.0600011398909656,"Type II",5,-0.160275930383668,"Trending III",7,-0.0809253614221863,"Type II",12
"Egretta thula",0.255195500086539,"Trending I",5,NA,NA,1,NA,NA,0,NA,NA,1
"Egretta tricolor",NA,NA,1,NA,NA,1,NA,NA,0,NA,NA,1
"Eidolon helvum",0.226982889096069,"Trending I",55,0.055,"Type II",2,NA,NA,1,0.00333016550000403,"Type II",3
"Eira barbara",0.181783677821431,"Trending I",3,NA,NA,0,NA,NA,0,NA,NA,0
"Elacatinus oceanops",NA,NA,0,NA,NA,0,NA,NA,0,NA,NA,0
"Elagatis bipinnulata",NA,NA,0,NA,NA,0,NA,NA,0,NA,NA,0
"Elanus leucurus",NA,NA,0,NA,NA,0,NA,NA,0,NA,NA,0
"Elaphe anomala",NA,NA,1,NA,NA,0,NA,NA,0,NA,NA,0
"Elaphe bairdi",0.295,"Trending I",2,NA,NA,0,NA,NA,0,NA,NA,0
"Elaphe carinata",NA,NA,0,NA,NA,0,NA,NA,0,NA,NA,0
"Elaphe emoryi",NA,NA,0,NA,NA,0,NA,NA,0,NA,NA,0
"Elaphe flavirufa",-0.01,"Type II",2,NA,NA,1,NA,NA,1,-0.01,"Type II",2
"Elaphe flavirufra",NA,NA,0,NA,NA,0,NA,NA,0,NA,NA,0
"Elaphe obsoleta",-0.02215532626371,"Type II",9,-0.00745112497836531,"Type II",4,-0.115,"Trending III",2,-0.0317888315659275,"Type II",6
"Elaphe schrenckii",0.3,"Type I",2,NA,NA,0,NA,NA,1,NA,NA,1
"Elaphe taeniura",0.43,"Type I",2,NA,NA,0,0.43,"Type I",2,0.43,"Type I",2
"Elaphodus cephalophus",0.0777621967913461,"Type II",5,NA,NA,0,NA,NA,0,NA,NA,0
"Elaphurus davidianus",0.0908496250072115,"Type II",4,NA,NA,0,NA,NA,1,NA,NA,1
"Electrophorus electricus",NA,NA,1,NA,NA,0,NA,NA,0,NA,NA,0
"Eleginus gracilis",NA,NA,0,NA,NA,0,NA,NA,0,NA,NA,0
"Elephantulus brachyrhynchus",0.17068934747258,"Trending I",6,NA,NA,0,NA,NA,1,NA,NA,1
"Eleutherodactylus antillensis",NA,NA,0,NA,NA,0,NA,NA,0,NA,NA,0
"Eleutherodactylus cystignathoides",NA,NA,0,NA,NA,0,NA,NA,0,NA,NA,0
"Eleutherodactylus locustus",NA,NA,0,NA,NA,0,NA,NA,0,NA,NA,0
"Elgaria kingii",-0.0217807809445473,"Type II",23,-0.0549999999999999,"Type II",2,NA,NA,0,-0.0549999999999999,"Type II",2
"Elgaria multicarinata",0.015,"Type II",2,NA,NA,0,NA,NA,0,NA,NA,0
"Elusor macrurus",NA,NA,0,NA,NA,0,NA,NA,0,NA,NA,0
"Emberiza aureola",NA,NA,0,NA,NA,0,NA,NA,0,NA,NA,0
"Emberiza flaviventris",NA,NA,0,NA,NA,0,NA,NA,0,NA,NA,0
"Embiotoca jacksoni",NA,NA,1,NA,NA,0,NA,NA,0,NA,NA,0
"Embiotoca lateralis",NA,NA,0,NA,NA,0,NA,NA,0,NA,NA,0
"Emblema pictum",NA,NA,0,NA,NA,0,NA,NA,0,NA,NA,0
"Empidonax difficilis",NA,NA,0,NA,NA,0,NA,NA,0,NA,NA,0
"Emydura macquarii",0.0922982500336539,"Type II",4,NA,NA,0,NA,NA,0,NA,NA,0
"Enchelycore pardalis",NA,NA,0,NA,NA,0,NA,NA,0,NA,NA,0
"Engraulis mordax",NA,NA,0,NA,NA,0,NA,NA,0,NA,NA,0
"Enhydra lutris",0.251202269847587,"Trending I",28,0.425,"Type I",4,0.0721240625180289,"Type II",8,0.295715123109522,"Trending I",12
"Enicognathus leptorhynchus",NA,NA,0,NA,NA,0,NA,NA,0,NA,NA,0
"Enophrys lucasi",NA,NA,2,NA,NA,0,NA,NA,2,NA,NA,2
"Enoplosus armatus",NA,NA,0,NA,NA,0,NA,NA,0,NA,NA,0
"Ensatina eschscholtzii",NA,NA,0,NA,NA,0,NA,NA,0,NA,NA,0
"Entacmaea quadricolor",NA,NA,0,NA,NA,0,NA,NA,0,NA,NA,0
"Enteroctopus dofleini",NA,NA,0,NA,NA,0,NA,NA,0,NA,NA,0
"Entomyzon cyanotis",NA,NA,8,NA,NA,0,NA,NA,0,NA,NA,0
"Eolophus roseicapilla",NA,NA,0,NA,NA,0,NA,NA,0,NA,NA,0
"Eophona personata",NA,NA,0,NA,NA,0,NA,NA,0,NA,NA,0
"Eos bornea",-0.0329126907371822,"Type II",66,NA,NA,2,-0.164433583328526,"Trending III",4,-0.0186536540298204,"Type II",6
"Epalzeorhynchos bicolor",NA,NA,0,NA,NA,0,NA,NA,0,NA,NA,0
"Epalzeorhynchos frenatum",NA,NA,0,NA,NA,0,NA,NA,0,NA,NA,0
"Ephippiorhynchus senegalensis",0.160037679210515,"Trending I",13,0.295,"Trending I",2,NA,NA,0,0.295,"Trending I",2
"Epicrates angulifer",NA,NA,0,NA,NA,0,NA,NA,0,NA,NA,0
"Epicrates cenchria",0.14217698412425,"Trending I",17,0.156650067254848,"Trending I",7,NA,NA,1,0.127192223534902,"Trending I",8
"Epicrates monensis",NA,NA,0,NA,NA,0,NA,NA,0,NA,NA,0
"Epicrates subflavus",NA,NA,0,NA,NA,0,NA,NA,0,NA,NA,0
"Epinephelus itajara",NA,NA,0,NA,NA,0,NA,NA,0,NA,NA,0
"Epinephelus lanceolatus",NA,NA,0,NA,NA,0,NA,NA,0,NA,NA,0
"Epinephelus marginatus",NA,NA,0,NA,NA,0,NA,NA,0,NA,NA,0
"Epipedobates tricolor",NA,NA,0,NA,NA,0,NA,NA,0,NA,NA,0
"Epomophorus wahlbergi",NA,NA,1,NA,NA,0,NA,NA,0,NA,NA,0
"Eptatretus stoutii",NA,NA,0,NA,NA,0,NA,NA,0,NA,NA,0
"Eptesicus fuscus",NA,NA,1,NA,NA,0,NA,NA,0,NA,NA,0
"Equetus lanceolatus",NA,NA,0,NA,NA,0,NA,NA,0,NA,NA,0
"Equus africanus",NA,NA,0,NA,NA,0,NA,NA,0,NA,NA,0
"Equus asinus",NA,NA,0,NA,NA,0,NA,NA,0,NA,NA,0
"Equus ferus",NA,NA,0,NA,NA,0,NA,NA,0,NA,NA,0
"Equus grevyi",0.254112087366056,"Trending I",30,0.265947987608842,"Trending I",6,0.015,"Type II",2,0.239909781302284,"Trending I",8
"Equus hemionus",0.21,"Trending I",2,NA,NA,0,NA,NA,1,NA,NA,1
"Equus quagga",0.203745488854281,"Trending I",22,0.315,"Type I",2,NA,NA,1,0.0345066127143076,"Type II",3
"Equus zebra",0.0161278124459133,"Type II",6,0.105,"Trending I",3,-0.135,"Trending III",2,0.00317199419842679,"Type II",5
"Eremias arguta",NA,NA,0,NA,NA,0,NA,NA,0,NA,NA,0
"Eremophila alpestris",NA,NA,0,NA,NA,0,NA,NA,0,NA,NA,0
"Erethizon dorsatum",0.149382404836343,"Trending I",23,0.00905997632781347,"Type II",7,NA,NA,1,0.0060516388352212,"Type II",8
"Eretmochelys imbricata",NA,NA,1,NA,NA,0,NA,NA,0,NA,NA,0
"Erignathus barbatus",NA,NA,0,NA,NA,0,NA,NA,0,NA,NA,0
"Erilepis zonifer",NA,NA,0,NA,NA,0,NA,NA,0,NA,NA,0
"Erinaceus europaeus",NA,NA,0,NA,NA,0,NA,NA,0,NA,NA,0
"Eristicophis macmahonii",NA,NA,1,NA,NA,0,NA,NA,0,NA,NA,0
"Erithacus rubecula",NA,NA,0,NA,NA,0,NA,NA,0,NA,NA,0
"Erpeton tentaculatum",0.176951199398826,"Trending I",40,NA,NA,0,NA,NA,0,NA,NA,0
"Erythrocebus patas",0.324019632637796,"Type I",25,0.272894294565113,"Trending I",6,0.358092405548703,"Type I",7,0.347248685544447,"Type I",13
"Erythrura cyaneovirens",NA,NA,1,NA,NA,0,NA,NA,0,NA,NA,0
"Chloebia gouldiae",NA,NA,170,NA,NA,19,NA,NA,4,NA,NA,23
"Erythrura prasina",NA,NA,12,NA,NA,0,NA,NA,0,NA,NA,0
"Erythrura psittacea",NA,NA,26,NA,NA,1,NA,NA,0,NA,NA,1
"Erythrura trichroa",NA,NA,14,NA,NA,4,NA,NA,2,NA,NA,6
"Erythrura tricolor",NA,NA,0,NA,NA,0,NA,NA,0,NA,NA,0
"Eschrichtius robustus",NA,NA,0,NA,NA,0,NA,NA,0,NA,NA,0
"Esox lucius",NA,NA,0,NA,NA,0,NA,NA,0,NA,NA,0
"Esox sphyraena",NA,NA,0,NA,NA,0,NA,NA,0,NA,NA,0
"Estrilda astrild",NA,NA,0,NA,NA,0,NA,NA,0,NA,NA,0
"Estrilda caerulescens",NA,NA,6,NA,NA,0,NA,NA,0,NA,NA,0
"Estrilda charmosyna",NA,NA,1,NA,NA,1,NA,NA,0,NA,NA,1
"Estrilda melpoda",NA,NA,4,NA,NA,0,NA,NA,0,NA,NA,0
"Estrilda nonnula",NA,NA,4,NA,NA,0,NA,NA,0,NA,NA,0
"Estrilda troglodytes",NA,NA,2,NA,NA,1,NA,NA,0,NA,NA,1
"Etheostoma blennioides",NA,NA,0,NA,NA,0,NA,NA,0,NA,NA,0
"Etheostoma caeruleum",NA,NA,0,NA,NA,0,NA,NA,0,NA,NA,0
"Etroplus maculatus",NA,NA,0,NA,NA,0,NA,NA,0,NA,NA,0
"Eublepharis macularius",0.052059062059817,"Type II",62,-0.142752801040644,"Trending III",5,-0.0662834548274019,"Type II",11,-0.0717297433605113,"Type II",16
"Eubucco bourcierii",NA,NA,1,NA,NA,0,NA,NA,0,NA,NA,0
"Eucyclogobius newberryi",NA,NA,0,NA,NA,0,NA,NA,0,NA,NA,0
"Eudicella gralli",NA,NA,0,NA,NA,0,NA,NA,0,NA,NA,0
"Eudocimus albus",0.154081763286244,"Trending I",8,0.445,"Type I",2,NA,NA,0,0.445,"Type I",2
"Eudocimus ruber",0.178659440547859,"Trending I",78,-0.165,"Trending III",2,-0.195,"Trending III",3,-0.176938200260161,"Trending III",5
"Eudorcas thomsonii",0.289350909889812,"Trending I",63,0.211190420916789,"Trending I",15,0.29684270445472,"Trending I",8,0.305997236489686,"Type I",23
"Eudromia elegans",NA,NA,18,NA,NA,1,NA,NA,0,NA,NA,1
"Eudyptes chrysocome",NA,NA,29,NA,NA,2,NA,NA,1,NA,NA,3
"Eudyptes chrysolophus",NA,NA,0,NA,NA,0,NA,NA,0,NA,NA,0
"Eudyptes moseleyi",NA,NA,1,NA,NA,0,NA,NA,0,NA,NA,0
"Eudyptula minor",NA,NA,0,NA,NA,0,NA,NA,0,NA,NA,0
"Eugenes fulgens",NA,NA,0,NA,NA,0,NA,NA,0,NA,NA,0
"Eulemur albifrons",-0.015,"Type II",2,NA,NA,0,-0.015,"Type II",2,-0.015,"Type II",2
"Eulemur collaris",-0.097766916661859,"Type II",4,NA,NA,0,NA,NA,0,NA,NA,0
"Eulemur coronatus",NA,NA,1,NA,NA,0,NA,NA,0,NA,NA,0
"Eulemur flavifrons",NA,NA,0,NA,NA,0,NA,NA,0,NA,NA,0
"Eulemur fulvus",0.137619351058126,"Trending I",10,NA,NA,0,0.0816666666666667,"Type II",4,0.0816666666666667,"Type II",4
"Eulemur macaco",NA,NA,0,NA,NA,0,NA,NA,0,NA,NA,0
"Eulemur mongoz",NA,NA,1,NA,NA,0,NA,NA,0,NA,NA,0
"Eulemur rubriventer",0.075,"Type II",2,NA,NA,0,NA,NA,1,NA,NA,1
"Eulemur rufus",NA,NA,0,NA,NA,0,NA,NA,0,NA,NA,0
"Eulemur sanfordi",NA,NA,0,NA,NA,0,NA,NA,0,NA,NA,0
"Eumetopias jubatus",0.221773393559614,"Trending I",7,0.313927892607144,"Type I",6,NA,NA,0,0.313927892607144,"Type I",6
"Eunectes murinus",0.104664240489523,"Trending I",10,NA,NA,0,NA,NA,1,NA,NA,1
"Eunectes notaeus",NA,NA,1,NA,NA,0,NA,NA,0,NA,NA,0
"Eunymphicus cornutus",-0.267920303493582,"Trending III",3,NA,NA,0,NA,NA,1,NA,NA,1
"Euodice cantans",NA,NA,0,NA,NA,0,NA,NA,0,NA,NA,0
"Euphagus cyanocephalus",NA,NA,0,NA,NA,0,NA,NA,0,NA,NA,0
"Euphonia cyanocephala",NA,NA,0,NA,NA,0,NA,NA,0,NA,NA,0
"Euphonia laniirostris",NA,NA,1,NA,NA,0,NA,NA,0,NA,NA,0
"Euphonia musica",NA,NA,0,NA,NA,0,NA,NA,0,NA,NA,0
"Euphonia violacea",NA,NA,32,NA,NA,0,NA,NA,1,NA,NA,1
"Euphractus sexcinctus",NA,NA,0,NA,NA,0,NA,NA,0,NA,NA,0
"Euplectes afer",NA,NA,1,NA,NA,0,NA,NA,0,NA,NA,0
"Euplectes ardens",NA,NA,2,NA,NA,0,NA,NA,0,NA,NA,0
"Euplectes franciscanus",NA,NA,1,NA,NA,0,NA,NA,0,NA,NA,0
"Euplectes hordeaceus",NA,NA,0,NA,NA,0,NA,NA,0,NA,NA,0
"Euplectes orix",NA,NA,10,NA,NA,0,NA,NA,0,NA,NA,0
"Euploea core",NA,NA,0,NA,NA,0,NA,NA,0,NA,NA,0
"Eupodotis senegalensis",NA,NA,3,NA,NA,0,NA,NA,0,NA,NA,0
"Euprepiophis mandarinus",NA,NA,7,NA,NA,0,NA,NA,0,NA,NA,0
"Eupsittula aurea",NA,NA,1,NA,NA,0,NA,NA,0,NA,NA,0
"Eupsittula canicularis",NA,NA,0,NA,NA,0,NA,NA,0,NA,NA,0
"Eurycea bislineata",NA,NA,0,NA,NA,0,NA,NA,0,NA,NA,0
"Eurycea chisholmensis",NA,NA,0,NA,NA,0,NA,NA,0,NA,NA,0
"Eurycea guttolineata",NA,NA,0,NA,NA,0,NA,NA,0,NA,NA,0
"Eurycea longicauda",NA,NA,0,NA,NA,0,NA,NA,0,NA,NA,0
"Eurycea lucifuga",NA,NA,0,NA,NA,0,NA,NA,0,NA,NA,0
"Eurycea nana",NA,NA,2,NA,NA,0,NA,NA,0,NA,NA,0
"Eurycea neotenes",NA,NA,0,NA,NA,0,NA,NA,0,NA,NA,0
"Eurycea rathbuni",0.0464681115204236,"Type II",6,NA,NA,0,NA,NA,0,NA,NA,0
"Eurycea sosorum",NA,NA,0,NA,NA,0,NA,NA,0,NA,NA,0
"Eurycea spelaea",NA,NA,1,NA,NA,0,NA,NA,0,NA,NA,0
"Eurycea tonkawae",NA,NA,0,NA,NA,0,NA,NA,0,NA,NA,0
"Eurycea tridentifera",NA,NA,0,NA,NA,0,NA,NA,0,NA,NA,0
"Eurypyga helias",0.0530529251888606,"Type II",14,NA,NA,1,NA,NA,0,NA,NA,1
"Eurystomus orientalis",NA,NA,3,NA,NA,0,NA,NA,0,NA,NA,0
"Euschistospiza cinereovinacea",NA,NA,0,NA,NA,0,NA,NA,0,NA,NA,0
"Euschistospiza dybowskii",NA,NA,1,NA,NA,0,NA,NA,0,NA,NA,0
"Evasterias troscheli",NA,NA,0,NA,NA,0,NA,NA,0,NA,NA,0
"Exodon paradoxus",NA,NA,0,NA,NA,0,NA,NA,0,NA,NA,0
"Extatosoma tiaratum",NA,NA,0,NA,NA,0,NA,NA,0,NA,NA,0
"Falco biarmicus",NA,NA,0,NA,NA,0,NA,NA,0,NA,NA,0
"Falco cherrug",NA,NA,0,NA,NA,0,NA,NA,0,NA,NA,0
"Falco chicquera",NA,NA,0,NA,NA,0,NA,NA,0,NA,NA,0
"Falco columbarius",NA,NA,1,NA,NA,0,NA,NA,0,NA,NA,0
"Falco femoralis",NA,NA,3,NA,NA,0,NA,NA,2,NA,NA,2
"Falco mexicanus",NA,NA,0,NA,NA,0,NA,NA,0,NA,NA,0
"Falco naumanni",NA,NA,0,NA,NA,0,NA,NA,0,NA,NA,0
"Falco pelegrinoides",NA,NA,0,NA,NA,0,NA,NA,0,NA,NA,0
"Falco peregrinus",0.296910068021242,"Trending I",8,0.215,"Trending I",2,NA,NA,1,0.245948224578763,"Trending I",3
"Falco rusticolus",NA,NA,3,NA,NA,0,NA,NA,2,NA,NA,2
"Falco sparverius",0.262295595053969,"Trending I",16,NA,NA,0,0.29784467373629,"Trending I",3,0.29784467373629,"Trending I",3
"Falco tinnunculus",NA,NA,0,NA,NA,0,NA,NA,0,NA,NA,0
"Farancia abacura",-0.445,"Type III",2,NA,NA,0,NA,NA,0,NA,NA,0
"Faxonius rusticus",NA,NA,0,NA,NA,0,NA,NA,0,NA,NA,0
"Felis catus",-0.086970942407168,"Type II",26,-0.0365416085484221,"Type II",6,-0.263867166657051,"Trending III",4,-0.076239204503776,"Type II",10
"Felis chaus",NA,NA,1,NA,NA,1,NA,NA,0,NA,NA,1
"Felis margarita",NA,NA,0,NA,NA,0,NA,NA,0,NA,NA,0
"Felis margaritaat",NA,NA,0,NA,NA,0,NA,NA,0,NA,NA,0
"Felis nigripes",0.314889074169867,"Type I",11,0.205,"Trending I",3,NA,NA,1,0.268333333333333,"Trending I",4
"Felis silvestris",0.262494162233684,"Trending I",7,0.285,"Trending I",3,NA,NA,1,0.315948224578763,"Type I",4
"Fistularia commersonii",NA,NA,0,NA,NA,0,NA,NA,0,NA,NA,0
"Forcipiger flavissimus",NA,NA,0,NA,NA,0,NA,NA,0,NA,NA,0
"Forpus coelestis",0.115763881016786,"Trending I",37,0.225,"Trending I",4,NA,NA,1,0.0711198178389765,"Type II",5
"Forpus conspicillatus",NA,NA,1,NA,NA,0,NA,NA,0,NA,NA,0
"Forpus passerinus",NA,NA,0,NA,NA,0,NA,NA,0,NA,NA,0
"Foudia madagascariensis",NA,NA,5,NA,NA,0,NA,NA,0,NA,NA,0
"Francolinus pintadeanus",NA,NA,0,NA,NA,0,NA,NA,0,NA,NA,0
"Fratercula arctica",NA,NA,1,NA,NA,0,NA,NA,0,NA,NA,0
"Fratercula cirrhata",NA,NA,9,NA,NA,0,NA,NA,0,NA,NA,0
"Fratercula corniculata",0.245,"Trending I",3,NA,NA,0,NA,NA,1,NA,NA,1
"Fringilla coelebs",NA,NA,0,NA,NA,0,NA,NA,0,NA,NA,0
"Fringilla domestica",NA,NA,0,NA,NA,0,NA,NA,0,NA,NA,0
"Fukomys damarensis",NA,NA,0,NA,NA,0,NA,NA,0,NA,NA,0
"Fukomys mechowii",NA,NA,0,NA,NA,0,NA,NA,0,NA,NA,0
"Fulica americana",NA,NA,0,NA,NA,0,NA,NA,0,NA,NA,0
"Fulmarus glacialis",NA,NA,0,NA,NA,0,NA,NA,0,NA,NA,0
"Fundulus grandis",NA,NA,0,NA,NA,0,NA,NA,0,NA,NA,0
"Fundulus heteroclitus",NA,NA,0,NA,NA,0,NA,NA,0,NA,NA,0
"Fundulus notatus",NA,NA,0,NA,NA,0,NA,NA,0,NA,NA,0
"Fundulus pulverous",NA,NA,0,NA,NA,0,NA,NA,0,NA,NA,0
"Furcifer antimena",NA,NA,0,NA,NA,0,NA,NA,0,NA,NA,0
"Furcifer balteatus",NA,NA,0,NA,NA,0,NA,NA,0,NA,NA,0
"Furcifer labordi",NA,NA,0,NA,NA,0,NA,NA,0,NA,NA,0
"Furcifer lateralis",NA,NA,1,NA,NA,0,NA,NA,0,NA,NA,0
"Furcifer oustaleti",NA,NA,15,NA,NA,2,NA,NA,0,NA,NA,2
"Furcifer pardalis",0.192188014132324,"Trending I",45,0.179862614084372,"Trending I",8,0.17,"Trending I",2,0.210812251606222,"Trending I",10
"Gadus chalcogrammus",NA,NA,0,NA,NA,0,NA,NA,0,NA,NA,0
"Gadus macrocephalus",NA,NA,0,NA,NA,0,NA,NA,0,NA,NA,0
"Gadus morhua",NA,NA,0,NA,NA,0,NA,NA,0,NA,NA,0
"Galago moholi",-0.207414203369893,"Trending III",3,NA,NA,0,NA,NA,0,NA,NA,0
"Galago senegalensis",0.03,"Type II",2,NA,NA,0,NA,NA,1,NA,NA,1
"Galago sp.",NA,NA,0,NA,NA,0,NA,NA,0,NA,NA,0
"Galeocerdo cuvier",NA,NA,0,NA,NA,0,NA,NA,0,NA,NA,0
"Gallicolumba crinigera",NA,NA,15,NA,NA,1,NA,NA,6,NA,NA,7
"Gallicolumba luzonica",NA,NA,13,NA,NA,0,NA,NA,0,NA,NA,0
"Gallicolumba rufigula",NA,NA,4,NA,NA,0,NA,NA,1,NA,NA,1
"Gallicolumba salamonis",NA,NA,0,NA,NA,0,NA,NA,0,NA,NA,0
"Gallicolumba tristigmata",NA,NA,6,NA,NA,0,NA,NA,1,NA,NA,1
"Gallicolumba xanthonura",NA,NA,0,NA,NA,0,NA,NA,0,NA,NA,0
"Galloperdix spadicea",NA,NA,0,NA,NA,0,NA,NA,0,NA,NA,0
"Gallus gallus",-0.141860924657804,"Trending III",381,-0.177237529128789,"Trending III",168,-0.202433726290921,"Trending III",34,-0.161235633694233,"Trending III",202
"Gambelia wislizenii",NA,NA,0,NA,NA,0,NA,NA,0,NA,NA,0
"Gambusia affinis",NA,NA,0,NA,NA,0,NA,NA,0,NA,NA,0
"Garrulax bicolor",NA,NA,0,NA,NA,0,NA,NA,0,NA,NA,0
"Garrulax bieti",NA,NA,0,NA,NA,0,NA,NA,0,NA,NA,0
"Garrulax canorus",NA,NA,4,NA,NA,0,NA,NA,0,NA,NA,0
"Garrulax chinensis",NA,NA,8,NA,NA,0,NA,NA,0,NA,NA,0
"Garrulax courtoisi",NA,NA,1,NA,NA,0,NA,NA,0,NA,NA,0
"Garrulax galbanus",NA,NA,1,NA,NA,0,NA,NA,0,NA,NA,0
"Garrulax leucolophus",NA,NA,18,NA,NA,3,NA,NA,1,NA,NA,4
"Garrulax mitratus",NA,NA,1,NA,NA,0,NA,NA,0,NA,NA,0
"Garrulus glandarius",NA,NA,0,NA,NA,0,NA,NA,0,NA,NA,0
"Gasteropelecus sternicla",NA,NA,0,NA,NA,0,NA,NA,0,NA,NA,0
"Gasterosteus aculeatus",NA,NA,0,NA,NA,0,NA,NA,0,NA,NA,0
"Gastrotheca cornuta",NA,NA,0,NA,NA,0,NA,NA,0,NA,NA,0
"Gastrotheca marsupiata",NA,NA,0,NA,NA,0,NA,NA,0,NA,NA,0
"Gastrotheca riobambae",NA,NA,0,NA,NA,0,NA,NA,0,NA,NA,0
"Gavia adamsii",NA,NA,0,NA,NA,0,NA,NA,0,NA,NA,0
"Gavia immer",NA,NA,0,NA,NA,0,NA,NA,0,NA,NA,0
"Gavia pacifica",NA,NA,0,NA,NA,0,NA,NA,0,NA,NA,0
"Gavia stellata",NA,NA,0,NA,NA,0,NA,NA,0,NA,NA,0
"Gazella dorcas",-0.0838671666570513,"Type II",4,NA,NA,1,NA,NA,0,NA,NA,1
"Gazella leptoceros",NA,NA,1,NA,NA,1,NA,NA,0,NA,NA,1
"Gazella marica",NA,NA,0,NA,NA,0,NA,NA,0,NA,NA,0
"Gazella spekei",0.145178108406725,"Trending I",19,NA,NA,1,NA,NA,1,NA,NA,2
"Gazella subgutturosa",-0.103405385373397,"Trending III",8,NA,NA,0,NA,NA,0,NA,NA,0
"Geckolepis maculata",NA,NA,0,NA,NA,0,NA,NA,0,NA,NA,0
"Gekko gecko",0.028090820873862,"Type II",9,-0.139235022770128,"Trending III",3,NA,NA,1,-0.12,"Trending III",4
"Gekko vittatus",NA,NA,0,NA,NA,0,NA,NA,0,NA,NA,0
"Gelochelidon nilotica",NA,NA,0,NA,NA,0,NA,NA,0,NA,NA,0
"Genetta tigrina",NA,NA,1,NA,NA,0,NA,NA,0,NA,NA,0
"Genicanthus watanabei",NA,NA,0,NA,NA,0,NA,NA,0,NA,NA,0
"Geochelone elegans",NA,NA,0,NA,NA,0,NA,NA,0,NA,NA,0
"Geochelone platynota",NA,NA,0,NA,NA,0,NA,NA,0,NA,NA,0
"Geoclemys hamiltonii",-0.345,"Type III",2,NA,NA,0,NA,NA,0,NA,NA,0
"Geococcyx californianus",NA,NA,15,NA,NA,6,NA,NA,1,NA,NA,7
"Geoemyda spengleri",NA,NA,5,NA,NA,0,NA,NA,0,NA,NA,0
"Geopelia cuneata",NA,NA,20,NA,NA,3,NA,NA,1,NA,NA,4
"Geopelia striata",-0.326444662421126,"Type III",5,NA,NA,1,NA,NA,0,NA,NA,1
"Geophagus surinamensis",NA,NA,0,NA,NA,0,NA,NA,0,NA,NA,0
"Geophaps scripta",NA,NA,6,NA,NA,0,NA,NA,1,NA,NA,1
"Geothlypis trichas",NA,NA,0,NA,NA,0,NA,NA,0,NA,NA,0
"Geotrygon montana",NA,NA,0,NA,NA,0,NA,NA,0,NA,NA,0
"Geotrygon versicolor",NA,NA,9,NA,NA,1,NA,NA,0,NA,NA,1
"Geotrypetes seraphini",NA,NA,0,NA,NA,0,NA,NA,0,NA,NA,0
"Gephyroberyx japonicus",NA,NA,0,NA,NA,0,NA,NA,0,NA,NA,0
"Gerbillus henleyi",NA,NA,0,NA,NA,0,NA,NA,0,NA,NA,0
"Geronticus eremita",NA,NA,0,NA,NA,0,NA,NA,0,NA,NA,0
"Gerrhonotus infernalis",NA,NA,2,NA,NA,0,NA,NA,0,NA,NA,0
"Gerrhosaurus flavigularis",NA,NA,5,NA,NA,0,NA,NA,0,NA,NA,0
"Gerrhosaurus major",0.0242877572011762,"Type II",12,NA,NA,0,NA,NA,0,NA,NA,0
"Gerrhosaurus validus",0.283976653996953,"Trending I",7,0.34,"Type I",2,NA,NA,0,0.34,"Type I",2
"Gibbonsia metzi",NA,NA,0,NA,NA,0,NA,NA,0,NA,NA,0
"Gila atraria",NA,NA,0,NA,NA,0,NA,NA,0,NA,NA,0
"Gila ditaenia",NA,NA,0,NA,NA,0,NA,NA,0,NA,NA,0
"Gillichthys mirabilis",NA,NA,0,NA,NA,0,NA,NA,0,NA,NA,0
"Ginglymostoma cirratum",0.125586500259616,"Trending I",6,NA,NA,0,NA,NA,3,NA,NA,3
"Giraffa camelopardalis",0.13999163395452,"Trending I",50,0.0793681836593192,"Type II",6,-0.0849391044660993,"Type II",5,0.0416360578068407,"Type II",11
"Giraffa tippelskirchi",NA,NA,1,NA,NA,0,NA,NA,0,NA,NA,0
"Girella nigricans",NA,NA,0,NA,NA,0,NA,NA,0,NA,NA,0
"Glareola maldivarum",NA,NA,3,NA,NA,0,NA,NA,0,NA,NA,0
"Glaucidium californicum",NA,NA,3,NA,NA,0,NA,NA,1,NA,NA,1
"Glaucomys sabrinus",NA,NA,0,NA,NA,0,NA,NA,0,NA,NA,0
"Glaucomys volans",-0.0302146776906247,"Type II",7,0.025,"Type II",2,NA,NA,0,0.025,"Type II",2
"Glossolepis incisus",NA,NA,0,NA,NA,0,NA,NA,0,NA,NA,0
"Glossophaga soricina",0.19605310039288,"Trending I",3,0.495,"Type I",2,NA,NA,0,0.495,"Type I",2
"Glossopsitta concinna",-0.355,"Type III",4,NA,NA,0,NA,NA,0,NA,NA,0
"Glyptemys insculpta",NA,NA,0,NA,NA,0,NA,NA,0,NA,NA,0
"Glyptemys muhlenbergii",NA,NA,0,NA,NA,0,NA,NA,0,NA,NA,0
"Gnathanodon speciosus",NA,NA,0,NA,NA,0,NA,NA,0,NA,NA,0
"Gobiesox aethus",NA,NA,0,NA,NA,0,NA,NA,0,NA,NA,0
"Gomphosus varius",NA,NA,0,NA,NA,0,NA,NA,0,NA,NA,0
"Gonatodes daudini",NA,NA,0,NA,NA,0,NA,NA,0,NA,NA,0
"Gonatodes lichenosus",NA,NA,0,NA,NA,0,NA,NA,0,NA,NA,0
"Gongylophis colubrinus",NA,NA,0,NA,NA,0,NA,NA,0,NA,NA,0
"Gongylophis conicus",NA,NA,0,NA,NA,0,NA,NA,0,NA,NA,0
"Goniurosaurus hainanensis",NA,NA,1,NA,NA,0,NA,NA,0,NA,NA,0
"Goniurosaurus lichtenfelderi",NA,NA,0,NA,NA,0,NA,NA,0,NA,NA,0
"Gonocephalus bellii",NA,NA,1,NA,NA,0,NA,NA,0,NA,NA,0
"Gonocephalus bornensis",NA,NA,0,NA,NA,0,NA,NA,0,NA,NA,0
"Gonocephalus chamaeleontinus",-0.104222330283462,"Trending III",61,-0.143703268477279,"Trending III",16,-0.228022153871076,"Trending III",15,-0.150700337201654,"Trending III",31
"Gonocephalus grandis",NA,NA,0,NA,NA,0,NA,NA,0,NA,NA,0
"Gonyosoma boulengeri",NA,NA,0,NA,NA,0,NA,NA,0,NA,NA,0
"Gonyosoma jansenii",NA,NA,0,NA,NA,0,NA,NA,0,NA,NA,0
"Gonyosoma oxycephalum",0.227526333467949,"Trending I",4,0.41,"Type I",2,NA,NA,1,0.338717268557761,"Type I",3
"Gopherus agassizii",-0.00391508343725833,"Type II",30,-0.095,"Type II",2,NA,NA,0,-0.095,"Type II",2
"Gopherus berlandieri",NA,NA,1,NA,NA,1,NA,NA,0,NA,NA,1
"Gopherus flavomarginatus",-0.141809161018738,"Trending III",12,NA,NA,1,NA,NA,0,NA,NA,1
"Gopherus morafkai",NA,NA,0,NA,NA,0,NA,NA,0,NA,NA,0
"Gorilla gorilla",0.234963731848777,"Trending I",54,0.258077677378767,"Trending I",11,0.159906172075771,"Trending I",11,0.249057311528236,"Trending I",22
"Gorsachius goisagi",NA,NA,1,NA,NA,0,NA,NA,0,NA,NA,0
"Goura cristata",NA,NA,11,NA,NA,0,NA,NA,2,NA,NA,2
"Goura scheepmakeri",NA,NA,1,NA,NA,0,NA,NA,0,NA,NA,0
"Goura victoria",NA,NA,16,NA,NA,0,NA,NA,2,NA,NA,2
"Gracula religiosa",NA,NA,1,NA,NA,0,NA,NA,0,NA,NA,0
"Gracupica nigricollis",NA,NA,1,NA,NA,0,NA,NA,0,NA,NA,0
"Gramma loreto",NA,NA,0,NA,NA,0,NA,NA,0,NA,NA,0
"Gramma melacara",NA,NA,0,NA,NA,0,NA,NA,0,NA,NA,0
"Grammistes sexlineatus",NA,NA,0,NA,NA,0,NA,NA,0,NA,NA,0
"Grammostola pulchra",NA,NA,0,NA,NA,0,NA,NA,0,NA,NA,0
"Grammostola rosea",NA,NA,0,NA,NA,0,NA,NA,0,NA,NA,0
"Grampus griseus",NA,NA,0,NA,NA,0,NA,NA,0,NA,NA,0
"Granatina granatina",NA,NA,0,NA,NA,0,NA,NA,0,NA,NA,0
"Grantiella picta",NA,NA,0,NA,NA,0,NA,NA,0,NA,NA,0
"Graphiurus murinus",NA,NA,0,NA,NA,0,NA,NA,0,NA,NA,0
"Graptemys caglei",-0.39,"Type III",2,NA,NA,0,NA,NA,0,NA,NA,0
"Graptemys flavimaculata",NA,NA,0,NA,NA,0,NA,NA,0,NA,NA,0
"Graptemys geographica",NA,NA,0,NA,NA,0,NA,NA,0,NA,NA,0
"Graptemys nigrinoda",NA,NA,0,NA,NA,0,NA,NA,0,NA,NA,0
"Graptemys oculifera",NA,NA,0,NA,NA,0,NA,NA,0,NA,NA,0
"Graptemys ouachitensis",NA,NA,0,NA,NA,0,NA,NA,0,NA,NA,0
"Graptemys pseudogeographica",NA,NA,0,NA,NA,0,NA,NA,0,NA,NA,0
"Graptemys pulchra",NA,NA,0,NA,NA,0,NA,NA,0,NA,NA,0
"Green crab",NA,NA,0,NA,NA,0,NA,NA,0,NA,NA,0
"Gromphadorhina portentosa",NA,NA,0,NA,NA,0,NA,NA,0,NA,NA,0
"Grus americana",NA,NA,0,NA,NA,0,NA,NA,0,NA,NA,0
"Grus antigone",NA,NA,0,NA,NA,0,NA,NA,0,NA,NA,0
"Grus canadensis",0.123689019273027,"Trending I",10,0.0443458750793272,"Type II",4,NA,NA,1,0.0443458750793272,"Type II",5
"Grus carunculata",NA,NA,4,NA,NA,0,NA,NA,2,NA,NA,2
"Grus grus",NA,NA,0,NA,NA,0,NA,NA,0,NA,NA,0
"Grus japonensis",0.185215235183198,"Trending I",4,NA,NA,0,NA,NA,1,NA,NA,1
"Grus leucogeranus",NA,NA,0,NA,NA,0,NA,NA,0,NA,NA,0
"Grus monacha",0.123900515906652,"Trending I",3,NA,NA,0,NA,NA,0,NA,NA,0
"Grus paradisea",NA,NA,0,NA,NA,0,NA,NA,0,NA,NA,0
"Grus vipio",-0.00223290213731797,"Type II",5,NA,NA,1,NA,NA,0,NA,NA,1
"Guaruba guarouba",NA,NA,1,NA,NA,0,NA,NA,0,NA,NA,0
"Guibemantis tasifotsy",NA,NA,0,NA,NA,0,NA,NA,0,NA,NA,0
"Guira guira",NA,NA,17,NA,NA,0,NA,NA,1,NA,NA,1
"Gulo gulo",0.288333333333333,"Trending I",10,0.162294931689616,"Trending I",8,NA,NA,0,0.162294931689616,"Trending I",8
"Guttera pucherani",NA,NA,16,NA,NA,1,NA,NA,0,NA,NA,1
"Gyalopion quadrangulare",NA,NA,1,NA,NA,0,NA,NA,0,NA,NA,0
"Gymnelus viridis",NA,NA,0,NA,NA,0,NA,NA,0,NA,NA,0
"Gymnocanthus tricuspis",NA,NA,0,NA,NA,0,NA,NA,0,NA,NA,0
"Gymnocorymbus ternetzi",NA,NA,0,NA,NA,0,NA,NA,0,NA,NA,0
"Gymnoderus foetidus",NA,NA,2,NA,NA,0,NA,NA,0,NA,NA,0
"Gymnogyps californianus",NA,NA,0,NA,NA,0,NA,NA,0,NA,NA,0
"Gymnomuraena zebra",NA,NA,0,NA,NA,0,NA,NA,0,NA,NA,0
"Gymnophthalmus pleii",NA,NA,0,NA,NA,0,NA,NA,0,NA,NA,0
"Gymnopithys leucaspis",NA,NA,0,NA,NA,0,NA,NA,0,NA,NA,0
"Gymnorhina tibicen",NA,NA,0,NA,NA,0,NA,NA,0,NA,NA,0
"Gymnorhinus cyanocephalus",NA,NA,0,NA,NA,0,NA,NA,0,NA,NA,0
"Gymnothorax castaneus",NA,NA,0,NA,NA,0,NA,NA,0,NA,NA,0
"Gymnothorax favagineus",NA,NA,0,NA,NA,0,NA,NA,0,NA,NA,0
"Gymnothorax fimbriatus",NA,NA,0,NA,NA,0,NA,NA,0,NA,NA,0
"Gymnothorax funebris",NA,NA,0,NA,NA,0,NA,NA,0,NA,NA,0
"Gymnothorax isingteena",NA,NA,0,NA,NA,0,NA,NA,0,NA,NA,0
"Gymnothorax meleagris",NA,NA,0,NA,NA,0,NA,NA,0,NA,NA,0
"Gymnothorax miliaris",NA,NA,0,NA,NA,0,NA,NA,0,NA,NA,0
"Gymnothorax mordax",NA,NA,0,NA,NA,0,NA,NA,0,NA,NA,0
"Gymnothorax moringa",NA,NA,0,NA,NA,0,NA,NA,0,NA,NA,0
"Gymnothorax reticularis",NA,NA,0,NA,NA,0,NA,NA,0,NA,NA,0
"Gymnothorax thyrsoideus",NA,NA,0,NA,NA,0,NA,NA,0,NA,NA,0
"Gymnothorax vicinus",NA,NA,0,NA,NA,0,NA,NA,0,NA,NA,0
"Gymnura altavela",NA,NA,0,NA,NA,0,NA,NA,0,NA,NA,0
"Gypaetus barbatus",NA,NA,0,NA,NA,0,NA,NA,0,NA,NA,0
"Gyps africanus",NA,NA,0,NA,NA,0,NA,NA,0,NA,NA,0
"Gyps coprotheres",0.043609650966162,"Type II",3,NA,NA,0,NA,NA,0,NA,NA,0
"Gyps fulvus",NA,NA,1,NA,NA,1,NA,NA,0,NA,NA,1
"Gyps himalayensis",NA,NA,1,NA,NA,0,NA,NA,0,NA,NA,0
"Gyps rueppelli",NA,NA,0,NA,NA,0,NA,NA,0,NA,NA,0
"Gyps rueppellii",NA,NA,0,NA,NA,0,NA,NA,0,NA,NA,0
"Gyrinocheilus aymonieri",NA,NA,0,NA,NA,0,NA,NA,0,NA,NA,0
"Gyrinophilus porphyriticus",NA,NA,0,NA,NA,0,NA,NA,0,NA,NA,0
"Hadogenes troglodytes",NA,NA,0,NA,NA,0,NA,NA,0,NA,NA,0
"Hadrurus arizonensis",NA,NA,0,NA,NA,0,NA,NA,0,NA,NA,0
"Haematopus ostralegus",NA,NA,0,NA,NA,0,NA,NA,0,NA,NA,0
"Haematopus palliatus",NA,NA,0,NA,NA,0,NA,NA,0,NA,NA,0
"Haemorhous mexicanus",NA,NA,0,NA,NA,0,NA,NA,0,NA,NA,0
"Haemulon aurolineatum",NA,NA,0,NA,NA,0,NA,NA,0,NA,NA,0
"Haemulon carbonarium",NA,NA,0,NA,NA,0,NA,NA,0,NA,NA,0
"Haemulon chrysargyreum",NA,NA,0,NA,NA,0,NA,NA,0,NA,NA,0
"Haemulon flavolineatum",NA,NA,0,NA,NA,0,NA,NA,0,NA,NA,0
"Haemulon melanurum",NA,NA,0,NA,NA,0,NA,NA,0,NA,NA,0
"Haemulon plumierii",NA,NA,0,NA,NA,0,NA,NA,0,NA,NA,0
"Haemulon sciurus",NA,NA,0,NA,NA,0,NA,NA,0,NA,NA,0
"Haemulon sexfasciatum",NA,NA,0,NA,NA,0,NA,NA,0,NA,NA,0
"Halaelurus boesemani",NA,NA,0,NA,NA,0,NA,NA,0,NA,NA,0
"Halcyon leucocephala",NA,NA,2,NA,NA,0,NA,NA,0,NA,NA,0
"Halcyon malimbica",NA,NA,5,NA,NA,0,NA,NA,0,NA,NA,0
"Halcyon senegalensis",NA,NA,3,NA,NA,0,NA,NA,0,NA,NA,0
"Halcyon smyrnensis",NA,NA,2,NA,NA,0,NA,NA,0,NA,NA,0
"Haliaeetus albicilla",NA,NA,1,NA,NA,0,NA,NA,0,NA,NA,0
"Haliaeetus leucocephalus",0.161165663443371,"Trending I",25,0.195,"Trending I",3,NA,NA,1,0.1744686536828,"Trending I",4
"Haliaeetus pelagicus",NA,NA,0,NA,NA,0,NA,NA,0,NA,NA,0
"Haliaeetus vocifer",NA,NA,0,NA,NA,0,NA,NA,0,NA,NA,0
"Halichoeres bivittatus",NA,NA,0,NA,NA,0,NA,NA,0,NA,NA,0
"Halichoeres cyanocephalus",NA,NA,0,NA,NA,0,NA,NA,0,NA,NA,0
"Halichoeres garnoti",NA,NA,0,NA,NA,0,NA,NA,0,NA,NA,0
"Halichoeres maculipinna",NA,NA,0,NA,NA,0,NA,NA,0,NA,NA,0
"Halichoeres semicinctus",NA,NA,0,NA,NA,0,NA,NA,0,NA,NA,0
"Halichoerus grypus",0.222946683165708,"Trending I",12,0.393267802104457,"Type I",7,NA,NA,1,0.369494729508451,"Type I",8
"Haliichthys taeniophorus",NA,NA,0,NA,NA,0,NA,NA,0,NA,NA,0
"Haliotis sorenseni",NA,NA,1,NA,NA,0,NA,NA,0,NA,NA,0
"Hapalemur alaotrensis",-0.00582554281412095,"Type II",5,NA,NA,0,NA,NA,1,NA,NA,1
"Hapalemur griseus",0.295,"Trending I",2,NA,NA,0,NA,NA,0,NA,NA,0
"Hapalochlaena lunulata",NA,NA,0,NA,NA,0,NA,NA,0,NA,NA,0
"Haplochromis orthostoma",NA,NA,0,NA,NA,0,NA,NA,0,NA,NA,0
"Haplochromis riponianus",NA,NA,0,NA,NA,0,NA,NA,0,NA,NA,0
"Haplopelma lividum",NA,NA,0,NA,NA,0,NA,NA,0,NA,NA,0
"Hardella thurjii",NA,NA,0,NA,NA,0,NA,NA,0,NA,NA,0
"Harengula clupeola",NA,NA,0,NA,NA,0,NA,NA,0,NA,NA,0
"Harengula jaguana",NA,NA,0,NA,NA,0,NA,NA,0,NA,NA,0
"Harmothoe yendoi",NA,NA,0,NA,NA,0,NA,NA,0,NA,NA,0
"Harpactes oreskios",NA,NA,0,NA,NA,0,NA,NA,0,NA,NA,0
"Harpia harpyja",NA,NA,0,NA,NA,0,NA,NA,0,NA,NA,0
"Harpyhaliaetus coronatus",NA,NA,0,NA,NA,0,NA,NA,0,NA,NA,0
"Hassar gabiru",NA,NA,0,NA,NA,0,NA,NA,0,NA,NA,0
"Helarctos malayanus",0.314345757203094,"Type I",27,0.301266308011754,"Type I",19,NA,NA,1,0.307772627325959,"Type I",20
"Heloderma horridum",0.105269463898507,"Trending I",29,0.0611859507142915,"Type II",10,NA,NA,1,-0.0251804373954323,"Type II",11
"Heloderma suspectum",0.245858618641708,"Trending I",40,0.290650910921665,"Trending I",13,NA,NA,2,0.292358602161236,"Trending I",15
"Helogale hirtula",0.073115291693109,"Type II",17,NA,NA,1,NA,NA,3,NA,NA,4
"Helostoma temminkii",NA,NA,0,NA,NA,0,NA,NA,0,NA,NA,0
"Hemachatus haemachatus",-0.286601499971154,"Trending III",4,NA,NA,0,NA,NA,1,NA,NA,1
"Hemibagrus nemurus",NA,NA,0,NA,NA,0,NA,NA,0,NA,NA,0
"Hemibagrus wyckioides",NA,NA,0,NA,NA,0,NA,NA,0,NA,NA,0
"Hemidactylus frenatus",0.128964916700321,"Trending I",10,NA,NA,6,NA,NA,1,NA,NA,7
"Hemidactylus imbricatus",NA,NA,0,NA,NA,0,NA,NA,0,NA,NA,0
"Hemidactylus platyurus",NA,NA,3,NA,NA,0,NA,NA,0,NA,NA,0
"Hemidactylus turcicus",NA,NA,0,NA,NA,0,NA,NA,0,NA,NA,0
"Hemigalus derbyanus",-0.035,"Type II",2,NA,NA,0,NA,NA,0,NA,NA,0
"Hemignathus flavus",NA,NA,0,NA,NA,0,NA,NA,0,NA,NA,0
"Hemigrammus bleheri",NA,NA,0,NA,NA,0,NA,NA,0,NA,NA,0
"Hemigrammus erythrozonus",NA,NA,0,NA,NA,0,NA,NA,0,NA,NA,0
"Hemigrammus hyanuary",NA,NA,0,NA,NA,0,NA,NA,0,NA,NA,0
"Hemigrammus ocellifer",NA,NA,0,NA,NA,0,NA,NA,0,NA,NA,0
"Hemigrammus rhodostomus",NA,NA,0,NA,NA,0,NA,NA,0,NA,NA,0
"Hemigrammus rodwayi",NA,NA,0,NA,NA,0,NA,NA,0,NA,NA,0
"Hemigrapsus nudus",NA,NA,0,NA,NA,0,NA,NA,0,NA,NA,0
"Hemigymnus melapterus",NA,NA,0,NA,NA,0,NA,NA,0,NA,NA,0
"Hemilepidotus hemilepidotus",NA,NA,0,NA,NA,0,NA,NA,0,NA,NA,0
"Hemilepidotus papilio",NA,NA,0,NA,NA,0,NA,NA,0,NA,NA,0
"Hemilepidotus spinosus",NA,NA,0,NA,NA,0,NA,NA,0,NA,NA,0
"Hemiphractus fasciatus",NA,NA,0,NA,NA,0,NA,NA,0,NA,NA,0
"Hemiscyllium ocellatum",NA,NA,0,NA,NA,0,NA,NA,0,NA,NA,0
"Hemisphaeriodon gerrardii",-0.225,"Trending III",2,NA,NA,0,NA,NA,0,NA,NA,0
"Hemisus barotseensis",NA,NA,0,NA,NA,0,NA,NA,0,NA,NA,0
"Hemisus guttatus",NA,NA,0,NA,NA,0,NA,NA,0,NA,NA,0
"Hemisus marmoratus",NA,NA,0,NA,NA,0,NA,NA,0,NA,NA,0
"Hemitaurichthys polylepis",NA,NA,0,NA,NA,0,NA,NA,0,NA,NA,0
"Hemitaurichthys zoster",NA,NA,0,NA,NA,0,NA,NA,0,NA,NA,0
"Hemitheconyx caudicinctus",0.0674501053567095,"Type II",8,NA,NA,1,NA,NA,0,NA,NA,1
"Hemitragus hylocrius",NA,NA,0,NA,NA,0,NA,NA,0,NA,NA,0
"Hemitragus jemlahicus",-0.11,"Trending III",2,NA,NA,1,NA,NA,0,NA,NA,1
"Hemitripterus bolini",NA,NA,0,NA,NA,0,NA,NA,0,NA,NA,0
"Hemitripterus villosus",NA,NA,0,NA,NA,0,NA,NA,0,NA,NA,0
"Hemitrygon akajei",NA,NA,0,NA,NA,0,NA,NA,0,NA,NA,0
"Heniochus acuminatus",NA,NA,0,NA,NA,0,NA,NA,0,NA,NA,0
"Heniochus chrysostomus",NA,NA,0,NA,NA,0,NA,NA,0,NA,NA,0
"Heniochus diphreutes",NA,NA,0,NA,NA,0,NA,NA,0,NA,NA,0
"Heniochus singularius",NA,NA,0,NA,NA,0,NA,NA,0,NA,NA,0
"Heniochus varius",NA,NA,0,NA,NA,0,NA,NA,0,NA,NA,0
"Henricia sanguinolenta",NA,NA,0,NA,NA,0,NA,NA,0,NA,NA,0
"Heosemys depressa",NA,NA,0,NA,NA,0,NA,NA,0,NA,NA,0
"Heosemys spinosa",NA,NA,0,NA,NA,0,NA,NA,0,NA,NA,0
"Herichthys carpintis",NA,NA,0,NA,NA,0,NA,NA,0,NA,NA,0
"Heros efasciatus",NA,NA,0,NA,NA,0,NA,NA,0,NA,NA,0
"Heros severus",NA,NA,0,NA,NA,0,NA,NA,0,NA,NA,0
"Herpele squalostoma",NA,NA,0,NA,NA,0,NA,NA,0,NA,NA,0
"Herpestes javanicus",NA,NA,0,NA,NA,0,NA,NA,0,NA,NA,0
"Herpetopoma helix",NA,NA,0,NA,NA,0,NA,NA,0,NA,NA,0
"Heterixalus madagascariensis",NA,NA,0,NA,NA,0,NA,NA,0,NA,NA,0
"Heterocentrotus mamillatus",NA,NA,0,NA,NA,0,NA,NA,0,NA,NA,0
"Heterocephalus glaber",-0.0268175415825547,"Type II",45,-0.345,"Type III",2,-0.16,"Trending III",2,-0.208583958321314,"Trending III",4
"Heteroconger hassi",NA,NA,0,NA,NA,0,NA,NA,0,NA,NA,0
"Heteroconger luteolus",NA,NA,0,NA,NA,0,NA,NA,0,NA,NA,0
"Heteroconger polyzona",NA,NA,0,NA,NA,0,NA,NA,0,NA,NA,0
"Heterodon nasicus",0.0359650544405135,"Type II",27,0.18,"Trending I",3,-0.0596664909443971,"Type II",10,0.0745842308736147,"Type II",13
"Heterodon platirhinos",NA,NA,1,NA,NA,0,NA,NA,0,NA,NA,0
"Heterodontus francisci",NA,NA,1,NA,NA,0,NA,NA,0,NA,NA,0
"Heterodontus mexicanus",NA,NA,1,NA,NA,0,NA,NA,0,NA,NA,0
"Heterodontus portujacksoni",NA,NA,0,NA,NA,0,NA,NA,0,NA,NA,0
"Heterodontus ramalheira",NA,NA,0,NA,NA,0,NA,NA,0,NA,NA,0
"Heterodontus zebra",NA,NA,0,NA,NA,0,NA,NA,0,NA,NA,0
"Heterohyrax brucei",-0.25,"Trending III",2,NA,NA,0,NA,NA,0,NA,NA,0
"Heterometrus spinifer",NA,NA,0,NA,NA,0,NA,NA,0,NA,NA,0
"Heteronotia binoei",NA,NA,1,NA,NA,0,NA,NA,0,NA,NA,0
"Heteropteryx dilatata",NA,NA,1,NA,NA,0,NA,NA,0,NA,NA,0
"Heterostichus rostratus",NA,NA,0,NA,NA,0,NA,NA,0,NA,NA,0
"Hexagrammos decagrammus",NA,NA,0,NA,NA,0,NA,NA,0,NA,NA,0
"Hexagrammos lagocephalus",NA,NA,0,NA,NA,0,NA,NA,0,NA,NA,0
"Hexagrammos stelleri",NA,NA,0,NA,NA,0,NA,NA,0,NA,NA,0
"Hexaprotodon liberiensis",0.262578717951898,"Trending I",11,NA,NA,0,0.305,"Type I",6,0.305,"Type I",6
"Himantopus himantopus",NA,NA,0,NA,NA,0,NA,NA,0,NA,NA,0
"Himantopus mexicanus",0.200414893900933,"Trending I",15,NA,NA,1,NA,NA,1,NA,NA,2
"Himantura leoparda",NA,NA,0,NA,NA,0,NA,NA,0,NA,NA,0
"Himantura polylepis",NA,NA,0,NA,NA,0,NA,NA,0,NA,NA,0
"Himantura uarnak",NA,NA,0,NA,NA,0,NA,NA,0,NA,NA,0
"Hippichthys cyanospilos",NA,NA,0,NA,NA,0,NA,NA,0,NA,NA,0
"Hippocampus abdominalis",NA,NA,0,NA,NA,0,NA,NA,0,NA,NA,0
"Hippocampus barbouri",NA,NA,0,NA,NA,0,NA,NA,0,NA,NA,0
"Hippocampus breviceps",NA,NA,0,NA,NA,0,NA,NA,0,NA,NA,0
"Hippocampus capensis",NA,NA,0,NA,NA,0,NA,NA,0,NA,NA,0
"Hippocampus comes",NA,NA,0,NA,NA,0,NA,NA,0,NA,NA,0
"Hippocampus coronatus",NA,NA,0,NA,NA,0,NA,NA,0,NA,NA,0
"Hippocampus erectus",0.3,"Type I",4,NA,NA,0,NA,NA,1,NA,NA,1
"Hippocampus fuscus",NA,NA,0,NA,NA,0,NA,NA,0,NA,NA,0
"Hippocampus guttulatus",NA,NA,0,NA,NA,0,NA,NA,0,NA,NA,0
"Hippocampus hippocampus",NA,NA,4,NA,NA,0,NA,NA,0,NA,NA,0
"Hippocampus ingens",NA,NA,0,NA,NA,0,NA,NA,0,NA,NA,0
"Hippocampus kelloggi",NA,NA,0,NA,NA,0,NA,NA,0,NA,NA,0
"Hippocampus kuda",NA,NA,0,NA,NA,0,NA,NA,0,NA,NA,0
"Hippocampus ramulosus",NA,NA,0,NA,NA,0,NA,NA,0,NA,NA,0
"Hippocampus reidi",NA,NA,1,NA,NA,0,NA,NA,0,NA,NA,0
"Hippocampus semispinosus",NA,NA,0,NA,NA,0,NA,NA,0,NA,NA,0
"Hippocampus whitei",NA,NA,0,NA,NA,0,NA,NA,0,NA,NA,0
"Hippocampus zebra",NA,NA,0,NA,NA,0,NA,NA,0,NA,NA,0
"Hippocampus zosterae",NA,NA,0,NA,NA,0,NA,NA,0,NA,NA,0
"Hippoglossus hippoglossus",NA,NA,0,NA,NA,0,NA,NA,0,NA,NA,0
"Hippoglossus stenolepis",NA,NA,0,NA,NA,0,NA,NA,0,NA,NA,0
"Hippopotamus amphibius",NA,NA,1,NA,NA,0,NA,NA,0,NA,NA,0
"Hippotragus equinus",-0.0329902468686224,"Type II",12,NA,NA,0,NA,NA,1,NA,NA,1
"Hippotragus niger",0.298650494354597,"Trending I",39,0.283070904722062,"Trending I",11,0.390334752630571,"Type I",4,0.309654033417097,"Type I",15
"Hirundo rustica",NA,NA,0,NA,NA,0,NA,NA,0,NA,NA,0
"Histrio histrio",NA,NA,0,NA,NA,0,NA,NA,0,NA,NA,0
"Histrionicus histrionicus",0.0330494914123022,"Type II",6,NA,NA,0,NA,NA,0,NA,NA,0
"Histriophoca fasciata",NA,NA,0,NA,NA,0,NA,NA,0,NA,NA,0
"Holacanthus bermudensis",NA,NA,0,NA,NA,0,NA,NA,0,NA,NA,0
"Holacanthus ciliaris",NA,NA,0,NA,NA,0,NA,NA,0,NA,NA,0
"Holacanthus clarionensis",NA,NA,0,NA,NA,0,NA,NA,0,NA,NA,0
"Holacanthus limbaughi",NA,NA,0,NA,NA,0,NA,NA,0,NA,NA,0
"Holacanthus passer",NA,NA,0,NA,NA,0,NA,NA,0,NA,NA,0
"Holacanthus tricolor",NA,NA,0,NA,NA,0,NA,NA,0,NA,NA,0
"Holbrookia elegans",NA,NA,0,NA,NA,0,NA,NA,0,NA,NA,0
"Holbrookia lacerata",NA,NA,2,NA,NA,0,NA,NA,0,NA,NA,0
"Holbrookia maculata",NA,NA,0,NA,NA,0,NA,NA,0,NA,NA,0
"Holocentrus rufus",NA,NA,0,NA,NA,0,NA,NA,0,NA,NA,0
"Hologymnosus rhodonotus",NA,NA,0,NA,NA,0,NA,NA,0,NA,NA,0
"Holothuria fuscopunctata",NA,NA,0,NA,NA,0,NA,NA,0,NA,NA,0
"Homalopsis buccata",NA,NA,0,NA,NA,0,NA,NA,0,NA,NA,0
"Homarus americanus",-0.235,"Trending III",2,NA,NA,0,NA,NA,0,NA,NA,0
"Homopholis walbergii",NA,NA,0,NA,NA,0,NA,NA,0,NA,NA,0
"Homopus areolatus",NA,NA,1,NA,NA,0,NA,NA,0,NA,NA,0
"Homopus signatus",NA,NA,1,NA,NA,0,NA,NA,0,NA,NA,0
"Hoplostethus atlanticus",NA,NA,0,NA,NA,0,NA,NA,0,NA,NA,0
"Hyaena brunnea",0.225,"Trending I",2,0.225,"Trending I",2,NA,NA,0,0.225,"Trending I",2
"Hyaena hyaena",-0.265,"Trending III",2,NA,NA,0,NA,NA,0,NA,NA,0
"Hyalinobatrachium talamancae",NA,NA,0,NA,NA,0,NA,NA,0,NA,NA,0
"Hyas araneus",NA,NA,0,NA,NA,0,NA,NA,0,NA,NA,0
"Hybognathus amarus",NA,NA,0,NA,NA,0,NA,NA,0,NA,NA,0
"Hydrictis maculicollis",0.065,"Type II",3,0.065,"Type II",3,NA,NA,0,0.065,"Type II",3
"Hydrochoerus hydrochaeris",0.184486211772714,"Trending I",74,0.218797883014861,"Trending I",19,0.298710830642395,"Trending I",10,0.251205017208123,"Trending I",29
"Hydrocynus goliath",NA,NA,0,NA,NA,0,NA,NA,0,NA,NA,0
"Hydrocynus vittatus",NA,NA,0,NA,NA,0,NA,NA,0,NA,NA,0
"Hydrodynastes gigas",0.166540931391491,"Trending I",7,NA,NA,1,NA,NA,0,NA,NA,1
"Hydrolagus colliei",NA,NA,0,NA,NA,0,NA,NA,0,NA,NA,0
"Hydrolycus scomberoides",NA,NA,0,NA,NA,0,NA,NA,0,NA,NA,0
"Hydromedusa tectifera",NA,NA,0,NA,NA,0,NA,NA,0,NA,NA,0
"Hydrophis elegans",NA,NA,0,NA,NA,0,NA,NA,0,NA,NA,0
"Hydrophis platurus",NA,NA,0,NA,NA,0,NA,NA,0,NA,NA,0
"Hydropotes inermis",NA,NA,1,NA,NA,0,NA,NA,0,NA,NA,0
"Hydroprogne caspia",NA,NA,0,NA,NA,0,NA,NA,0,NA,NA,0
"Hydrosaurus pustulatus",NA,NA,2,NA,NA,0,NA,NA,0,NA,NA,0
"Hydrosaurus weberi",NA,NA,0,NA,NA,0,NA,NA,0,NA,NA,0
"Hyla andersonii",NA,NA,0,NA,NA,0,NA,NA,0,NA,NA,0
"Hyla arborea",NA,NA,0,NA,NA,0,NA,NA,0,NA,NA,0
"Hyla arenicolor",NA,NA,0,NA,NA,0,NA,NA,0,NA,NA,0
"Hyla chrysoscelis",NA,NA,0,NA,NA,0,NA,NA,0,NA,NA,0
"Hyla cinerea",NA,NA,0,NA,NA,0,NA,NA,0,NA,NA,0
"Hyla gratiosa",0.195,"Trending I",2,NA,NA,0,NA,NA,1,NA,NA,1
"Hyla squirella",NA,NA,0,NA,NA,0,NA,NA,0,NA,NA,0
"Dryophytes versicolor",NA,NA,1,NA,NA,1,NA,NA,0,NA,NA,1
"Hylarana daemeli",NA,NA,0,NA,NA,0,NA,NA,0,NA,NA,0
"Hylarana grandocula",NA,NA,0,NA,NA,0,NA,NA,0,NA,NA,0
"Hylobates agilis",-0.0996771472252026,"Type II",3,NA,NA,0,NA,NA,0,NA,NA,0
"Hylobates concolor",NA,NA,10,NA,NA,0,NA,NA,2,NA,NA,2
"Hylobates gabriellae",NA,NA,0,NA,NA,0,NA,NA,0,NA,NA,0
"Hylobates hoolock",NA,NA,1,NA,NA,0,NA,NA,0,NA,NA,0
"Hylobates lar",0.168815722565076,"Trending I",16,-0.117705857137948,"Trending III",5,0.295,"Trending I",2,0.112566222931268,"Trending I",7
"Hylobates leucogenys",NA,NA,0,NA,NA,0,NA,NA,0,NA,NA,0
"Hylobates moloch",NA,NA,0,NA,NA,0,NA,NA,0,NA,NA,0
"Hylobates muelleri",NA,NA,0,NA,NA,0,NA,NA,0,NA,NA,0
"Hylobates pileatus",0.438660533859753,"Type I",6,NA,NA,0,NA,NA,0,NA,NA,0
"Hylomantis lemur",NA,NA,0,NA,NA,0,NA,NA,0,NA,NA,0
"Hylopetes winstoni",NA,NA,0,NA,NA,0,NA,NA,0,NA,NA,0
"Hyloxalus azureiventris",NA,NA,0,NA,NA,0,NA,NA,0,NA,NA,0
"Hymenochirus boettgeri",NA,NA,0,NA,NA,0,NA,NA,0,NA,NA,0
"Hypanus sabina",NA,NA,0,NA,NA,0,NA,NA,0,NA,NA,0
"Hypargos margaritatus",NA,NA,0,NA,NA,0,NA,NA,0,NA,NA,0
"Hypargos niveoguttatus",NA,NA,6,NA,NA,0,NA,NA,1,NA,NA,1
"Hypentelium nigricans",NA,NA,0,NA,NA,0,NA,NA,0,NA,NA,0
"Hypergerus atriceps",NA,NA,8,NA,NA,0,NA,NA,0,NA,NA,0
"Hyperolius argus",NA,NA,0,NA,NA,0,NA,NA,0,NA,NA,0
"Hyperolius substriatus",NA,NA,0,NA,NA,0,NA,NA,0,NA,NA,0
"Hyperprosopon argenteum",NA,NA,0,NA,NA,0,NA,NA,0,NA,NA,0
"Hyphessobrycon amandae",NA,NA,0,NA,NA,0,NA,NA,0,NA,NA,0
"Hyphessobrycon anisitsi",NA,NA,0,NA,NA,0,NA,NA,0,NA,NA,0
"Hyphessobrycon bentosi",NA,NA,0,NA,NA,0,NA,NA,0,NA,NA,0
"Hyphessobrycon eques",NA,NA,0,NA,NA,0,NA,NA,0,NA,NA,0
"Hyphessobrycon erythrostigma",NA,NA,0,NA,NA,0,NA,NA,0,NA,NA,0
"Hyphessobrycon herbertaxelrodi",NA,NA,0,NA,NA,0,NA,NA,0,NA,NA,0
"Hyphessobrycon megalopterus",NA,NA,0,NA,NA,0,NA,NA,0,NA,NA,0
"Hyphessobrycon pulchripinnis",NA,NA,0,NA,NA,0,NA,NA,0,NA,NA,0
"Hypogeomys antimena",0.187479715443139,"Trending I",6,0.4,"Type I",2,-0.335,"Type III",2,0.161230583386218,"Trending I",4
"Hypopachus variolosus",NA,NA,0,NA,NA,0,NA,NA,0,NA,NA,0
"Hypoplectrus gemma",NA,NA,0,NA,NA,0,NA,NA,0,NA,NA,0
"Hypoplectrus indigo",NA,NA,0,NA,NA,0,NA,NA,0,NA,NA,0
"Hypoplectrus nigricans",NA,NA,0,NA,NA,0,NA,NA,0,NA,NA,0
"Hypoplectrus puella",NA,NA,0,NA,NA,0,NA,NA,0,NA,NA,0
"Hypoplectrus unicolor",NA,NA,0,NA,NA,0,NA,NA,0,NA,NA,0
"Hyporhamphus melanochir",NA,NA,0,NA,NA,0,NA,NA,0,NA,NA,0
"Hyporthodus acanthistius",NA,NA,0,NA,NA,0,NA,NA,0,NA,NA,0
"Hyporthodus niveatus",NA,NA,0,NA,NA,0,NA,NA,0,NA,NA,0
"Hypostomus plecostomus",NA,NA,0,NA,NA,0,NA,NA,0,NA,NA,0
"Hypothymis azurea",NA,NA,0,NA,NA,0,NA,NA,0,NA,NA,0
"Hypselotriton orientalis",NA,NA,0,NA,NA,0,NA,NA,0,NA,NA,0
"Hypsiboas caingua",NA,NA,0,NA,NA,0,NA,NA,0,NA,NA,0
"Hypsiboas geographicus",NA,NA,0,NA,NA,0,NA,NA,0,NA,NA,0
"Hypsiboas raniceps",NA,NA,0,NA,NA,0,NA,NA,0,NA,NA,0
"Hypsiboas rufitelus",NA,NA,0,NA,NA,0,NA,NA,0,NA,NA,0
"Hypsiglena torquata",-0.066685106169992,"Type II",10,NA,NA,0,NA,NA,0,NA,NA,0
"Hypsilurus boydii",NA,NA,0,NA,NA,0,NA,NA,0,NA,NA,0
"Hypsipetes thompsoni",NA,NA,0,NA,NA,0,NA,NA,0,NA,NA,0
"Hypsopsetta guttulata",NA,NA,0,NA,NA,0,NA,NA,0,NA,NA,0
"Hypsurus caryi",NA,NA,0,NA,NA,0,NA,NA,0,NA,NA,0
"Hypsypops rubicundus",NA,NA,0,NA,NA,0,NA,NA,0,NA,NA,0
"Hystrix africaeaustralis",-0.00191729165464738,"Type II",4,NA,NA,1,NA,NA,1,0.015,"Type II",2
"Hystrix cristata",0.140852380813361,"Trending I",12,0.346200851578343,"Type I",4,-0.02,"Type II",4,0.198437110184854,"Trending I",8
"Hystrix indica",-0.005,"Type II",2,NA,NA,0,NA,NA,0,NA,NA,0
"Iberolacerta monticola",NA,NA,9,NA,NA,0,NA,NA,1,NA,NA,1
"Icelinus tenuis",NA,NA,0,NA,NA,0,NA,NA,0,NA,NA,0
"Ichthyophis beddomei",NA,NA,0,NA,NA,0,NA,NA,0,NA,NA,0
"Ichthyosaura alpestris",NA,NA,0,NA,NA,0,NA,NA,0,NA,NA,0
"Ictalurus furcatus",NA,NA,0,NA,NA,0,NA,NA,0,NA,NA,0
"Ictalurus punctatus",NA,NA,1,NA,NA,0,NA,NA,0,NA,NA,0
"Icterus galbula",NA,NA,0,NA,NA,0,NA,NA,0,NA,NA,0
"Icterus gularis",NA,NA,1,NA,NA,0,NA,NA,0,NA,NA,0
"Icterus icterus",NA,NA,14,NA,NA,1,NA,NA,1,NA,NA,2
"Icterus parisorum",NA,NA,0,NA,NA,0,NA,NA,0,NA,NA,0
"Icterus pectoralis",NA,NA,1,NA,NA,0,NA,NA,0,NA,NA,0
"Ictidomys tridecemlineatus",NA,NA,1,NA,NA,0,NA,NA,0,NA,NA,0
"Ictinaetus malaiensis",NA,NA,0,NA,NA,0,NA,NA,0,NA,NA,0
"Ictinia mississippiensis",NA,NA,0,NA,NA,0,NA,NA,0,NA,NA,0
"Ictiobus niger",NA,NA,0,NA,NA,0,NA,NA,0,NA,NA,0
"Idiacanthus fasciola",NA,NA,0,NA,NA,0,NA,NA,0,NA,NA,0
"Idiopsar brachyurus",NA,NA,1,NA,NA,0,NA,NA,0,NA,NA,0
"Iguana delicatissima",NA,NA,1,NA,NA,0,NA,NA,0,NA,NA,0
"Iguana iguana",0.316336132445106,"Type I",14,0.305,"Type I",7,NA,NA,1,0.305,"Type I",8
"Ilyodon furcidens",NA,NA,0,NA,NA,0,NA,NA,0,NA,NA,0
"Imantodes cenchoa",NA,NA,0,NA,NA,0,NA,NA,0,NA,NA,0
"Incilius alvarius",NA,NA,0,NA,NA,0,NA,NA,0,NA,NA,0
"Incilius coniferus",NA,NA,0,NA,NA,0,NA,NA,0,NA,NA,0
"Incilius cristatus",NA,NA,0,NA,NA,0,NA,NA,0,NA,NA,0
"Incilius nebulifer",NA,NA,0,NA,NA,0,NA,NA,0,NA,NA,0
"Indotestudo elongata",NA,NA,2,NA,NA,0,NA,NA,0,NA,NA,0
"Indotestudo forstenii",-0.415,"Type III",2,NA,NA,0,NA,NA,0,NA,NA,0
"Inia geoffrensis",NA,NA,0,NA,NA,0,NA,NA,0,NA,NA,0
"Iniistius umbrilatus",NA,NA,0,NA,NA,0,NA,NA,0,NA,NA,0
"Inimicus caledonicus",NA,NA,0,NA,NA,0,NA,NA,0,NA,NA,0
"Intellagama lesueurii",-0.2,"Trending III",2,NA,NA,0,NA,NA,0,NA,NA,0
"Irena cyanogaster",NA,NA,0,NA,NA,0,NA,NA,0,NA,NA,0
"Irena puella",-0.415,"Type III",2,NA,NA,0,NA,NA,0,NA,NA,0
"Isothrix pagurus",NA,NA,1,NA,NA,0,NA,NA,0,NA,NA,0
"Isurus oxyrinchus",NA,NA,0,NA,NA,0,NA,NA,0,NA,NA,0
"Ixobrychus exilis",NA,NA,0,NA,NA,0,NA,NA,0,NA,NA,0
"Jabiru mycteria",NA,NA,2,NA,NA,0,NA,NA,0,NA,NA,0
"Jacana jacana",NA,NA,6,NA,NA,0,NA,NA,0,NA,NA,0
"Jaculus jaculus",NA,NA,1,NA,NA,0,NA,NA,0,NA,NA,0
"Jordanella floridae",NA,NA,0,NA,NA,0,NA,NA,0,NA,NA,0
"Jordania zonope",NA,NA,0,NA,NA,0,NA,NA,0,NA,NA,0
"Junco hyemalis",NA,NA,0,NA,NA,0,NA,NA,0,NA,NA,0
"Kaloula pulchra",NA,NA,0,NA,NA,0,NA,NA,0,NA,NA,0
"Katharina tunicata",NA,NA,0,NA,NA,0,NA,NA,0,NA,NA,0
"Kerodon rupestris",0.143343237749713,"Trending I",6,0.2,"Trending I",4,NA,NA,0,0.2,"Trending I",4
"Kinixys belliana",-0.127995933250874,"Trending III",3,NA,NA,0,NA,NA,0,NA,NA,0
"Kinixys erosa",-0.196740778370494,"Trending III",6,NA,NA,0,NA,NA,0,NA,NA,0
"Kinixys homeana",NA,NA,2,NA,NA,0,NA,NA,0,NA,NA,0
"Kinixys spekii",NA,NA,0,NA,NA,0,NA,NA,0,NA,NA,0
"Kinosternon flavescens",NA,NA,1,NA,NA,0,NA,NA,0,NA,NA,0
"Kinosternon hirtipes",NA,NA,0,NA,NA,0,NA,NA,0,NA,NA,0
"Kinosternon scorpioides",NA,NA,0,NA,NA,0,NA,NA,0,NA,NA,0
"Kinosternon sonoriense",NA,NA,0,NA,NA,0,NA,NA,0,NA,NA,0
"Kinosternon subrubrum",NA,NA,0,NA,NA,0,NA,NA,0,NA,NA,0
"Kinyongia fischeri",NA,NA,2,NA,NA,0,NA,NA,0,NA,NA,0
"Kinyongia multituberculata",NA,NA,3,NA,NA,0,NA,NA,0,NA,NA,0
"Kinyongia tavetana",NA,NA,0,NA,NA,0,NA,NA,0,NA,NA,0
"Kobus defassa",NA,NA,0,NA,NA,0,NA,NA,0,NA,NA,0
"Kobus ellipsiprymnus",0.147795281507737,"Trending I",70,0.0892667182575582,"Type II",19,0.0696250712799875,"Type II",11,0.0793250965119437,"Type II",30
"Kobus leche",0.09,"Type II",2,NA,NA,0,NA,NA,0,NA,NA,0
"Kobus megaceros",0.243324604476794,"Trending I",33,0.227103523824279,"Trending I",10,0.279080280744246,"Trending I",6,0.27985617323491,"Trending I",16
"Kogia breviceps",NA,NA,0,NA,NA,0,NA,NA,0,NA,NA,0
"Kryptopterus vitreolus",NA,NA,0,NA,NA,0,NA,NA,0,NA,NA,0
"Kuhlia mugil",NA,NA,0,NA,NA,0,NA,NA,0,NA,NA,0
"Kupeornis gilberti",NA,NA,0,NA,NA,0,NA,NA,0,NA,NA,0
"Kyphosus sectatrix",NA,NA,0,NA,NA,0,NA,NA,0,NA,NA,0
"Labeotropheus trewavasae",NA,NA,0,NA,NA,0,NA,NA,0,NA,NA,0
"Labidochromis caeruleus",NA,NA,0,NA,NA,0,NA,NA,0,NA,NA,0
"Labroides dimidiatus",NA,NA,0,NA,NA,0,NA,NA,0,NA,NA,0
"Lacerta agilis",NA,NA,0,NA,NA,0,NA,NA,0,NA,NA,0
"Lacerta bilineata",NA,NA,0,NA,NA,0,NA,NA,0,NA,NA,0
"Lachesis melanocephala",0.086477194464283,"Type II",6,NA,NA,0,NA,NA,1,NA,NA,1
"Lachesis muta",0.04,"Type II",2,NA,NA,0,NA,NA,0,NA,NA,0
"Lachesis stenophrys",0.135,"Trending I",2,NA,NA,0,NA,NA,0,NA,NA,0
"Lachnolaimus maximus",NA,NA,0,NA,NA,0,NA,NA,0,NA,NA,0
"Lactophrys bicaudalis",NA,NA,0,NA,NA,0,NA,NA,0,NA,NA,0
"Lactoria cornuta",NA,NA,0,NA,NA,0,NA,NA,0,NA,NA,0
"Lagenorhynchus acutus",NA,NA,0,NA,NA,0,NA,NA,0,NA,NA,0
"Lagenorhynchus obliquidens",NA,NA,0,NA,NA,0,NA,NA,0,NA,NA,0
"Lagenorhynchus obscurus",NA,NA,0,NA,NA,0,NA,NA,0,NA,NA,0
"Lagocephalus spadiceus",NA,NA,0,NA,NA,0,NA,NA,0,NA,NA,0
"Lagodon rhomboides",NA,NA,0,NA,NA,0,NA,NA,0,NA,NA,0
"Lagonosticta larvata",NA,NA,0,NA,NA,0,NA,NA,0,NA,NA,0
"Lagonosticta nitidula",NA,NA,0,NA,NA,0,NA,NA,0,NA,NA,0
"Lagonosticta senegala",NA,NA,0,NA,NA,0,NA,NA,0,NA,NA,0
"Lagopus muta",NA,NA,0,NA,NA,0,NA,NA,0,NA,NA,0
"Lagothrix cana",0.0543173988219603,"Type II",5,NA,NA,0,NA,NA,1,NA,NA,1
"Lagothrix lagotricha",0.00908376325554372,"Type II",4,NA,NA,0,NA,NA,0,NA,NA,0
"Lama glama",0.253888213401378,"Trending I",58,0.205491961470017,"Trending I",12,0.154672943915876,"Trending I",10,0.181575141581612,"Trending I",22
"Lama guanicoe",NA,NA,0,NA,NA,0,NA,NA,0,NA,NA,0
"Lama pacos",NA,NA,9,NA,NA,1,NA,NA,0,NA,NA,1
"Lamprolepis smaragdina",NA,NA,5,NA,NA,0,NA,NA,0,NA,NA,0
"Lampropeltis alterna",0.188898198540773,"Trending I",13,0.149397829498714,"Trending I",8,NA,NA,1,0.213398512339391,"Trending I",9
"Lampropeltis californiae",NA,NA,0,NA,NA,0,NA,NA,0,NA,NA,0
"Lampropeltis calligaster",NA,NA,0,NA,NA,0,NA,NA,0,NA,NA,0
"Lampropeltis elapsoides",-0.48,"Type III",4,NA,NA,1,NA,NA,0,NA,NA,1
"Lampropeltis getula",0.11630070787494,"Trending I",55,0.0463203845794875,"Type II",34,0.015,"Type II",3,0.0485588843325429,"Type II",37
"Lampropeltis holbrooki",0.0158725948214712,"Type II",3,NA,NA,0,NA,NA,1,NA,NA,1
"Lampropeltis mexicana",0.193319085326996,"Trending I",10,0.145,"Trending I",7,NA,NA,0,0.145,"Trending I",7
"Lampropeltis nigra",NA,NA,0,NA,NA,0,NA,NA,0,NA,NA,0
"Lampropeltis pyromelana",0.0243273407860858,"Type II",12,0.0425227635790039,"Type II",6,NA,NA,0,0.0425227635790039,"Type II",6
"Lampropeltis triangulum",0.250713168002677,"Trending I",75,0.204657513572885,"Trending I",27,0.31471610093085,"Type I",14,0.249678237295114,"Trending I",41
"Lampropeltis zonata",0.0527031499520208,"Type II",11,-0.0440351256274932,"Type II",6,NA,NA,0,-0.0440351256274932,"Type II",6
"Lamprophis aurora",NA,NA,0,NA,NA,0,NA,NA,0,NA,NA,0
"Lamprophis fuliginosus",NA,NA,4,NA,NA,2,NA,NA,0,NA,NA,2
"Lamprotornis caudatus",NA,NA,1,NA,NA,0,NA,NA,0,NA,NA,0
"Lamprotornis chalybaeus",NA,NA,2,NA,NA,0,NA,NA,0,NA,NA,0
"Lamprotornis hildebrandti",NA,NA,0,NA,NA,0,NA,NA,0,NA,NA,0
"Lamprotornis nitens",NA,NA,2,NA,NA,0,NA,NA,0,NA,NA,0
"Lamprotornis purpureus",NA,NA,6,NA,NA,0,NA,NA,0,NA,NA,0
"Lamprotornis regius",NA,NA,5,NA,NA,0,NA,NA,0,NA,NA,0
"Lamprotornis splendidus",NA,NA,1,NA,NA,0,NA,NA,0,NA,NA,0
"Lamprotornis superbus",NA,NA,20,NA,NA,0,NA,NA,0,NA,NA,0
"Langaha madagascariensis",NA,NA,0,NA,NA,0,NA,NA,0,NA,NA,0
"Laniarius atrococcineus",NA,NA,1,NA,NA,0,NA,NA,0,NA,NA,0
"Laniarius erythrogaster",NA,NA,1,NA,NA,0,NA,NA,0,NA,NA,0
"Lanius ludovicianus",NA,NA,1,NA,NA,0,NA,NA,0,NA,NA,0
"Larosterna inca",0.159104094754094,"Trending I",40,NA,NA,1,NA,NA,1,0.38,"Type I",2
"Larus californicus",NA,NA,0,NA,NA,0,NA,NA,0,NA,NA,0
"Larus delawarensis",NA,NA,1,NA,NA,0,NA,NA,0,NA,NA,0
"Larus fuscus",NA,NA,0,NA,NA,0,NA,NA,0,NA,NA,0
"Larus glaucescens",NA,NA,0,NA,NA,0,NA,NA,0,NA,NA,0
"Larus heermanni",NA,NA,0,NA,NA,0,NA,NA,0,NA,NA,0
"Larus marinus",NA,NA,0,NA,NA,0,NA,NA,0,NA,NA,0
"Larus occidentalis",NA,NA,0,NA,NA,0,NA,NA,0,NA,NA,0
"Larus smithsonianus",NA,NA,0,NA,NA,0,NA,NA,0,NA,NA,0
"Lasionycteris noctivagans",NA,NA,0,NA,NA,0,NA,NA,0,NA,NA,0
"Lasiorhinus krefftii",NA,NA,0,NA,NA,0,NA,NA,0,NA,NA,0
"Lasiurus atratus",NA,NA,0,NA,NA,0,NA,NA,0,NA,NA,0
"Lateolabrax japonicus",NA,NA,0,NA,NA,0,NA,NA,0,NA,NA,0
"Lates calcarifer",NA,NA,0,NA,NA,0,NA,NA,0,NA,NA,0
"Lates niloticus",NA,NA,0,NA,NA,0,NA,NA,0,NA,NA,0
"Laticauda colubrina",NA,NA,0,NA,NA,0,NA,NA,0,NA,NA,0
"Latris lineata",NA,NA,0,NA,NA,0,NA,NA,0,NA,NA,0
"Latrodectus geometricus",NA,NA,0,NA,NA,0,NA,NA,0,NA,NA,0
"Latrodectus hesperus",NA,NA,0,NA,NA,0,NA,NA,0,NA,NA,0
"Leiocephalus personatus",NA,NA,0,NA,NA,0,NA,NA,0,NA,NA,0
"Leiocephalus schreibersii",NA,NA,0,NA,NA,0,NA,NA,0,NA,NA,0
"Leioheterodon madagascariensis",0.157892218488537,"Trending I",8,0.0730279210851812,"Type II",3,NA,NA,0,0.0730279210851812,"Type II",3
"Leiopython albertisii",NA,NA,1,NA,NA,0,NA,NA,0,NA,NA,0
"Leiothrix argentauris",NA,NA,5,NA,NA,0,NA,NA,0,NA,NA,0
"Leiothrix lutea",0.151377702550823,"Trending I",25,NA,NA,0,NA,NA,1,NA,NA,1
"Leiurus quinquestriatus",NA,NA,0,NA,NA,0,NA,NA,0,NA,NA,0
"Lemmus trimucronatus",NA,NA,0,NA,NA,0,NA,NA,0,NA,NA,0
"Lemniscomys rosalia",NA,NA,0,NA,NA,0,NA,NA,0,NA,NA,0
"Lemur catta",0.232472917271091,"Trending I",139,0.247529201735585,"Trending I",47,0.0873663495093185,"Type II",27,0.232226886954689,"Trending I",74
"Leontopithecus chrysomelas",0.28882147425032,"Trending I",125,0.347575749291642,"Type I",22,0.298013364438071,"Trending I",25,0.335955179796266,"Type I",47
"Leontopithecus midas",NA,NA,0,NA,NA,0,NA,NA,0,NA,NA,0
"Leontopithecus rosalia",0.073609650966162,"Type II",3,NA,NA,0,0.025,"Type II",2,0.025,"Type II",2
"Leopardus geoffroyi",0.146083982092968,"Trending I",4,NA,NA,0,0.325,"Type I",3,0.325,"Type I",3
"Leopardus pardalis",0.271604331620868,"Trending I",22,0.262467405984931,"Trending I",8,0.175,"Trending I",2,0.311621892328476,"Type I",10
"Leopardus wiedii",NA,NA,0,NA,NA,0,NA,NA,0,NA,NA,0
"Lepidobatrachus laevis",NA,NA,0,NA,NA,0,NA,NA,0,NA,NA,0
"Lepidochelys kempii",-0.495,"Type III",5,NA,NA,0,NA,NA,0,NA,NA,0
"Lepidochelys olivacea",NA,NA,0,NA,NA,0,NA,NA,0,NA,NA,0
"Lepidopsetta bilineata",NA,NA,0,NA,NA,0,NA,NA,0,NA,NA,0
"Lepidopsetta polyxystra",NA,NA,0,NA,NA,0,NA,NA,0,NA,NA,0
"Lepidosiren paradoxa",NA,NA,2,NA,NA,1,NA,NA,0,NA,NA,1
"Lepidothrix vilasboasi",NA,NA,0,NA,NA,0,NA,NA,0,NA,NA,0
"Lepisma saccharina",NA,NA,0,NA,NA,0,NA,NA,0,NA,NA,0
"Lepisosteus oculatus",NA,NA,1,NA,NA,0,NA,NA,1,NA,NA,1
"Lepisosteus osseus",NA,NA,0,NA,NA,0,NA,NA,0,NA,NA,0
"Lepisosteus platyrhincus",NA,NA,0,NA,NA,0,NA,NA,0,NA,NA,0
"Lepomis auritus",NA,NA,0,NA,NA,0,NA,NA,0,NA,NA,0
"Lepomis cyanellus",NA,NA,0,NA,NA,0,NA,NA,0,NA,NA,0
"Lepomis gibbosus",NA,NA,0,NA,NA,0,NA,NA,0,NA,NA,0
"Lepomis gulosus",NA,NA,0,NA,NA,0,NA,NA,0,NA,NA,0
"Lepomis humilis",NA,NA,0,NA,NA,0,NA,NA,0,NA,NA,0
"Lepomis macrochirus",NA,NA,1,NA,NA,0,NA,NA,0,NA,NA,0
"Lepomis megalotis",NA,NA,0,NA,NA,0,NA,NA,0,NA,NA,0
"Lepomis microlophus",NA,NA,0,NA,NA,0,NA,NA,0,NA,NA,0
"Leptachirus klunzingeri",NA,NA,0,NA,NA,0,NA,NA,0,NA,NA,0
"Leptailurus serval",0.204580858181009,"Trending I",23,0.199188632372746,"Trending I",12,0.215,"Trending I",2,0.249110530551768,"Trending I",14
"Leptocottus armatus",NA,NA,0,NA,NA,0,NA,NA,0,NA,NA,0
"Leptodactylus fallax",NA,NA,1,NA,NA,0,NA,NA,0,NA,NA,0
"Leptodactylus pentadactylus",-0.0597597595574281,"Type II",17,NA,NA,0,NA,NA,1,NA,NA,1
"Leptodeira annulata",NA,NA,2,NA,NA,0,NA,NA,0,NA,NA,0
"Leptonotus elevatus",NA,NA,0,NA,NA,0,NA,NA,0,NA,NA,0
"Leptonycteris nivalis",-0.129742501084005,"Trending III",5,NA,NA,0,NA,NA,0,NA,NA,0
"Leptonycteris yerbabuenae",NA,NA,1,NA,NA,0,NA,NA,0,NA,NA,0
"Leptopelis parbocagii",NA,NA,0,NA,NA,0,NA,NA,0,NA,NA,0
"Leptopelis vermiculatus",NA,NA,0,NA,NA,0,NA,NA,0,NA,NA,0
"Leptophis ahaetulla",NA,NA,0,NA,NA,0,NA,NA,0,NA,NA,0
"Leptoptilos crumenifer",0.181946004313676,"Trending I",16,0.302239042348975,"Type I",5,NA,NA,1,0.282168865587411,"Trending I",6
"Leptoptilos javanicus",NA,NA,1,NA,NA,0,NA,NA,0,NA,NA,0
"Leptotila jamaicensis",NA,NA,0,NA,NA,0,NA,NA,0,NA,NA,0
"Leptotila verreauxi",NA,NA,0,NA,NA,0,NA,NA,0,NA,NA,0
"Leptotyphlops dulcis",NA,NA,0,NA,NA,0,NA,NA,0,NA,NA,0
"Lepus americanus",NA,NA,1,NA,NA,0,NA,NA,0,NA,NA,0
"Lepus californicus",NA,NA,0,NA,NA,0,NA,NA,0,NA,NA,0
"Leucocarbo atriceps",NA,NA,3,NA,NA,0,NA,NA,0,NA,NA,0
"Leucocephalon yuwonoi",NA,NA,0,NA,NA,0,NA,NA,0,NA,NA,0
"Leucophaeus atricilla",NA,NA,2,NA,NA,0,NA,NA,0,NA,NA,0
"Leucophaeus pipixcan",NA,NA,0,NA,NA,0,NA,NA,0,NA,NA,0
"Leucopsar rothschildi",0.202602158037442,"Trending I",48,0.141474608927925,"Trending I",6,-0.136099484093348,"Trending III",3,0.0898774218500497,"Type II",9
"Leucosarcia melanoleuca",-0.345,"Type III",3,NA,NA,0,NA,NA,1,NA,NA,1
"Lialis burtonis",NA,NA,1,NA,NA,0,NA,NA,0,NA,NA,0
"Liasis fuscus",NA,NA,0,NA,NA,0,NA,NA,0,NA,NA,0
"Liasis mackloti",NA,NA,2,NA,NA,0,NA,NA,0,NA,NA,0
"Limnodromus griseus",NA,NA,0,NA,NA,0,NA,NA,0,NA,NA,0
"Limosa fedoa",NA,NA,1,NA,NA,0,NA,NA,0,NA,NA,0
"Linckia laevigata",NA,NA,0,NA,NA,0,NA,NA,0,NA,NA,0
"Liocichla phoenicea",NA,NA,1,NA,NA,0,NA,NA,0,NA,NA,0
"Liopropoma eukrines",NA,NA,0,NA,NA,0,NA,NA,0,NA,NA,0
"Lioptilus nigricapillus",NA,NA,1,NA,NA,0,NA,NA,0,NA,NA,0
"Liparis montagui",NA,NA,0,NA,NA,0,NA,NA,0,NA,NA,0
"Lipaugus vociferans",NA,NA,1,NA,NA,0,NA,NA,0,NA,NA,0
"Lissemys punctata",NA,NA,0,NA,NA,0,NA,NA,0,NA,NA,0
"Lithobates blairi",NA,NA,0,NA,NA,0,NA,NA,0,NA,NA,0
"Lithobates capito",NA,NA,0,NA,NA,0,NA,NA,0,NA,NA,0
"Lithobates catesbeianus",0.22,"Trending I",2,NA,NA,0,NA,NA,0,NA,NA,0
"Lithobates chiricahuensis",NA,NA,0,NA,NA,0,NA,NA,0,NA,NA,0
"Lithobates clamitans",NA,NA,0,NA,NA,0,NA,NA,0,NA,NA,0
"Lithobates grylio",NA,NA,0,NA,NA,0,NA,NA,0,NA,NA,0
"Lithobates onca",NA,NA,0,NA,NA,0,NA,NA,0,NA,NA,0
"Lithobates palustris",NA,NA,0,NA,NA,0,NA,NA,0,NA,NA,0
"Lithobates pipiens",NA,NA,5,NA,NA,2,NA,NA,1,NA,NA,3
"Lithobates sevosus",NA,NA,0,NA,NA,0,NA,NA,0,NA,NA,0
"Lithobates sphenocephalus",NA,NA,0,NA,NA,0,NA,NA,0,NA,NA,0
"Lithobates subaquavocalis",NA,NA,0,NA,NA,0,NA,NA,0,NA,NA,0
"Lithobates sylvaticus",NA,NA,0,NA,NA,0,NA,NA,0,NA,NA,0
"Lithobates tarahumarae",NA,NA,0,NA,NA,0,NA,NA,0,NA,NA,0
"Lithobates yavapaiensis",NA,NA,0,NA,NA,0,NA,NA,0,NA,NA,0
"Litocranius walleri",0.131366860060188,"Trending I",76,-0.035,"Type II",3,-0.0910797097103305,"Type II",8,-0.0385083240834488,"Type II",11
"Litoria aurea",NA,NA,0,NA,NA,0,NA,NA,0,NA,NA,0
"Litoria caerulea",-0.206276788184573,"Trending III",5,NA,NA,0,NA,NA,1,NA,NA,1
"Litoria cavernicola",NA,NA,0,NA,NA,0,NA,NA,0,NA,NA,0
"Litoria coplandi",NA,NA,0,NA,NA,0,NA,NA,0,NA,NA,0
"Litoria ewingii",NA,NA,0,NA,NA,0,NA,NA,0,NA,NA,0
"Litoria exophthalmia",NA,NA,0,NA,NA,0,NA,NA,0,NA,NA,0
"Litoria genimaculata",NA,NA,0,NA,NA,0,NA,NA,0,NA,NA,0
"Litoria gracilenta",NA,NA,0,NA,NA,0,NA,NA,0,NA,NA,0
"Nyctimystes infrafrenatus",NA,NA,1,NA,NA,0,NA,NA,0,NA,NA,0
"Litoria manya",NA,NA,0,NA,NA,0,NA,NA,0,NA,NA,0
"Litoria splendida",NA,NA,0,NA,NA,0,NA,NA,0,NA,NA,0
"Lonchura atricapilla",NA,NA,0,NA,NA,0,NA,NA,0,NA,NA,0
"Lonchura cantans",NA,NA,0,NA,NA,0,NA,NA,0,NA,NA,0
"Lonchura castaneothorax",NA,NA,3,NA,NA,0,NA,NA,0,NA,NA,0
"Lonchura cucullata",NA,NA,0,NA,NA,0,NA,NA,0,NA,NA,0
"Lonchura fringilloides",NA,NA,6,NA,NA,0,NA,NA,0,NA,NA,0
"Lonchura oryzivora",NA,NA,14,NA,NA,1,NA,NA,2,NA,NA,3
"Lonchura punctulata",NA,NA,0,NA,NA,0,NA,NA,0,NA,NA,0
"Lonchura striata",-0.180203672591758,"Trending III",8,NA,NA,0,NA,NA,0,NA,NA,0
"Lontra canadensis",0.166543157628829,"Trending I",89,0.19304248344478,"Trending I",28,0.15366528020277,"Trending I",12,0.21394357578164,"Trending I",40
"Lophius americanus",NA,NA,0,NA,NA,0,NA,NA,0,NA,NA,0
"Lophocebus aterrimus",NA,NA,5,NA,NA,4,NA,NA,0,NA,NA,4
"Lophodytes cucullatus",0.24744044630324,"Trending I",23,0.18529086494049,"Trending I",3,0.075,"Type II",2,0.160822974459336,"Trending I",5
"Lophonetta specularioides",NA,NA,1,NA,NA,0,NA,NA,0,NA,NA,0
"Lophophorus impejanus",NA,NA,12,NA,NA,0,NA,NA,2,NA,NA,2
"Lophorina superba",NA,NA,2,NA,NA,0,NA,NA,0,NA,NA,0
"Lophosaurus spinipes",NA,NA,0,NA,NA,0,NA,NA,0,NA,NA,0
"Lophospingus pusillus",NA,NA,6,NA,NA,0,NA,NA,0,NA,NA,0
"Lophotibis cristata",NA,NA,0,NA,NA,0,NA,NA,0,NA,NA,0
"Lophotis gindiana",NA,NA,14,NA,NA,0,NA,NA,0,NA,NA,0
"Lophura bulweri",NA,NA,2,NA,NA,0,NA,NA,1,NA,NA,1
"Lophura diardi",NA,NA,8,NA,NA,0,NA,NA,0,NA,NA,0
"Lophura edwardsi",NA,NA,8,NA,NA,0,NA,NA,0,NA,NA,0
"Lophura erythrophthalma",NA,NA,2,NA,NA,0,NA,NA,0,NA,NA,0
"Lophura ignita",NA,NA,4,NA,NA,1,NA,NA,0,NA,NA,1
"Lophura nycthemera",NA,NA,1,NA,NA,0,NA,NA,0,NA,NA,0
"Lophura swinhoii",NA,NA,0,NA,NA,0,NA,NA,0,NA,NA,0
"Loriculus galgulus",-0.246383458330929,"Trending III",4,NA,NA,0,NA,NA,0,NA,NA,0
"Loris tardigradus",0.0803228527747974,"Type II",3,NA,NA,1,NA,NA,0,NA,NA,1
"Lorius chlorocercus",NA,NA,1,NA,NA,0,NA,NA,0,NA,NA,0
"Lorius domicella",NA,NA,0,NA,NA,0,NA,NA,0,NA,NA,0
"Lorius garrulus",-0.0818365978387763,"Type II",18,NA,NA,0,NA,NA,1,NA,NA,1
"Lorius lory",-0.111225110210465,"Trending III",12,NA,NA,0,NA,NA,1,NA,NA,1
"Lota lota",NA,NA,0,NA,NA,0,NA,NA,0,NA,NA,0
"Loxia curvirostra",NA,NA,0,NA,NA,0,NA,NA,0,NA,NA,0
"Loxocemus bicolor",-0.164397099051591,"Trending III",9,-0.105,"Trending III",4,NA,NA,0,-0.105,"Trending III",4
"Loxodonta africana",0.16408316073885,"Trending I",12,NA,NA,0,NA,NA,0,NA,NA,0
"Loxorhynchus grandis",NA,NA,0,NA,NA,0,NA,NA,0,NA,NA,0
"Loxosceles reclusa",NA,NA,0,NA,NA,0,NA,NA,0,NA,NA,0
"Lucasium alboguttatum",NA,NA,0,NA,NA,0,NA,NA,0,NA,NA,0
"Lucasium damaeum",NA,NA,1,NA,NA,0,NA,NA,0,NA,NA,0
"Lumbricus terrestris",NA,NA,0,NA,NA,0,NA,NA,0,NA,NA,0
"Lumpenus sagitta",NA,NA,0,NA,NA,0,NA,NA,0,NA,NA,0
"Lutjanus apodus",NA,NA,0,NA,NA,0,NA,NA,0,NA,NA,0
"Lutjanus erythropterus",NA,NA,0,NA,NA,0,NA,NA,0,NA,NA,0
"Lutjanus gibbus",NA,NA,0,NA,NA,0,NA,NA,0,NA,NA,0
"Lutjanus griseus",NA,NA,0,NA,NA,0,NA,NA,0,NA,NA,0
"Lutjanus kasmira",NA,NA,0,NA,NA,0,NA,NA,0,NA,NA,0
"Lutjanus mahogoni",NA,NA,0,NA,NA,0,NA,NA,0,NA,NA,0
"Lutjanus sanguineus",NA,NA,0,NA,NA,0,NA,NA,0,NA,NA,0
"Lutjanus sebae",NA,NA,0,NA,NA,0,NA,NA,0,NA,NA,0
"Lutjanus synagris",NA,NA,0,NA,NA,0,NA,NA,0,NA,NA,0
"Lutra cinerea",NA,NA,0,NA,NA,0,NA,NA,0,NA,NA,0
"Luxilus chrysocephalus",NA,NA,0,NA,NA,0,NA,NA,0,NA,NA,0
"Luxilus cornutus",NA,NA,0,NA,NA,0,NA,NA,0,NA,NA,0
"Lybius dubius",NA,NA,12,NA,NA,0,NA,NA,0,NA,NA,0
"Lybius melanopterus",NA,NA,0,NA,NA,0,NA,NA,0,NA,NA,0
"Lycaena dorcas",NA,NA,0,NA,NA,0,NA,NA,0,NA,NA,0
"Lycaon pictus",0.213432925229082,"Trending I",91,0.23949741658866,"Trending I",59,0.0661235078859524,"Type II",11,0.228685643956744,"Trending I",70
"Lygodactylus williamsi",NA,NA,2,NA,NA,0,NA,NA,0,NA,NA,0
"Lynx canadensis",0.0955255293660515,"Type II",16,0.0551029995663981,"Type II",5,0.151185950714291,"Trending I",3,0.109466166676282,"Trending I",8
"Lynx lynx",0.175,"Trending I",2,NA,NA,0,0.175,"Trending I",2,0.175,"Trending I",2
"Lynx rufus",0.134646095072866,"Trending I",33,0.107906238536529,"Trending I",8,0.140130926131995,"Trending I",14,0.147217591127215,"Trending I",22
"Lysmata rathbunae",NA,NA,0,NA,NA,0,NA,NA,0,NA,NA,0
"Lystrophis dorbignyi",NA,NA,0,NA,NA,0,NA,NA,0,NA,NA,0
"Lysurus castaneiceps",NA,NA,0,NA,NA,0,NA,NA,0,NA,NA,0
"Lythrypnus dalli",NA,NA,0,NA,NA,0,NA,NA,0,NA,NA,0
"Lythrypnus gilberti",NA,NA,0,NA,NA,0,NA,NA,0,NA,NA,0
"M. polyacanthocephalus",NA,NA,0,NA,NA,0,NA,NA,0,NA,NA,0
"Macaca fascicularis",NA,NA,1,NA,NA,1,NA,NA,0,NA,NA,1
"Macaca fuscata",0.0534896377794222,"Type II",12,-0.165,"Trending III",2,0.0540626667435899,"Type II",4,0.0272219966640121,"Type II",6
"Macaca mulatta",-0.00796196450871356,"Type II",71,-0.0182802654934964,"Type II",6,-0.13,"Trending III",2,0.0154016207145852,"Type II",8
"Macaca nigra",0.194858127440933,"Trending I",11,NA,NA,0,0.065,"Type II",2,0.065,"Type II",2
"Macaca radiata",-0.22,"Trending III",2,NA,NA,0,NA,NA,1,NA,NA,1
"Macaca silenus",0.218487380297284,"Trending I",16,-0.125,"Trending III",2,0.075,"Type II",2,-0.025,"Type II",4
"Machlolophus spilonotus",NA,NA,1,NA,NA,0,NA,NA,0,NA,NA,0
"Macrocheira kaempferi",NA,NA,0,NA,NA,0,NA,NA,0,NA,NA,0
"Macrochelys temminckii",NA,NA,1,NA,NA,0,NA,NA,0,NA,NA,0
"Macroglossus sobrinus",NA,NA,0,NA,NA,0,NA,NA,0,NA,NA,0
"Macropharyngodon kuiteri",NA,NA,0,NA,NA,0,NA,NA,0,NA,NA,0
"Macropharyngodon meleagris",NA,NA,0,NA,NA,0,NA,NA,0,NA,NA,0
"Macropus agilis",-0.341637626062386,"Type III",5,NA,NA,0,NA,NA,0,NA,NA,0
"Macropus dorsalis",-0.13675684373162,"Trending III",3,NA,NA,0,NA,NA,0,NA,NA,0
"Macropus eugenii",0.232946263384978,"Trending I",36,0.225,"Trending I",4,NA,NA,0,0.225,"Trending I",4
"Macropus fuliginosus",0.168106314069577,"Trending I",13,0.115581729880981,"Trending I",3,0.105,"Trending I",2,0.127404148844621,"Trending I",5
"Macropus giganteus",0.169434635082631,"Trending I",11,NA,NA,1,NA,NA,1,-0.185,"Trending III",2
"Notamacropus parma",-0.0086923474798366,"Type II",18,NA,NA,0,NA,NA,0,NA,NA,0
"Osphranter robustus",0.196498966273735,"Trending I",63,0.218735008117021,"Trending I",17,0.140097750043269,"Trending I",4,0.268277371812097,"Trending I",21
"Notamacropus rufogriseus",0.0994353893540216,"Type II",59,0.273927892607144,"Trending I",3,NA,NA,1,0.273927892607144,"Trending I",4
"Osphranter rufus",-0.0113343710918608,"Type II",126,0.0842520462858868,"Type II",12,-0.0299917403922481,"Type II",7,0.0682291309428645,"Type II",19
"Macropygia nigrirostris",NA,NA,1,NA,NA,0,NA,NA,0,NA,NA,0
"Macroramphosus scolopax",NA,NA,0,NA,NA,0,NA,NA,0,NA,NA,0
"Macroscelides proboscideus",-0.144174219346844,"Trending III",8,-0.04,"Type II",2,-0.215,"Trending III",2,-0.0734862082780448,"Type II",4
"Macroscincus coctei",NA,NA,0,NA,NA,0,NA,NA,0,NA,NA,0
"Macrotus californicus",-0.239968012165693,"Trending III",3,NA,NA,0,NA,NA,0,NA,NA,0
"Macrovipera lebetina",NA,NA,1,NA,NA,0,NA,NA,0,NA,NA,0
"Macrovipera schweizeri",NA,NA,0,NA,NA,0,NA,NA,0,NA,NA,0
"Madecassophryne truebae",NA,NA,0,NA,NA,0,NA,NA,0,NA,NA,0
"Madoqua guentheri",0.281200790483834,"Trending I",25,0.289516116214296,"Trending I",6,0.0602178831451969,"Type II",4,0.250427014584114,"Trending I",10
"Madoqua kirkii",0.160591560181049,"Trending I",13,NA,NA,1,NA,NA,1,0.19,"Trending I",2
"Malaclemys terrapin",NA,NA,4,NA,NA,4,NA,NA,0,NA,NA,4
"Malacochersus tornieri",0.0261080487493661,"Type II",19,0.025,"Type II",5,NA,NA,0,0.025,"Type II",5
"Malapterurus electricus",NA,NA,0,NA,NA,0,NA,NA,0,NA,NA,0
"Malayemys macrocephala",NA,NA,0,NA,NA,0,NA,NA,0,NA,NA,0
"Malayopython reticulatus",NA,NA,0,NA,NA,0,NA,NA,0,NA,NA,0
"Malayopython timoriensis",-0.0850756297572921,"Type II",3,NA,NA,1,NA,NA,0,NA,NA,1
"Mallotus villosus",NA,NA,1,NA,NA,0,NA,NA,0,NA,NA,0
"Manacus vitellinus",NA,NA,0,NA,NA,0,NA,NA,0,NA,NA,0
"Mandingoa nitidula",NA,NA,0,NA,NA,0,NA,NA,0,NA,NA,0
"Mandrillus sphinx",0.236079543776615,"Trending I",41,0.169849343717703,"Trending I",9,0.146279977982331,"Trending I",9,0.193673528094207,"Trending I",18
"Manis tricuspis",NA,NA,1,NA,NA,0,NA,NA,0,NA,NA,0
"Manouria emys",-0.15455204885371,"Trending III",12,NA,NA,1,NA,NA,0,NA,NA,1
"Manouria impressa",NA,NA,6,NA,NA,0,NA,NA,0,NA,NA,0
"Mantella aurantiaca",0.100162670417663,"Trending I",14,NA,NA,0,-0.0449999999999999,"Type II",2,-0.0449999999999999,"Type II",2
"Mantella bernhardi",NA,NA,0,NA,NA,0,NA,NA,0,NA,NA,0
"Mantella cowanii",NA,NA,0,NA,NA,0,NA,NA,0,NA,NA,0
"Mantella crocea",NA,NA,0,NA,NA,0,NA,NA,0,NA,NA,0
"Mantella expectata",NA,NA,0,NA,NA,0,NA,NA,0,NA,NA,0
"Mantella laevigata",NA,NA,0,NA,NA,0,NA,NA,0,NA,NA,0
"Mantella madagascariensis",NA,NA,0,NA,NA,0,NA,NA,0,NA,NA,0
"Mantella milotympanum",NA,NA,0,NA,NA,0,NA,NA,0,NA,NA,0
"Mantella pulchra",NA,NA,0,NA,NA,0,NA,NA,0,NA,NA,0
"Mantella viridis",NA,NA,0,NA,NA,0,NA,NA,0,NA,NA,0
"Manucodia comrii",NA,NA,0,NA,NA,0,NA,NA,0,NA,NA,0
"Mareca americana",NA,NA,0,NA,NA,0,NA,NA,0,NA,NA,0
"Mareca falcata",NA,NA,0,NA,NA,0,NA,NA,0,NA,NA,0
"Mareca penelope",NA,NA,0,NA,NA,0,NA,NA,0,NA,NA,0
"Mareca sibilatrix",NA,NA,1,NA,NA,0,NA,NA,0,NA,NA,0
"Mareca strepera",NA,NA,0,NA,NA,0,NA,NA,0,NA,NA,0
"Margaroperdix madagarensis",NA,NA,2,NA,NA,0,NA,NA,0,NA,NA,0
"Marmaronetta angustirostris",NA,NA,0,NA,NA,0,NA,NA,0,NA,NA,0
"Marmota monax",0.0794372815339082,"Type II",8,0.12068934747258,"Trending I",6,NA,NA,0,0.12068934747258,"Trending I",6
"Marosatherina ladigesi",NA,NA,0,NA,NA,0,NA,NA,0,NA,NA,0
"Martes americana",NA,NA,0,NA,NA,0,NA,NA,0,NA,NA,0
"Mastacembelus armatus",NA,NA,0,NA,NA,0,NA,NA,0,NA,NA,0
"Mastacembelus brichardi",NA,NA,0,NA,NA,0,NA,NA,0,NA,NA,0
"Mastacembelus dayi",NA,NA,0,NA,NA,0,NA,NA,0,NA,NA,0
"Mastacembelus erythrotaenia",NA,NA,0,NA,NA,0,NA,NA,0,NA,NA,0
"Masticophis bilineatus",NA,NA,0,NA,NA,0,NA,NA,0,NA,NA,0
"Masticophis flagellum",-0.0826691666185896,"Type II",4,NA,NA,0,NA,NA,0,NA,NA,0
"Masticophis lateralis",NA,NA,0,NA,NA,0,NA,NA,0,NA,NA,0
"Mastigias papua",NA,NA,0,NA,NA,0,NA,NA,0,NA,NA,0
"Mastigoproctus giganteus",NA,NA,0,NA,NA,0,NA,NA,0,NA,NA,0
"Mastomys natalensis",NA,NA,1,NA,NA,1,NA,NA,0,NA,NA,1
"Matobosaurus validus",NA,NA,0,NA,NA,0,NA,NA,0,NA,NA,0
"Mauremys annamensis",NA,NA,1,NA,NA,0,NA,NA,0,NA,NA,0
"Mauremys caspica",NA,NA,0,NA,NA,0,NA,NA,0,NA,NA,0
"Mauremys japonica",-0.111940091080512,"Trending III",3,NA,NA,0,NA,NA,0,NA,NA,0
"Mauremys reevesii",NA,NA,0,NA,NA,0,NA,NA,0,NA,NA,0
"Mauremys sinensis",NA,NA,0,NA,NA,0,NA,NA,0,NA,NA,0
"Maylandia lombardoi",NA,NA,0,NA,NA,0,NA,NA,0,NA,NA,0
"Maylandia xanstomachus",NA,NA,0,NA,NA,0,NA,NA,0,NA,NA,0
"Mazama americana",0.0520540539692937,"Type II",15,-0.415,"Type III",2,NA,NA,0,-0.415,"Type III",2
"Mecistops cataphractus",NA,NA,0,NA,NA,0,NA,NA,0,NA,NA,0
"Medialuna californiensis",NA,NA,0,NA,NA,0,NA,NA,0,NA,NA,0
"Mediaster aequalis",NA,NA,0,NA,NA,0,NA,NA,0,NA,NA,0
"Megaceryle alcyon",NA,NA,0,NA,NA,0,NA,NA,0,NA,NA,0
"Megaceryle lugubris",NA,NA,0,NA,NA,0,NA,NA,0,NA,NA,0
"Megaceryle maxima",NA,NA,1,NA,NA,0,NA,NA,0,NA,NA,0
"Megaerops kusnotoi",NA,NA,0,NA,NA,0,NA,NA,0,NA,NA,0
"Megalaima mystacophanos",NA,NA,9,NA,NA,0,NA,NA,0,NA,NA,0
"Megalaima oorti",NA,NA,3,NA,NA,0,NA,NA,0,NA,NA,0
"Megaloprepia magnifica",NA,NA,0,NA,NA,0,NA,NA,0,NA,NA,0
"Megaptera novaeangliae",NA,NA,0,NA,NA,0,NA,NA,0,NA,NA,0
"Megascops asio",0.270241073819095,"Trending I",37,0.231309260828135,"Trending I",5,0.1,"Trending I",2,0.261704613083114,"Trending I",7
"Megascops kennicottii",-0.16,"Trending III",2,NA,NA,0,NA,NA,0,NA,NA,0
"Megastraea undosa",NA,NA,0,NA,NA,0,NA,NA,0,NA,NA,0
"Megophrys montana",NA,NA,0,NA,NA,0,NA,NA,0,NA,NA,0
"Megophrys monticola",NA,NA,0,NA,NA,0,NA,NA,0,NA,NA,0
"Megophrys nasuta",NA,NA,0,NA,NA,0,NA,NA,0,NA,NA,0
"Meiacanthus nigrolineatus",NA,NA,0,NA,NA,0,NA,NA,0,NA,NA,0
"Meiacanthus oualanensis",NA,NA,0,NA,NA,0,NA,NA,0,NA,NA,0
"Meiacanthus smithi",NA,NA,0,NA,NA,0,NA,NA,0,NA,NA,0
"Melanerpes carolinus",NA,NA,1,NA,NA,0,NA,NA,0,NA,NA,0
"Melanerpes erythrocephalus",NA,NA,0,NA,NA,0,NA,NA,0,NA,NA,0
"Melanerpes rubricapillus",NA,NA,0,NA,NA,0,NA,NA,0,NA,NA,0
"Melanerpes uropygialis",NA,NA,1,NA,NA,0,NA,NA,0,NA,NA,0
"Melanitta americana",NA,NA,0,NA,NA,0,NA,NA,0,NA,NA,0
"Melanitta deglandi",NA,NA,0,NA,NA,0,NA,NA,0,NA,NA,0
"Melanitta perspicillata",NA,NA,1,NA,NA,0,NA,NA,0,NA,NA,0
"Melanochelys tricarinata",NA,NA,0,NA,NA,0,NA,NA,0,NA,NA,0
"Melanochlora sultanea",NA,NA,2,NA,NA,0,NA,NA,0,NA,NA,0
"Melanochromis auratus",NA,NA,0,NA,NA,0,NA,NA,0,NA,NA,0
"Melanophryniscus stelzneri",NA,NA,0,NA,NA,0,NA,NA,0,NA,NA,0
"Melanosuchus niger",NA,NA,0,NA,NA,0,NA,NA,0,NA,NA,0
"Melanotaenia boesemani",NA,NA,0,NA,NA,0,NA,NA,0,NA,NA,0
"Melanotaenia fluviatilis",NA,NA,0,NA,NA,0,NA,NA,0,NA,NA,0
"Meleagris gallopavo",0.307566752173373,"Type I",65,0.227613339610473,"Trending I",18,0.385,"Type I",2,0.242492299183398,"Trending I",20
"Mellivora capensis",NA,NA,0,NA,NA,0,NA,NA,0,NA,NA,0
"Melopsittacus undulatus",-0.118582536072107,"Trending III",310,-0.174038699350008,"Trending III",119,-0.231278674978926,"Trending III",31,-0.168970647986424,"Trending III",150
"Melospiza melodia",NA,NA,1,NA,NA,0,NA,NA,0,NA,NA,0
"Melozone biarcuata",NA,NA,0,NA,NA,0,NA,NA,0,NA,NA,0
"Melozone fusca",NA,NA,0,NA,NA,0,NA,NA,0,NA,NA,0
"Melursus ursinus",0.132092170440718,"Trending I",10,0.132092170440718,"Trending I",10,NA,NA,0,0.132092170440718,"Trending I",10
"Merganetta armata",NA,NA,2,NA,NA,0,NA,NA,1,NA,NA,1
"Mergellus albellus",NA,NA,0,NA,NA,0,NA,NA,0,NA,NA,0
"Mergus merganser",0.31,"Type I",2,NA,NA,0,NA,NA,0,NA,NA,0
"Mergus serrator",NA,NA,0,NA,NA,0,NA,NA,0,NA,NA,0
"Mergus squamatus",NA,NA,2,NA,NA,0,NA,NA,0,NA,NA,0
"Meriones unguiculatus",0.055,"Type II",8,0.023164799306237,"Type II",5,0.055,"Type II",3,0.055,"Type II",8
"Merops albicollis",NA,NA,0,NA,NA,0,NA,NA,0,NA,NA,0
"Merops bullockoides",NA,NA,1,NA,NA,0,NA,NA,0,NA,NA,0
"Merops bulocki",NA,NA,3,NA,NA,0,NA,NA,0,NA,NA,0
"Merops nubicoides",NA,NA,14,NA,NA,0,NA,NA,0,NA,NA,0
"Merops nubicus",NA,NA,6,NA,NA,0,NA,NA,1,NA,NA,1
"Merops viridis",NA,NA,1,NA,NA,0,NA,NA,0,NA,NA,0
"Mesocentrotus franciscanus",NA,NA,0,NA,NA,0,NA,NA,0,NA,NA,0
"Mesoclemmys dahli",NA,NA,0,NA,NA,0,NA,NA,0,NA,NA,0
"Mesocricetus auratus",NA,NA,2,NA,NA,1,NA,NA,0,NA,NA,1
"Mesocricetus brandti",NA,NA,0,NA,NA,0,NA,NA,0,NA,NA,0
"Metachirus nudicaudatus",NA,NA,0,NA,NA,0,NA,NA,0,NA,NA,0
"Metasepia pfefferi",NA,NA,0,NA,NA,0,NA,NA,0,NA,NA,0
"Metriopelia ceciliae",NA,NA,2,NA,NA,0,NA,NA,0,NA,NA,0
"Microcebus murinus",0.0483333333333333,"Type II",8,0.0116666666666667,"Type II",4,0.105,"Trending I",2,0.0488685280723454,"Type II",6
"Microctenopoma ansorgii",NA,NA,0,NA,NA,0,NA,NA,0,NA,NA,0
"Microgadus tomcod",NA,NA,0,NA,NA,0,NA,NA,0,NA,NA,0
"Micrognathus crinitus",NA,NA,0,NA,NA,0,NA,NA,0,NA,NA,0
"Micromys minutus",NA,NA,1,NA,NA,1,NA,NA,0,NA,NA,1
"Micropterus dolomieu",NA,NA,0,NA,NA,0,NA,NA,0,NA,NA,0
"Micropterus salmoides",NA,NA,0,NA,NA,0,NA,NA,0,NA,NA,0
"Microtus pennsylvanicus",NA,NA,0,NA,NA,0,NA,NA,0,NA,NA,0
"Micrurus fulvius",0.105304606672885,"Trending I",7,NA,NA,0,NA,NA,0,NA,NA,0
"Micrurus tener",NA,NA,0,NA,NA,0,NA,NA,0,NA,NA,0
"Mikrogeophagus ramirezi",NA,NA,0,NA,NA,0,NA,NA,0,NA,NA,0
"Milvus migrans",NA,NA,2,NA,NA,2,NA,NA,0,NA,NA,2
"Mimus gilvus",NA,NA,1,NA,NA,0,NA,NA,0,NA,NA,0
"Mimus polyglottos",NA,NA,1,NA,NA,0,NA,NA,0,NA,NA,0
"Mino dumontii",NA,NA,2,NA,NA,0,NA,NA,0,NA,NA,0
"Miopithecus talapoin",-0.175,"Trending III",4,NA,NA,0,NA,NA,1,NA,NA,1
"Mirounga angustirostris",-0.432063988146566,"Type III",5,NA,NA,0,NA,NA,0,NA,NA,0
"Mirounga leonina",NA,NA,0,NA,NA,0,NA,NA,0,NA,NA,0
"Mirza coquereli",0.320711570428575,"Type I",3,NA,NA,0,NA,NA,1,NA,NA,1
"Misgurnus fossilis",NA,NA,0,NA,NA,0,NA,NA,0,NA,NA,0
"Mithraculus sculptus",NA,NA,0,NA,NA,0,NA,NA,0,NA,NA,0
"Mitu tuberosum",NA,NA,2,NA,NA,0,NA,NA,1,NA,NA,1
"Mobula munkiana",NA,NA,0,NA,NA,0,NA,NA,0,NA,NA,0
"Moenkhausia pittieri",NA,NA,0,NA,NA,0,NA,NA,0,NA,NA,0
"Mola mola",NA,NA,1,NA,NA,0,NA,NA,0,NA,NA,0
"Molothrus ater",NA,NA,0,NA,NA,0,NA,NA,0,NA,NA,0
"Momotus momota",0.0752970631681339,"Type II",21,NA,NA,1,NA,NA,0,NA,NA,1
"Monachus schauinslandi",NA,NA,0,NA,NA,0,NA,NA,0,NA,NA,0
"Monarcha takatsukasae",NA,NA,0,NA,NA,0,NA,NA,0,NA,NA,0
"Monocentris japonica",NA,NA,0,NA,NA,0,NA,NA,0,NA,NA,0
"Monocirrhus polyacanthus",NA,NA,0,NA,NA,0,NA,NA,0,NA,NA,0
"Monodactylus argenteus",NA,NA,0,NA,NA,0,NA,NA,0,NA,NA,0
"Monodelphis domestica",0.15918152449459,"Trending I",7,NA,NA,1,NA,NA,1,0.285,"Trending I",2
"Mopalia mucosa",NA,NA,0,NA,NA,0,NA,NA,0,NA,NA,0
"Morelia amethistina",NA,NA,5,NA,NA,3,NA,NA,0,NA,NA,3
"Simalia boeleni",0.150065635678719,"Trending I",15,NA,NA,0,NA,NA,0,NA,NA,0
"Morelia carinata",NA,NA,0,NA,NA,0,NA,NA,0,NA,NA,0
"Morelia spilota",0.204127504907747,"Trending I",38,0.0339868886996422,"Type II",9,0.115,"Trending I",2,0.0717718354379708,"Type II",11
"Morelia tracyae",NA,NA,0,NA,NA,0,NA,NA,0,NA,NA,0
"Morelia viridis",0.172207606873081,"Trending I",60,0.0662577963029098,"Type II",10,NA,NA,1,0.071493514144467,"Type II",11
"Morone americana",NA,NA,0,NA,NA,0,NA,NA,0,NA,NA,0
"Morone saxatilis",NA,NA,1,NA,NA,0,NA,NA,0,NA,NA,0
"Morus bassanus",NA,NA,1,NA,NA,0,NA,NA,0,NA,NA,0
"Moxostoma robustum",NA,NA,0,NA,NA,0,NA,NA,0,NA,NA,0
"Mugil curema",NA,NA,0,NA,NA,0,NA,NA,0,NA,NA,0
"Mungos mungo",0.0718947501009619,"Type II",4,NA,NA,0,NA,NA,1,NA,NA,1
"Muntiacus muntjak",0.210193361042709,"Trending I",21,0.31702086204222,"Type I",6,0.455,"Type I",4,0.371562889815146,"Type I",10
"Muntiacus reevesi",0.119355051617228,"Trending I",27,NA,NA,0,NA,NA,1,NA,NA,1
"Muraena lentiginosa",NA,NA,0,NA,NA,0,NA,NA,0,NA,NA,0
"Mus musculus",-0.15758049872773,"Trending III",59,-0.310858309334213,"Type III",27,-0.285173298854134,"Trending III",11,-0.302591948014042,"Type III",38
"Musophaga rossae",NA,NA,16,NA,NA,0,NA,NA,3,NA,NA,3
"Musophaga violacea",NA,NA,12,NA,NA,0,NA,NA,0,NA,NA,0
"Mustela erminea",NA,NA,1,NA,NA,0,NA,NA,1,NA,NA,1
"Mustela frenata",0.305,"Type I",3,0.305,"Type I",3,NA,NA,0,0.305,"Type I",3
"Mustela nigripes",0.24148945427413,"Trending I",139,0.23499892323871,"Trending I",28,0.18951326691116,"Trending I",23,0.214698964252182,"Trending I",51
"Mustela nivalis",NA,NA,1,NA,NA,0,NA,NA,0,NA,NA,0
"Mustela putorius",0.213728096421316,"Trending I",749,0.161120788098772,"Trending I",421,0.126533363933869,"Trending I",105,0.161760700673809,"Trending I",526
"Mustelus californicus",NA,NA,0,NA,NA,0,NA,NA,0,NA,NA,0
"Mustelus canis",NA,NA,1,NA,NA,0,NA,NA,0,NA,NA,0
"Mustelus henlei",NA,NA,0,NA,NA,0,NA,NA,0,NA,NA,0
"Mycteria americana",NA,NA,0,NA,NA,0,NA,NA,0,NA,NA,0
"Mycteria cinerea",NA,NA,2,NA,NA,0,NA,NA,0,NA,NA,0
"Mycteria ibis",NA,NA,0,NA,NA,0,NA,NA,0,NA,NA,0
"Mycteria leucocephala",-0.264433583328526,"Trending III",4,NA,NA,0,NA,NA,0,NA,NA,0
"Mycteroperca bonaci",NA,NA,0,NA,NA,0,NA,NA,0,NA,NA,0
"Mycteroperca microlepis",NA,NA,0,NA,NA,0,NA,NA,0,NA,NA,0
"Mycteroperca rosacea",NA,NA,0,NA,NA,0,NA,NA,0,NA,NA,0
"Myiarchus cinerascens",NA,NA,0,NA,NA,0,NA,NA,0,NA,NA,0
"Myiopsitta monachus",0.17860483599056,"Trending I",10,NA,NA,1,NA,NA,2,0.155,"Trending I",3
"Myliobatis californica",NA,NA,0,NA,NA,0,NA,NA,0,NA,NA,0
"Myloplus rubripinnis",NA,NA,0,NA,NA,0,NA,NA,0,NA,NA,0
"Myocastor coypus",0.0314348708655635,"Type II",14,0.09,"Type II",4,0.131422336868145,"Trending I",3,0.114969076735431,"Trending I",7
"Myophonus caeruleus",NA,NA,1,NA,NA,0,NA,NA,0,NA,NA,0
"Myoprocta pratti",NA,NA,1,NA,NA,0,NA,NA,0,NA,NA,0
"Myotis lucifugus",NA,NA,0,NA,NA,0,NA,NA,0,NA,NA,0
"Myripristis berndti",NA,NA,0,NA,NA,0,NA,NA,0,NA,NA,0
"Myripristis jacobus",NA,NA,0,NA,NA,0,NA,NA,0,NA,NA,0
"Myrmecophaga tridactyla",0.105424501324617,"Trending I",23,NA,NA,1,NA,NA,1,0.175,"Trending I",2
"Mystacina tuberculata",NA,NA,0,NA,NA,0,NA,NA,0,NA,NA,0
"Myuchelys latisternum",NA,NA,1,NA,NA,0,NA,NA,0,NA,NA,0
"Naemorhedus goral",NA,NA,1,NA,NA,0,NA,NA,0,NA,NA,0
"Naemorhedus griseus",0.365,"Type I",3,NA,NA,0,NA,NA,1,NA,NA,1
"Naja annulifera",-0.495,"Type III",2,NA,NA,0,NA,NA,0,NA,NA,0
"Naja atra",NA,NA,0,NA,NA,0,NA,NA,0,NA,NA,0
"Naja haje",0.139867105049987,"Trending I",5,0.315,"Type I",2,NA,NA,0,0.315,"Type I",2
"Naja kaouthia",NA,NA,0,NA,NA,0,NA,NA,0,NA,NA,0
"Naja melanoleuca",NA,NA,1,NA,NA,0,NA,NA,0,NA,NA,0
"Naja naja",NA,NA,0,NA,NA,0,NA,NA,0,NA,NA,0
"Naja nivea",0.115,"Trending I",4,0.115,"Trending I",4,NA,NA,0,0.115,"Trending I",4
"Naja pallida",0.212231248390783,"Trending I",10,0.222370561446908,"Trending I",4,NA,NA,0,0.222370561446908,"Trending I",4
"Naja philippinensis",NA,NA,0,NA,NA,0,NA,NA,0,NA,NA,0
"Naja samarensis",NA,NA,0,NA,NA,0,NA,NA,0,NA,NA,0
"Namyripristis jacobus",NA,NA,0,NA,NA,0,NA,NA,0,NA,NA,0
"Nandinia binotata",NA,NA,1,NA,NA,0,NA,NA,0,NA,NA,0
"Nanger dama",0.252673159244455,"Trending I",75,0.135900494923623,"Trending I",5,0.23550151288176,"Trending I",9,0.24237536251983,"Trending I",14
"Nanger granti",0.157007402822106,"Trending I",28,0.215,"Trending I",4,-0.0449999999999999,"Type II",2,0.119041735928579,"Trending I",6
"Nanger soemmerringii",NA,NA,0,NA,NA,0,NA,NA,0,NA,NA,0
"Nannostomus mortenthaleri",NA,NA,0,NA,NA,0,NA,NA,0,NA,NA,0
"Nannostomus trifasciatus",NA,NA,0,NA,NA,0,NA,NA,0,NA,NA,0
"Naso brevirostris",NA,NA,0,NA,NA,0,NA,NA,0,NA,NA,0
"Naso lituratus",NA,NA,0,NA,NA,0,NA,NA,0,NA,NA,0
"Naso unicornis",NA,NA,0,NA,NA,0,NA,NA,0,NA,NA,0
"Naso vlamingii",NA,NA,0,NA,NA,0,NA,NA,0,NA,NA,0
"Nasua narica",0.0197338310173252,"Type II",21,-0.0722412573550111,"Type II",9,-0.0634700455402559,"Type II",6,-0.0404793466537561,"Type II",15
"Nasua nasua",-0.0467296920904741,"Type II",6,-0.125,"Trending III",2,NA,NA,0,-0.125,"Trending III",2
"Naultinus grayii",NA,NA,1,NA,NA,0,NA,NA,0,NA,NA,0
"Nautichthys oculofasciatus",NA,NA,0,NA,NA,0,NA,NA,0,NA,NA,0
"Nautilus pompilius",NA,NA,0,NA,NA,0,NA,NA,0,NA,NA,0
"Necrosyrtes monachus",NA,NA,8,NA,NA,0,NA,NA,0,NA,NA,0
"Nectophrynoides asperginis",NA,NA,0,NA,NA,0,NA,NA,0,NA,NA,0
"Necturus beyeri",NA,NA,0,NA,NA,0,NA,NA,0,NA,NA,0
"Necturus maculosus",NA,NA,0,NA,NA,0,NA,NA,0,NA,NA,0
"Negaprion brevirostris",NA,NA,0,NA,NA,0,NA,NA,0,NA,NA,0
"Nemateleotris decora",NA,NA,0,NA,NA,0,NA,NA,0,NA,NA,0
"Nematobrycon palmeri",NA,NA,0,NA,NA,0,NA,NA,0,NA,NA,0
"Neoceratodus forsteri",NA,NA,0,NA,NA,0,NA,NA,0,NA,NA,0
"Neochen jubata",NA,NA,13,NA,NA,0,NA,NA,0,NA,NA,0
"Neochmia ruficauda",NA,NA,17,NA,NA,0,NA,NA,2,NA,NA,2
"Neochmia temporalis",NA,NA,0,NA,NA,0,NA,NA,0,NA,NA,0
"Neocirrhites armatus",NA,NA,0,NA,NA,0,NA,NA,0,NA,NA,0
"Neoclinus blanchardi",NA,NA,0,NA,NA,0,NA,NA,0,NA,NA,0
"Neofelis nebulosa",0.287422280006614,"Trending I",46,0.317092518922901,"Type I",26,0.204175375927645,"Trending I",13,0.303091424560142,"Type I",39
"Neolamprologus brichardi",NA,NA,0,NA,NA,0,NA,NA,0,NA,NA,0
"Neophema pulchella",NA,NA,0,NA,NA,0,NA,NA,0,NA,NA,0
"Neophema splendida",-0.166879478048218,"Trending III",32,-0.18,"Trending III",2,-0.425,"Type III",2,-0.261666666666667,"Trending III",4
"Neophron percnopterus",NA,NA,0,NA,NA,0,NA,NA,0,NA,NA,0
"Neopsephotus bourkii",-0.00731103973197444,"Type II",17,NA,NA,1,NA,NA,0,NA,NA,1
"Neoseps reynoldsi",NA,NA,0,NA,NA,0,NA,NA,0,NA,NA,0
"Neotoma albigula",NA,NA,0,NA,NA,0,NA,NA,0,NA,NA,0
"Neotoma floridana",NA,NA,1,NA,NA,0,NA,NA,1,NA,NA,1
"Neotoma fuscipes",NA,NA,1,NA,NA,0,NA,NA,0,NA,NA,0
"Neotoma lepida",NA,NA,1,NA,NA,0,NA,NA,0,NA,NA,0
"Neotragus moschatus",0.118333333333333,"Trending I",4,NA,NA,1,NA,NA,0,NA,NA,1
"Neotragus pygmaeus",NA,NA,1,NA,NA,0,NA,NA,0,NA,NA,0
"Neotrygon kuhlii",NA,NA,0,NA,NA,0,NA,NA,0,NA,NA,0
"Neovison vison",NA,NA,1,NA,NA,0,NA,NA,0,NA,NA,0
"Nephrurus levis",NA,NA,1,NA,NA,0,NA,NA,0,NA,NA,0
"Nerodia clarkii",0.245528148762854,"Trending I",10,NA,NA,4,NA,NA,1,0.35,"Type I",5
"Nerodia cyclopion",NA,NA,0,NA,NA,0,NA,NA,0,NA,NA,0
"Nerodia erythrogaster",-0.365,"Type III",2,NA,NA,0,NA,NA,1,NA,NA,1
"Nerodia fasciata",NA,NA,0,NA,NA,0,NA,NA,0,NA,NA,0
"Nerodia harteri",NA,NA,0,NA,NA,0,NA,NA,0,NA,NA,0
"Nerodia rhombifer",NA,NA,3,NA,NA,1,NA,NA,0,NA,NA,1
"Nerodia sipedon",0.335,"Type I",4,0.335,"Type I",2,NA,NA,0,0.335,"Type I",2
"Nerodia taxispilota",NA,NA,0,NA,NA,0,NA,NA,0,NA,NA,0
"Nesocharis capistrata",NA,NA,0,NA,NA,0,NA,NA,0,NA,NA,0
"Nesoenas mayeri",NA,NA,15,NA,NA,0,NA,NA,1,NA,NA,1
"Nestor notabilis",-0.102205762608623,"Trending III",6,0.09,"Type II",2,NA,NA,0,0.09,"Type II",2
"Netta peposaca",-0.029348010959119,"Type II",16,NA,NA,0,NA,NA,1,NA,NA,1
"Netta rufina",0.2561788725211,"Trending I",17,NA,NA,1,NA,NA,2,NA,NA,3
"Nettapus auritus",NA,NA,13,NA,NA,1,NA,NA,0,NA,NA,1
"Nettapus coromandelianus",NA,NA,10,NA,NA,0,NA,NA,0,NA,NA,0
"Neurergus kaiseri",NA,NA,0,NA,NA,0,NA,NA,0,NA,NA,0
"Nilssonia gangetica",NA,NA,0,NA,NA,0,NA,NA,0,NA,NA,0
"Niltava sundara",NA,NA,1,NA,NA,0,NA,NA,0,NA,NA,0
"Nimbochromis venustus",NA,NA,0,NA,NA,0,NA,NA,0,NA,NA,0
"Nisaetus nipalensis",NA,NA,1,NA,NA,0,NA,NA,0,NA,NA,0
"Nocomis micropogon",NA,NA,0,NA,NA,0,NA,NA,0,NA,NA,0
"Noctilio leporinus",NA,NA,0,NA,NA,0,NA,NA,0,NA,NA,0
"Nomascus gabriellae",0.435,"Type I",3,NA,NA,0,0.435,"Type I",3,0.435,"Type I",3
"Nomascus leucogenys",NA,NA,0,NA,NA,0,NA,NA,0,NA,NA,0
"Notechis scutatus",NA,NA,1,NA,NA,0,NA,NA,0,NA,NA,0
"Notemigonus crysoleucas",NA,NA,0,NA,NA,0,NA,NA,0,NA,NA,0
"Nothocrax urumutum",NA,NA,1,NA,NA,0,NA,NA,0,NA,NA,0
"Nothoprocta pentlandii",NA,NA,4,NA,NA,0,NA,NA,0,NA,NA,0
"Nothoprocta perdicaria",NA,NA,4,NA,NA,0,NA,NA,0,NA,NA,0
"Notophthalmus meridionalis",NA,NA,0,NA,NA,0,NA,NA,0,NA,NA,0
"Notophthalmus perstriatus",NA,NA,1,NA,NA,0,NA,NA,0,NA,NA,0
"Notophthalmus viridescens",NA,NA,0,NA,NA,0,NA,NA,0,NA,NA,0
"Notropis atherinoides",NA,NA,0,NA,NA,0,NA,NA,0,NA,NA,0
"Noturus exilis",NA,NA,0,NA,NA,0,NA,NA,0,NA,NA,0
"Noturus insignis",NA,NA,0,NA,NA,0,NA,NA,0,NA,NA,0
"Novaculichthys taeniourus",NA,NA,0,NA,NA,0,NA,NA,0,NA,NA,0
"Novisuccinea chittenangoensis",NA,NA,0,NA,NA,0,NA,NA,0,NA,NA,0
"Numenius arquata",NA,NA,0,NA,NA,0,NA,NA,0,NA,NA,0
"Numenius phaeopus",NA,NA,1,NA,NA,0,NA,NA,0,NA,NA,0
"Numida meleagris",NA,NA,53,NA,NA,7,NA,NA,7,NA,NA,14
"Nyctanassa violacea",NA,NA,2,NA,NA,0,NA,NA,0,NA,NA,0
"Nycticebus coucang",NA,NA,1,NA,NA,1,NA,NA,0,NA,NA,1
"Nycticebus pygmaeus",0.300365727928961,"Type I",21,0.201832459166352,"Trending I",7,0.34,"Type I",4,0.287088907664733,"Trending I",11
"Nycticorax nycticorax",NA,NA,1,NA,NA,0,NA,NA,0,NA,NA,0
"Nyctixalus pictus",NA,NA,0,NA,NA,0,NA,NA,0,NA,NA,0
"Nymphicus hollandicus",-0.00975055849279904,"Type II",184,-0.0919513246215315,"Type II",26,-0.136020854037286,"Trending III",9,-0.0453391596650523,"Type II",35
"Octodon degus",-0.0917072936994442,"Type II",30,-0.0375,"Type II",8,-0.209288979135757,"Trending III",6,-0.0634623677595644,"Type II",14
"Octopus bimaculoides",NA,NA,0,NA,NA,0,NA,NA,0,NA,NA,0
"Octopus vulgaris",NA,NA,0,NA,NA,0,NA,NA,0,NA,NA,0
"Ocyphaps lophotes",0.0924872417110161,"Type II",15,NA,NA,1,NA,NA,0,NA,NA,1
"Ocyurus chrysurus",NA,NA,0,NA,NA,0,NA,NA,0,NA,NA,0
"Odobenus rosmarus",0.084479842082108,"Type II",6,0.325,"Type I",3,NA,NA,1,0.251673763152856,"Trending I",4
"Odocoileus hemionus",-0.0331917037084036,"Type II",10,NA,NA,0,-0.295,"Trending III",2,-0.295,"Trending III",2
"Odocoileus virginianus",0.0970381636924997,"Type II",35,0.121666666666667,"Trending I",4,0.0611522522219615,"Type II",6,0.117326270314781,"Trending I",10
"Odonus niger",NA,NA,0,NA,NA,0,NA,NA,0,NA,NA,0
"Oena capensis",NA,NA,7,NA,NA,0,NA,NA,0,NA,NA,0
"Ogcocephalus corniger",NA,NA,0,NA,NA,0,NA,NA,0,NA,NA,0
"Ogcocephalus nasutus",NA,NA,0,NA,NA,0,NA,NA,0,NA,NA,0
"Ogcocephalus radiatus",NA,NA,0,NA,NA,0,NA,NA,0,NA,NA,0
"Okapia johnstoni",0.130396887186177,"Trending I",20,NA,NA,0,NA,NA,0,NA,NA,0
"Ommatoiulus sabulosus",NA,NA,0,NA,NA,0,NA,NA,0,NA,NA,0
"Oncorhynchus aguabonita",NA,NA,0,NA,NA,0,NA,NA,0,NA,NA,0
"Oncorhynchus gilae",NA,NA,0,NA,NA,0,NA,NA,0,NA,NA,0
"Oncorhynchus kisutch",NA,NA,0,NA,NA,0,NA,NA,0,NA,NA,0
"Oncorhynchus mykiss",NA,NA,0,NA,NA,0,NA,NA,0,NA,NA,0
"Oncorhynchus tshawytscha",NA,NA,0,NA,NA,0,NA,NA,0,NA,NA,0
"Ondatra zibethicus",NA,NA,1,NA,NA,0,NA,NA,0,NA,NA,0
"Oophaga histrionica",NA,NA,0,NA,NA,0,NA,NA,0,NA,NA,0
"Oophaga pumilio",NA,NA,1,NA,NA,0,NA,NA,0,NA,NA,0
"Opheodrys aestivus",NA,NA,2,NA,NA,0,NA,NA,1,NA,NA,1
"Opheodrys vernalis",NA,NA,0,NA,NA,0,NA,NA,0,NA,NA,0
"Ophioblennius steindachneri",NA,NA,0,NA,NA,0,NA,NA,0,NA,NA,0
"Ophiodon elongatus",NA,NA,0,NA,NA,0,NA,NA,0,NA,NA,0
"Ophiophagus hannah",0.206294402238621,"Trending I",23,0.215374784655037,"Trending I",12,-0.1,"Type II",3,0.188427018899213,"Trending I",15
"Ophisaurus attenuatus",-0.09,"Type II",2,NA,NA,0,NA,NA,1,NA,NA,1
"Ophisaurus ventralis",0.18,"Trending I",2,NA,NA,0,NA,NA,1,NA,NA,1
"Ophryacus undulatus",0.305,"Type I",2,NA,NA,0,NA,NA,0,NA,NA,0
"Opistognathus aurifrons",NA,NA,0,NA,NA,0,NA,NA,0,NA,NA,0
"Opistognathus rosenblatti",NA,NA,0,NA,NA,0,NA,NA,0,NA,NA,0
"Opsanus beta",NA,NA,0,NA,NA,0,NA,NA,0,NA,NA,0
"Opsanus tau",NA,NA,0,NA,NA,0,NA,NA,0,NA,NA,0
"Orcinus orca",NA,NA,0,NA,NA,0,NA,NA,0,NA,NA,0
"Oreamnos americanus",0.0405767821156546,"Type II",28,NA,NA,7,0.182874614731199,"Trending I",4,0.146200659898165,"Trending I",11
"Orectolobus japonicus",NA,NA,0,NA,NA,0,NA,NA,0,NA,NA,0
"Orectolobus maculatus",NA,NA,0,NA,NA,0,NA,NA,0,NA,NA,0
"Orectolobus ornatus",NA,NA,0,NA,NA,0,NA,NA,0,NA,NA,0
"Oreochromis aureus",NA,NA,0,NA,NA,0,NA,NA,0,NA,NA,0
"Oreochromis mossambicus",NA,NA,0,NA,NA,0,NA,NA,0,NA,NA,0
"Oreocryptophis porphyraceus",-0.495,"Type III",7,NA,NA,0,NA,NA,0,NA,NA,0
"Oreophasis derbianus",NA,NA,4,NA,NA,0,NA,NA,0,NA,NA,0
"Oreotragus oreotragus",0.0213050409243742,"Type II",8,NA,NA,1,NA,NA,0,NA,NA,1
"Oriolus chinensis",NA,NA,7,NA,NA,1,NA,NA,0,NA,NA,1
"Oriolus larvatus",NA,NA,0,NA,NA,0,NA,NA,0,NA,NA,0
"Orlitia borneensis",NA,NA,0,NA,NA,0,NA,NA,0,NA,NA,0
"Ortalis vetula",NA,NA,1,NA,NA,0,NA,NA,0,NA,NA,0
"Orthoporus ornatus",NA,NA,0,NA,NA,0,NA,NA,0,NA,NA,0
"Orthopsittaca manilata",NA,NA,0,NA,NA,0,NA,NA,0,NA,NA,0
"Orthriophis moellendorffi",NA,NA,0,NA,NA,0,NA,NA,0,NA,NA,0
"Orthriophis taeniuru",NA,NA,0,NA,NA,0,NA,NA,0,NA,NA,0
"Orthriophis taeniurus",0.13604512509375,"Trending I",7,0.365,"Type I",3,NA,NA,0,0.365,"Type I",3
"Orycteropus afer",0.199438603864648,"Trending I",5,NA,NA,0,NA,NA,2,NA,NA,2
"Oryctolagus cuniculus",0.0357984007572448,"Type II",402,0.0580456000783933,"Type II",79,0.00899833139829231,"Type II",54,0.0553645497379896,"Type II",133
"Oryx dammah",0.173189532898738,"Trending I",52,0.147819492360957,"Trending I",7,0.171487664614635,"Trending I",6,0.176213447031987,"Trending I",13
"Oryx leucoryx",0.285326147619626,"Trending I",34,0.391185950714291,"Type I",3,NA,NA,0,0.391185950714291,"Type I",3
"Osphronemus goramy",NA,NA,0,NA,NA,0,NA,NA,0,NA,NA,0
"Osteoglossum bicirrhosum",-0.142340086602564,"Trending III",24,0.265,"Trending I",2,-0.375,"Type III",4,-0.0549999999999999,"Type II",6
"Osteolaemus tetraspis",-0.16323681784398,"Trending III",7,NA,NA,0,NA,NA,0,NA,NA,0
"Osteopilus dominicensis",NA,NA,0,NA,NA,0,NA,NA,0,NA,NA,0
"Osteopilus septentrionalis",-0.146067666647436,"Trending III",5,NA,NA,0,NA,NA,0,NA,NA,0
"Osteopilus vastus",NA,NA,1,NA,NA,0,NA,NA,0,NA,NA,0
"Ostichthys trachypoma",NA,NA,0,NA,NA,0,NA,NA,0,NA,NA,0
"Ostorhinchus cookii",NA,NA,0,NA,NA,0,NA,NA,0,NA,NA,0
"Ostracion cubicus",NA,NA,0,NA,NA,0,NA,NA,0,NA,NA,0
"Ostracion meleagris",NA,NA,0,NA,NA,0,NA,NA,0,NA,NA,0
"Otaria flavescens",NA,NA,0,NA,NA,0,NA,NA,0,NA,NA,0
"Otidiphaps nobilis",NA,NA,7,NA,NA,0,NA,NA,1,NA,NA,1
"Otocinclus arnoldi",NA,NA,0,NA,NA,0,NA,NA,0,NA,NA,0
"Otocolobus manul",NA,NA,9,NA,NA,3,NA,NA,2,NA,NA,5
"Otocyon megalotis",0.202281890734902,"Trending I",15,0.231772263284104,"Trending I",10,-0.0600000000000001,"Type II",2,0.210648340968357,"Trending I",12
"Otolemur crassicaudatus",0.045,"Type II",2,NA,NA,0,NA,NA,1,NA,NA,1
"Otolemur garnettii",0.135576458465545,"Trending I",7,0.145,"Trending I",5,NA,NA,1,0.222370561446908,"Trending I",6
"Otospermophilus beecheyi",NA,NA,0,NA,NA,0,NA,NA,0,NA,NA,0
"Otospermophilus variegatus",NA,NA,0,NA,NA,0,NA,NA,0,NA,NA,0
"Ouroborus cataphractus",-0.193573222051357,"Trending III",7,NA,NA,0,-0.355,"Type III",2,-0.355,"Type III",2
"Ovibos moschatus",0.0979315001814529,"Type II",11,NA,NA,1,0.0133187860256717,"Type II",3,0.0387744375108173,"Type II",4
"Ovis aries",0.186248246251507,"Trending I",146,0.146352065639768,"Trending I",41,0.218591697488191,"Trending I",30,0.208386693972572,"Trending I",71
"Ovis canadensis",0.125737226060959,"Trending I",39,NA,NA,0,0.225,"Trending I",2,0.225,"Trending I",2
"Ovis dalli",0.213327501743977,"Trending I",23,0.143281450076366,"Trending I",11,0.217832083357372,"Trending I",4,0.197927334696633,"Trending I",15
"Ovophis monticola",NA,NA,5,NA,NA,0,NA,NA,0,NA,NA,0
"Ovophis tonkinensis",NA,NA,0,NA,NA,0,NA,NA,0,NA,NA,0
"Oxybelis fulgidus",NA,NA,18,NA,NA,1,NA,NA,5,NA,NA,6
"Oxydoras niger",NA,NA,0,NA,NA,0,NA,NA,0,NA,NA,0
"Oxyjulis californica",NA,NA,0,NA,NA,0,NA,NA,0,NA,NA,0
"Oxylebius pictus",NA,NA,0,NA,NA,0,NA,NA,0,NA,NA,0
"Oxyura jamaicensis",0.236660768835865,"Trending I",32,0.31,"Type I",2,NA,NA,5,0.227402549281215,"Trending I",7
"Oxyura leucocephala",NA,NA,0,NA,NA,0,NA,NA,0,NA,NA,0
"Oxyuranus microlepidotus",NA,NA,1,NA,NA,1,NA,NA,0,NA,NA,1
"Pachycephala pectoralis",NA,NA,0,NA,NA,0,NA,NA,0,NA,NA,0
"Pachydactylus rangei",-0.183760910480746,"Trending III",9,NA,NA,1,NA,NA,1,NA,NA,2
"Pachyhynobius shangchengensis",NA,NA,0,NA,NA,0,NA,NA,0,NA,NA,0
"Pachymedusa dacnicolor",0.13,"Trending I",2,NA,NA,0,NA,NA,0,NA,NA,0
"Pachypanchax playfairii",NA,NA,0,NA,NA,0,NA,NA,0,NA,NA,0
"Pachypanchax sakaramyi",NA,NA,0,NA,NA,0,NA,NA,0,NA,NA,0
"Pachytriton labiatus",NA,NA,0,NA,NA,0,NA,NA,0,NA,NA,0
"Pagellus bogaraveo",NA,NA,0,NA,NA,0,NA,NA,0,NA,NA,0
"Pagophilus groenlandicus",NA,NA,0,NA,NA,0,NA,NA,0,NA,NA,0
"Palea steindachneri",NA,NA,0,NA,NA,0,NA,NA,0,NA,NA,0
"Paleosuchus palpebrosus",0.0170010420415253,"Type II",10,NA,NA,0,NA,NA,0,NA,NA,0
"Paleosuchus trigonatus",NA,NA,0,NA,NA,0,NA,NA,0,NA,NA,0
"Pan paniscus",0.130474112289382,"Trending I",3,NA,NA,0,0.130474112289382,"Trending I",3,0.130474112289382,"Trending I",3
"Pan troglodytes",0.271581886899198,"Trending I",86,0.266819541611378,"Trending I",12,0.29628419548333,"Trending I",26,0.299499046988652,"Trending I",38
"Panaque nigrolineatus",NA,NA,0,NA,NA,0,NA,NA,0,NA,NA,0
"Pandalus platyceros",NA,NA,0,NA,NA,0,NA,NA,0,NA,NA,0
"Pandinus imperator",NA,NA,0,NA,NA,0,NA,NA,0,NA,NA,0
"Pandion haliaetus",NA,NA,0,NA,NA,0,NA,NA,0,NA,NA,0
"Pangasianodon gigas",NA,NA,0,NA,NA,0,NA,NA,0,NA,NA,0
"Pangasianodon hypophthalmus",NA,NA,0,NA,NA,0,NA,NA,0,NA,NA,0
"Pangasius sanitwongse",NA,NA,0,NA,NA,0,NA,NA,0,NA,NA,0
"Panthera leo",0.278841311758589,"Trending I",124,0.26645051312505,"Trending I",69,0.281355474944831,"Trending I",26,0.287682190113179,"Trending I",95
"Panthera onca",0.279791777051463,"Trending I",57,0.224602416287928,"Trending I",39,0.286568568927584,"Trending I",10,0.290527853958791,"Trending I",49
"Panthera uncia",0.373754852366271,"Type I",90,0.327231294532642,"Type I",42,0.37396229627787,"Type I",24,0.378553043789161,"Type I",66
"Pantherophis alleghaniensis",-0.0133876636158556,"Type II",5,NA,NA,0,NA,NA,0,NA,NA,0
"Pantherophis emoryi",NA,NA,1,NA,NA,0,NA,NA,0,NA,NA,0
"Pantherophis guttatus",0.0715774562916716,"Type II",92,0.0835590300739824,"Type II",25,0.072336129966001,"Type II",12,0.074905786174742,"Type II",37
"Pantherophis obsoletus",-0.495,"Type III",3,NA,NA,0,NA,NA,1,NA,NA,1
"Pantherophis spiloides",NA,NA,1,NA,NA,0,NA,NA,0,NA,NA,0
"Pantherophis vulpinus",NA,NA,2,NA,NA,1,NA,NA,1,NA,NA,2
"Panulirus interruptus",NA,NA,0,NA,NA,0,NA,NA,0,NA,NA,0
"Panurus biarmicus",NA,NA,1,NA,NA,0,NA,NA,0,NA,NA,0
"Papio anubis",0.0946974809708315,"Type II",4,NA,NA,1,NA,NA,1,NA,NA,2
"Papio hamadryas",0.202695927139526,"Trending I",10,0.11034837503125,"Trending I",4,NA,NA,0,0.11034837503125,"Trending I",4
"Papio papio",0.102031006542744,"Trending I",24,0.244792403682568,"Trending I",5,-0.061350874983173,"Type II",8,0.0826307281866802,"Type II",13
"Parabuteo unicinctus",0.0525317831144733,"Type II",14,-0.0778652887142753,"Type II",3,NA,NA,0,-0.0778652887142753,"Type II",3
"Paracanthurus hepatus",NA,NA,0,NA,NA,0,NA,NA,0,NA,NA,0
"Paracheirodon axelrodi",NA,NA,0,NA,NA,0,NA,NA,0,NA,NA,0
"Parachromis managuensis",NA,NA,0,NA,NA,0,NA,NA,0,NA,NA,0
"Paradisaea apoda",0.23699915756222,"Trending I",6,NA,NA,0,NA,NA,0,NA,NA,0
"Paradisaea minor",NA,NA,5,NA,NA,0,NA,NA,0,NA,NA,0
"Paradisaea raggiana",NA,NA,1,NA,NA,0,NA,NA,0,NA,NA,0
"Paralabrax clathratus",NA,NA,1,NA,NA,0,NA,NA,0,NA,NA,0
"Paralabrax nebulifer",NA,NA,1,NA,NA,1,NA,NA,0,NA,NA,1
"Paralichthys californicus",NA,NA,0,NA,NA,0,NA,NA,0,NA,NA,0
"Paralichthys dentatus",NA,NA,0,NA,NA,0,NA,NA,0,NA,NA,0
"Paraplesiops poweri",NA,NA,0,NA,NA,0,NA,NA,0,NA,NA,0
"Parascorpaena erostris",NA,NA,0,NA,NA,0,NA,NA,0,NA,NA,0
"Parascyllium variolatum",NA,NA,0,NA,NA,0,NA,NA,0,NA,NA,0
"Paratilapia polleni",NA,NA,0,NA,NA,0,NA,NA,0,NA,NA,0
"Paravaejovis spinigerus",NA,NA,0,NA,NA,0,NA,NA,0,NA,NA,0
"Paraxerus cepapi",NA,NA,1,NA,NA,0,NA,NA,0,NA,NA,0
"Pareques acuminatus",NA,NA,0,NA,NA,0,NA,NA,0,NA,NA,0
"Pareques umbrosus",NA,NA,0,NA,NA,0,NA,NA,0,NA,NA,0
"Paretroplus damii",NA,NA,0,NA,NA,0,NA,NA,0,NA,NA,0
"Paretroplus kieneri",NA,NA,0,NA,NA,0,NA,NA,0,NA,NA,0
"Parkesia noveboracensis",NA,NA,0,NA,NA,0,NA,NA,0,NA,NA,0
"Parma victoriae",NA,NA,0,NA,NA,0,NA,NA,0,NA,NA,0
"Paroaria capitata",NA,NA,7,NA,NA,0,NA,NA,0,NA,NA,0
"Paroaria coronata",NA,NA,29,NA,NA,0,NA,NA,1,NA,NA,1
"Paroedura masobe",NA,NA,0,NA,NA,0,NA,NA,0,NA,NA,0
"Paroedura pictus",NA,NA,0,NA,NA,0,NA,NA,0,NA,NA,0
"Parophrys vetulus",NA,NA,0,NA,NA,0,NA,NA,0,NA,NA,0
"Partula affinis",NA,NA,0,NA,NA,0,NA,NA,0,NA,NA,0
"Parupeneus barberinoides",NA,NA,0,NA,NA,0,NA,NA,0,NA,NA,0
"Parus major",NA,NA,1,NA,NA,0,NA,NA,0,NA,NA,0
"Passer luteus",NA,NA,10,NA,NA,1,NA,NA,0,NA,NA,1
"Passerella iliaca",NA,NA,0,NA,NA,0,NA,NA,0,NA,NA,0
"Passerina ciris",NA,NA,1,NA,NA,0,NA,NA,0,NA,NA,0
"Passerina cyanea",NA,NA,0,NA,NA,0,NA,NA,0,NA,NA,0
"Pastor roseus",NA,NA,1,NA,NA,0,NA,NA,0,NA,NA,0
"Patagioenas fasciata",NA,NA,0,NA,NA,0,NA,NA,0,NA,NA,0
"Patagioenas leucocephala",0.156263166733975,"Trending I",8,NA,NA,0,NA,NA,0,NA,NA,0
"Patagioenas oenops",NA,NA,7,NA,NA,0,NA,NA,0,NA,NA,0
"Patagioenas speciosa",NA,NA,0,NA,NA,0,NA,NA,0,NA,NA,0
"Patagioenas squamosa",NA,NA,1,NA,NA,1,NA,NA,0,NA,NA,1
"Patagona gigas",NA,NA,3,NA,NA,0,NA,NA,0,NA,NA,0
"Patiria miniata",NA,NA,0,NA,NA,0,NA,NA,0,NA,NA,0
"Pauxi pauxi",NA,NA,5,NA,NA,0,NA,NA,0,NA,NA,0
"Pauxi unicornis",NA,NA,0,NA,NA,0,NA,NA,0,NA,NA,0
"Pavo cristatus",0.20940618625337,"Trending I",19,0.242370561446908,"Trending I",3,0.0694661666762821,"Type II",4,0.203795140190338,"Trending I",7
"Pavo muticus",NA,NA,0,NA,NA,0,NA,NA,0,NA,NA,0
"Pecari tajacu",0.103377718276242,"Trending I",19,0.252396208364973,"Trending I",6,NA,NA,1,0.225645917883783,"Trending I",7
"Pedetes capensis",0.230668708302644,"Trending I",8,0.07,"Type II",4,NA,NA,0,0.07,"Type II",4
"Pedostibes hosii",NA,NA,0,NA,NA,0,NA,NA,0,NA,NA,0
"Pedostibes tuberculosus",NA,NA,0,NA,NA,0,NA,NA,0,NA,NA,0
"Pekania pennanti",NA,NA,0,NA,NA,0,NA,NA,0,NA,NA,0
"Pelamis platura",NA,NA,0,NA,NA,0,NA,NA,0,NA,NA,0
"Pelecanus crispus",NA,NA,0,NA,NA,0,NA,NA,0,NA,NA,0
"Pelecanus erythrorhynchos",0.0610754445759722,"Type II",14,NA,NA,1,NA,NA,0,NA,NA,1
"Pelecanus occidentalis",-0.140918113316606,"Trending III",23,-0.225,"Trending III",2,-0.245,"Trending III",2,-0.236732197895543,"Trending III",4
"Pelecanus onocrotalus",NA,NA,0,NA,NA,0,NA,NA,0,NA,NA,0
"Pelecanus philippensis",NA,NA,0,NA,NA,0,NA,NA,0,NA,NA,0
"Pelecanus rufescens",NA,NA,5,NA,NA,0,NA,NA,0,NA,NA,0
"Pelodiscus sinensis",NA,NA,0,NA,NA,0,NA,NA,0,NA,NA,0
"Pelomedusa subrufa",0.0773269195239232,"Type II",5,NA,NA,0,NA,NA,0,NA,NA,0
"Pelophylax ridibundus",NA,NA,0,NA,NA,0,NA,NA,0,NA,NA,0
"Pelusios subniger",-0.265,"Trending III",2,NA,NA,0,NA,NA,0,NA,NA,0
"Pempheris schomburgki",NA,NA,0,NA,NA,0,NA,NA,0,NA,NA,0
"Penelopides exarhatus",NA,NA,1,NA,NA,0,NA,NA,0,NA,NA,0
"Pentapodus emeryii",NA,NA,0,NA,NA,0,NA,NA,0,NA,NA,0
"Peponocephala electra",NA,NA,0,NA,NA,0,NA,NA,0,NA,NA,0
"Peprilus paru",NA,NA,0,NA,NA,0,NA,NA,0,NA,NA,0
"Peprilus triacanthus",NA,NA,0,NA,NA,0,NA,NA,0,NA,NA,0
"Perca flavescens",NA,NA,0,NA,NA,0,NA,NA,0,NA,NA,0
"Percina caprodes",NA,NA,0,NA,NA,0,NA,NA,0,NA,NA,0
"Perdicula asiatica",NA,NA,0,NA,NA,0,NA,NA,0,NA,NA,0
"Pericrocotus cinnamomeus",NA,NA,0,NA,NA,0,NA,NA,0,NA,NA,0
"Pericrocotus speciosus",NA,NA,0,NA,NA,0,NA,NA,0,NA,NA,0
"Perissocephalus tricolor",NA,NA,1,NA,NA,0,NA,NA,0,NA,NA,0
"Pernis apivorus",NA,NA,0,NA,NA,0,NA,NA,0,NA,NA,0
"Perodicticus potto",NA,NA,0,NA,NA,0,NA,NA,0,NA,NA,0
"Peromyscus eremicus",-0.0135152225241779,"Type II",9,0.0958076642050845,"Type II",4,NA,NA,0,0.0958076642050845,"Type II",4
"Peromyscus leucopus",-0.0559664589024884,"Type II",9,-0.252888315659275,"Trending III",3,NA,NA,0,-0.252888315659275,"Trending III",3
"Peromyscus polionotus",NA,NA,1,NA,NA,0,NA,NA,0,NA,NA,0
"Petaurus breviceps",0.0285496715703721,"Type II",72,0.094762678323091,"Type II",26,-0.027916922006344,"Type II",11,0.0681579061931895,"Type II",37
"Pethia conchonius",NA,NA,0,NA,NA,0,NA,NA,0,NA,NA,0
"Petrochelidon pyrrhonota",NA,NA,0,NA,NA,0,NA,NA,0,NA,NA,0
"Petrogale xanthopus",0.0742349014622136,"Type II",32,-0.185,"Trending III",2,-0.0414326443571377,"Type II",3,-0.0870000337122097,"Type II",5
"Petromyzon marinus",NA,NA,0,NA,NA,0,NA,NA,0,NA,NA,0
"Petrosaurus thalassinus",NA,NA,7,NA,NA,2,NA,NA,1,NA,NA,3
"Phacochoerus aethiopicus",NA,NA,1,NA,NA,0,NA,NA,1,NA,NA,1
"Phacochoerus africanus",0.21023804369618,"Trending I",64,0.229796049047706,"Trending I",26,0.198531518984031,"Trending I",17,0.244085528840441,"Trending I",43
"Phalacrocorax auritus",0.21,"Trending I",2,NA,NA,1,NA,NA,0,NA,NA,1
"Phalacrocorax lucidus",0.205195500086539,"Trending I",4,NA,NA,0,0.268092975357146,"Trending I",3,0.268092975357146,"Trending I",3
"Phalacrocorax pelagicus",NA,NA,0,NA,NA,0,NA,NA,0,NA,NA,0
"Phalacrocorax penicillatus",NA,NA,0,NA,NA,0,NA,NA,0,NA,NA,0
"Phalanger gymnotis",0.395,"Type I",2,NA,NA,1,NA,NA,0,NA,NA,1
"Phapitreron brunneiceps",NA,NA,0,NA,NA,0,NA,NA,0,NA,NA,0
"Pharomachrus antisianus",NA,NA,2,NA,NA,0,NA,NA,0,NA,NA,0
"Pharomachrus mocinno",NA,NA,1,NA,NA,0,NA,NA,0,NA,NA,0
"Phascolarctos cinereus",0.208694217100735,"Trending I",26,-0.148300749985577,"Trending III",8,-0.0714326443571377,"Type II",3,-0.0782307014404062,"Type II",11
"Phasianus colchicus",-0.088650075438931,"Type II",9,NA,NA,0,NA,NA,1,NA,NA,1
"Phasianus versicolor",-0.26,"Trending III",2,NA,NA,0,NA,NA,0,NA,NA,0
"Phelsuma abbotti",NA,NA,1,NA,NA,0,NA,NA,0,NA,NA,0
"Phelsuma flavigularis",NA,NA,0,NA,NA,0,NA,NA,0,NA,NA,0
"Phelsuma grandis",0.0720426338754107,"Type II",18,NA,NA,3,NA,NA,0,NA,NA,3
"Phelsuma klemmeri",NA,NA,0,NA,NA,0,NA,NA,0,NA,NA,0
"Phelsuma lineata",NA,NA,0,NA,NA,0,NA,NA,0,NA,NA,0
"Phelsuma robertmertensi",NA,NA,0,NA,NA,0,NA,NA,0,NA,NA,0
"Phelsuma serraticauda",NA,NA,0,NA,NA,0,NA,NA,0,NA,NA,0
"Phelsuma standingi",0.233055756470913,"Trending I",16,NA,NA,0,NA,NA,0,NA,NA,0
"Phenacogrammus interruptus",NA,NA,0,NA,NA,0,NA,NA,0,NA,NA,0
"Pheucticus chrysogaster",NA,NA,1,NA,NA,0,NA,NA,0,NA,NA,0
"Pheucticus ludovicianus",NA,NA,1,NA,NA,0,NA,NA,0,NA,NA,0
"Philantomba monticola",NA,NA,0,NA,NA,0,NA,NA,0,NA,NA,0
"Philemon buceroides",NA,NA,1,NA,NA,0,NA,NA,0,NA,NA,0
"Philesturnus carunculatus",NA,NA,0,NA,NA,0,NA,NA,0,NA,NA,0
"Philodryas baroni",NA,NA,2,NA,NA,0,NA,NA,0,NA,NA,0
"Phloeomys cumingi",NA,NA,0,NA,NA,0,NA,NA,0,NA,NA,0
"Phoca largha",NA,NA,0,NA,NA,0,NA,NA,0,NA,NA,0
"Phoca vitulina",0.0499336856870947,"Type II",65,0.190513766165537,"Trending I",9,-0.2,"Trending III",2,0.159860478129571,"Trending I",11
"Phocoena phocoena",-0.38,"Type III",2,NA,NA,0,NA,NA,0,NA,NA,0
"Phocoenoides dalli",NA,NA,0,NA,NA,0,NA,NA,0,NA,NA,0
"Phodilus badius",NA,NA,2,NA,NA,0,NA,NA,1,NA,NA,1
"Phodopus campbelli",NA,NA,0,NA,NA,0,NA,NA,0,NA,NA,0
"Phodopus sungorus",NA,NA,0,NA,NA,0,NA,NA,0,NA,NA,0
"Phoebastria albatrus",NA,NA,0,NA,NA,0,NA,NA,0,NA,NA,0
"Phoebastria immutabilis",NA,NA,0,NA,NA,0,NA,NA,0,NA,NA,0
"Phoenicircus carnifex",NA,NA,0,NA,NA,0,NA,NA,0,NA,NA,0
"Phoeniconaias minor",NA,NA,0,NA,NA,0,NA,NA,0,NA,NA,0
"Phoenicopterus chilensis",0.34790781629615,"Type I",89,0.234530040782249,"Trending I",8,0.265948224578763,"Trending I",3,0.270211340635133,"Trending I",11
"Phoenicopterus roseus",0.0855599026200702,"Type II",15,0.00105584217036248,"Type II",3,NA,NA,0,0.00105584217036248,"Type II",3
"Phoenicopterus ruber",0.302666911545818,"Type I",102,0.215900123573737,"Trending I",18,0.195506100123689,"Trending I",3,0.227163114166483,"Trending I",21
"Phoeniculus purpureus",NA,NA,12,NA,NA,0,NA,NA,4,NA,NA,4
"Pholidichthys leucotaenia",NA,NA,0,NA,NA,0,NA,NA,0,NA,NA,0
"Photoblepharon palpebratus",NA,NA,0,NA,NA,0,NA,NA,0,NA,NA,0
"Phractocephalus hemioliopterus",NA,NA,0,NA,NA,0,NA,NA,0,NA,NA,0
"Phrynoidis aspera",NA,NA,0,NA,NA,0,NA,NA,0,NA,NA,0
"Phrynomantis bifasciatus",NA,NA,0,NA,NA,0,NA,NA,0,NA,NA,0
"Phrynops hilarii",NA,NA,1,NA,NA,1,NA,NA,0,NA,NA,1
"Phrynosoma asio",NA,NA,38,NA,NA,2,NA,NA,1,NA,NA,3
"Phrynosoma cornutum",NA,NA,0,NA,NA,0,NA,NA,0,NA,NA,0
"Phrynosoma douglasii",NA,NA,6,NA,NA,0,NA,NA,0,NA,NA,0
"Phrynosoma hernandesi",NA,NA,0,NA,NA,0,NA,NA,0,NA,NA,0
"Phrynosoma platyrhinos",NA,NA,2,NA,NA,0,NA,NA,1,NA,NA,1
"Phrynosoma taurus",NA,NA,0,NA,NA,0,NA,NA,0,NA,NA,0
"Phycodurus eques",NA,NA,2,NA,NA,0,NA,NA,0,NA,NA,0
"Phyllobates aurotaenia",NA,NA,0,NA,NA,0,NA,NA,0,NA,NA,0
"Phyllobates bicolor",NA,NA,0,NA,NA,0,NA,NA,0,NA,NA,0
"Phyllobates terribilis",NA,NA,1,NA,NA,0,NA,NA,0,NA,NA,0
"Phyllobates vittatus",NA,NA,0,NA,NA,0,NA,NA,0,NA,NA,0
"Phyllomedusa bicolor",0.150946966671159,"Trending I",31,NA,NA,0,-0.11931065252742,"Trending III",3,-0.11931065252742,"Trending III",3
"Phyllomedusa tomopterna",NA,NA,0,NA,NA,0,NA,NA,0,NA,NA,0
"Phyllomedusa vaillantii",NA,NA,0,NA,NA,0,NA,NA,0,NA,NA,0
"Phyllopteryx taeniolatus",NA,NA,2,NA,NA,0,NA,NA,0,NA,NA,0
"Phyllorhiza punctata",NA,NA,0,NA,NA,0,NA,NA,0,NA,NA,0
"Phyllostomus discolor",NA,NA,3,NA,NA,0,NA,NA,0,NA,NA,0
"Phyllurus platurus",NA,NA,0,NA,NA,0,NA,NA,0,NA,NA,0
"Physignathus cocincinus",-0.0389268939191729,"Type II",12,-0.0449999999999999,"Type II",3,NA,NA,0,-0.0449999999999999,"Type II",3
"Piaractus brachypomus",-0.0549999999999999,"Type II",2,NA,NA,0,NA,NA,0,NA,NA,0
"Pica hudsonia",0.0311654166907052,"Type II",5,NA,NA,0,NA,NA,0,NA,NA,0
"Pica nuttalli",NA,NA,0,NA,NA,0,NA,NA,0,NA,NA,0
"Picathartes gymnocephalus",NA,NA,1,NA,NA,0,NA,NA,0,NA,NA,0
"Picoides pubescens",NA,NA,2,NA,NA,0,NA,NA,0,NA,NA,0
"Pictichromis paccagnella",NA,NA,0,NA,NA,0,NA,NA,0,NA,NA,0
"Piezorina cinerea",NA,NA,0,NA,NA,0,NA,NA,0,NA,NA,0
"Pimelodus pictus",NA,NA,0,NA,NA,0,NA,NA,0,NA,NA,0
"Pimephales notatus",NA,NA,0,NA,NA,0,NA,NA,0,NA,NA,0
"Pimephales promelas",NA,NA,0,NA,NA,0,NA,NA,0,NA,NA,0
"Pionites leucogaster",-0.120250049692134,"Trending III",9,NA,NA,1,NA,NA,0,NA,NA,1
"Pionites melanocephalus",0.104294565803274,"Trending I",25,NA,NA,1,-0.125,"Trending III",2,-4.36419229851159e-05,"Type II",3
"Pionus chalcopterus",NA,NA,4,NA,NA,0,NA,NA,0,NA,NA,0
"Pionus fuscus",NA,NA,0,NA,NA,0,NA,NA,0,NA,NA,0
"Pionus maximiliani",NA,NA,1,NA,NA,0,NA,NA,0,NA,NA,0
"Pionus menstruus",0.0271943351869686,"Type II",8,0.28,"Trending I",2,NA,NA,0,0.28,"Trending I",2
"Pionus senilis",NA,NA,15,NA,NA,0,NA,NA,0,NA,NA,0
"Pipa pipa",0.196915666803291,"Trending I",41,NA,NA,0,0.275,"Trending I",2,0.275,"Trending I",2
"Pipile cumanensis",NA,NA,2,NA,NA,0,NA,NA,1,NA,NA,1
"Pipile jacutinga",NA,NA,1,NA,NA,0,NA,NA,0,NA,NA,0
"Pipilo erythrophthalmus",NA,NA,0,NA,NA,0,NA,NA,0,NA,NA,0
"Piranga ludoviciana",NA,NA,0,NA,NA,0,NA,NA,0,NA,NA,0
"Piranga olivacea",NA,NA,1,NA,NA,0,NA,NA,0,NA,NA,0
"Pisaster giganteus",NA,NA,0,NA,NA,0,NA,NA,0,NA,NA,0
"Pisaster ochraceus",NA,NA,0,NA,NA,0,NA,NA,0,NA,NA,0
"Pitangus lictor",NA,NA,0,NA,NA,0,NA,NA,0,NA,NA,0
"Pithecia pithecia",0.0364946879903738,"Type II",20,NA,NA,0,-0.13,"Trending III",2,-0.13,"Trending III",2
"Pitta sordida",NA,NA,24,NA,NA,1,NA,NA,0,NA,NA,1
"Pituophis catenifer",0.0714249345322987,"Type II",47,0.0404215408581955,"Type II",19,0.0104856381018341,"Type II",5,0.0581197672828033,"Type II",24
"Pituophis melanoleucus",0.284196332322243,"Trending I",18,0.152092699609758,"Trending I",6,0.125,"Trending I",2,0.175189433120407,"Trending I",8
"Pituophis ruthveni",0.00216989349587771,"Type II",19,-0.0332510515149296,"Type II",5,NA,NA,1,0.0073940357437654,"Type II",6
"Pituophis vertebralis",NA,NA,1,NA,NA,0,NA,NA,0,NA,NA,0
"Plagopterus argentissimus",NA,NA,0,NA,NA,0,NA,NA,0,NA,NA,0
"Platalea ajaja",0.280823187525268,"Trending I",37,0.215,"Trending I",2,0.310656311396939,"Type I",13,0.312887504832119,"Type I",15
"Platalea alba",0.210244543378381,"Trending I",8,NA,NA,0,NA,NA,0,NA,NA,0
"Platax orbicularis",NA,NA,0,NA,NA,0,NA,NA,0,NA,NA,0
"Platax pinnatus",NA,NA,0,NA,NA,0,NA,NA,0,NA,NA,0
"Platemys platycephala",NA,NA,1,NA,NA,0,NA,NA,1,NA,NA,1
"Platichthys stellatus",NA,NA,0,NA,NA,0,NA,NA,0,NA,NA,0
"Platycercus adscitus",NA,NA,0,NA,NA,0,NA,NA,0,NA,NA,0
"Platycercus elegans",NA,NA,0,NA,NA,0,NA,NA,0,NA,NA,0
"Platycercus eximius",NA,NA,0,NA,NA,0,NA,NA,0,NA,NA,0
"Platydoras armatulus",NA,NA,0,NA,NA,0,NA,NA,0,NA,NA,0
"Platylophus galericulatus",NA,NA,1,NA,NA,0,NA,NA,0,NA,NA,0
"Platymantis guentheri",NA,NA,0,NA,NA,0,NA,NA,0,NA,NA,0
"Platysternon megacephalum",-0.127053163932046,"Trending III",5,NA,NA,0,NA,NA,0,NA,NA,0
"Plectorhinchus chaetodonoides",NA,NA,0,NA,NA,0,NA,NA,0,NA,NA,0
"Plectranthias inermis",NA,NA,0,NA,NA,0,NA,NA,0,NA,NA,0
"Plectropterus gambensis",0.25,"Trending I",2,NA,NA,0,NA,NA,0,NA,NA,0
"Plegadis chihi",NA,NA,1,NA,NA,0,NA,NA,0,NA,NA,0
"Plegadis falcinellus",NA,NA,0,NA,NA,0,NA,NA,0,NA,NA,0
"Plestiodon fasciatus",NA,NA,2,NA,NA,0,NA,NA,2,NA,NA,2
"Plestiodon inexpectatus",NA,NA,4,NA,NA,0,NA,NA,0,NA,NA,0
"Plestiodon laticeps",NA,NA,4,NA,NA,3,NA,NA,1,NA,NA,4
"Plestiodon obsoletus",NA,NA,0,NA,NA,0,NA,NA,0,NA,NA,0
"Plestiodon skiltonianus",NA,NA,0,NA,NA,0,NA,NA,0,NA,NA,0
"Plethodon glutinosus",NA,NA,0,NA,NA,0,NA,NA,0,NA,NA,0
"Plethodon jordani",NA,NA,0,NA,NA,0,NA,NA,0,NA,NA,0
"Plethodon vandykei",NA,NA,0,NA,NA,0,NA,NA,0,NA,NA,0
"Plethodon yonahlossee",NA,NA,1,NA,NA,0,NA,NA,0,NA,NA,0
"Pleurodeles waltl",0.00631291467323442,"Type II",7,NA,NA,1,NA,NA,1,NA,NA,2
"Pleurogrammus monopterygius",NA,NA,0,NA,NA,0,NA,NA,0,NA,NA,0
"Pleuronectes quadrituberculatus",NA,NA,0,NA,NA,0,NA,NA,0,NA,NA,0
"Pleuronichthys coenosus",NA,NA,0,NA,NA,0,NA,NA,0,NA,NA,0
"Plica plica",NA,NA,7,NA,NA,0,NA,NA,0,NA,NA,0
"Ploceus aurantius",NA,NA,1,NA,NA,0,NA,NA,0,NA,NA,0
"Ploceus baglafecht",NA,NA,1,NA,NA,0,NA,NA,0,NA,NA,0
"Ploceus castaneiceps",NA,NA,23,NA,NA,3,NA,NA,0,NA,NA,3
"Ploceus dichrocephalus",NA,NA,0,NA,NA,0,NA,NA,0,NA,NA,0
"Ploceus hypoxanthus",NA,NA,0,NA,NA,0,NA,NA,0,NA,NA,0
"Ploceus melanocephalus",NA,NA,21,NA,NA,0,NA,NA,0,NA,NA,0
"Ploceus velatus",NA,NA,44,NA,NA,1,NA,NA,1,NA,NA,2
"Plotosus lineatus",NA,NA,0,NA,NA,0,NA,NA,0,NA,NA,0
"Pluvialis dominica",NA,NA,0,NA,NA,0,NA,NA,0,NA,NA,0
"Pluvialis squatarola",NA,NA,0,NA,NA,0,NA,NA,0,NA,NA,0
"Pluvianus aegyptius",NA,NA,5,NA,NA,0,NA,NA,0,NA,NA,0
"Pocillopora sp.",NA,NA,0,NA,NA,0,NA,NA,0,NA,NA,0
"Podarcis pityusensis",NA,NA,0,NA,NA,0,NA,NA,0,NA,NA,0
"Podarcis sicula",NA,NA,0,NA,NA,0,NA,NA,0,NA,NA,0
"Podargus strigoides",NA,NA,26,NA,NA,2,NA,NA,0,NA,NA,2
"Podiceps auritus",NA,NA,0,NA,NA,0,NA,NA,0,NA,NA,0
"Podiceps grisegena",NA,NA,0,NA,NA,0,NA,NA,0,NA,NA,0
"Podilymbus podiceps",NA,NA,1,NA,NA,0,NA,NA,0,NA,NA,0
"Podocnemis erythrocephala",-0.0700000000000001,"Type II",2,NA,NA,0,NA,NA,0,NA,NA,0
"Podocnemis expansa",0.0511860142843544,"Type II",8,NA,NA,0,NA,NA,0,NA,NA,0
"Podocnemis unifilis",-0.235075629757292,"Trending III",3,NA,NA,1,NA,NA,0,NA,NA,1
"Podocnemis vogli",NA,NA,1,NA,NA,0,NA,NA,0,NA,NA,0
"Podothecus accipenserinus",NA,NA,0,NA,NA,0,NA,NA,0,NA,NA,0
"Poecile atricapillus",NA,NA,0,NA,NA,0,NA,NA,0,NA,NA,0
"Poecilia latipinna",NA,NA,0,NA,NA,0,NA,NA,0,NA,NA,0
"Poecilia reticulata",NA,NA,0,NA,NA,0,NA,NA,0,NA,NA,0
"Poeciliopsis occidentalis",NA,NA,0,NA,NA,0,NA,NA,0,NA,NA,0
"Poecilogale albinucha",NA,NA,1,NA,NA,0,NA,NA,0,NA,NA,0
"Poephila cincta",NA,NA,9,NA,NA,1,NA,NA,0,NA,NA,1
"Pogona vitticeps",NA,NA,0,NA,NA,0,NA,NA,0,NA,NA,0
"Pogoniulus bilineatus",NA,NA,2,NA,NA,0,NA,NA,1,NA,NA,1
"Pogonocichla stellata",NA,NA,1,NA,NA,0,NA,NA,0,NA,NA,0
"Poicephalus cryptoxanthus",NA,NA,1,NA,NA,0,NA,NA,0,NA,NA,0
"Poicephalus flavifrons",NA,NA,0,NA,NA,0,NA,NA,0,NA,NA,0
"Poicephalus gulielmi",-0.121473726343139,"Trending III",18,NA,NA,0,NA,NA,0,NA,NA,0
"Poicephalus meyeri",-0.233122813092856,"Trending III",5,NA,NA,0,NA,NA,0,NA,NA,0
"Poicephalus robustus",-0.34215532626371,"Type III",3,NA,NA,0,NA,NA,0,NA,NA,0
"Poicephalus rufiventris",NA,NA,1,NA,NA,0,NA,NA,0,NA,NA,0
"Poicephalus senegalus",-0.0245855527312165,"Type II",22,-0.0955177542123667,"Type II",3,NA,NA,1,-0.122734333314103,"Trending III",4
"Polemaetus bellicosus",NA,NA,0,NA,NA,0,NA,NA,0,NA,NA,0
"Polihierax semitorquatus",0.135825600296115,"Trending I",21,NA,NA,1,-0.0562643632101548,"Type II",7,-0.0439703650371336,"Type II",8
"Polychrus acutirostris",NA,NA,0,NA,NA,0,NA,NA,0,NA,NA,0
"Polyodon spathula",NA,NA,0,NA,NA,0,NA,NA,0,NA,NA,0
"Polyorchis penicillatus",NA,NA,0,NA,NA,0,NA,NA,0,NA,NA,0
"Polypedates otilophus",NA,NA,0,NA,NA,0,NA,NA,0,NA,NA,0
"Polyplectron bicalcaratum",NA,NA,2,NA,NA,0,NA,NA,0,NA,NA,0
"Polyplectron germaini",NA,NA,4,NA,NA,0,NA,NA,0,NA,NA,0
"Polyplectron inopinatum",NA,NA,0,NA,NA,0,NA,NA,0,NA,NA,0
"Polyplectron malacense",NA,NA,8,NA,NA,0,NA,NA,0,NA,NA,0
"Polyplectron napoleonis",0.173022562546875,"Trending I",9,NA,NA,0,NA,NA,0,NA,NA,0
"Polypterus senegalus",NA,NA,0,NA,NA,0,NA,NA,0,NA,NA,0
"Polysticta stelleri",-0.120183247348891,"Trending III",3,NA,NA,0,NA,NA,0,NA,NA,0
"Polytelis alexandrae",-0.196595589026439,"Trending III",5,NA,NA,0,NA,NA,1,NA,NA,1
"Polytelis anthopeplus",NA,NA,0,NA,NA,0,NA,NA,0,NA,NA,0
"Polytelis swainsonii",NA,NA,0,NA,NA,0,NA,NA,0,NA,NA,0
"Pomacanthus annularis",NA,NA,0,NA,NA,0,NA,NA,0,NA,NA,0
"Pomacanthus arcuatus",NA,NA,0,NA,NA,0,NA,NA,0,NA,NA,0
"Pomacanthus asfur",NA,NA,0,NA,NA,0,NA,NA,0,NA,NA,0
"Pomacanthus maculosus",NA,NA,0,NA,NA,0,NA,NA,0,NA,NA,0
"Pomacanthus navarchus",NA,NA,0,NA,NA,0,NA,NA,0,NA,NA,0
"Pomacanthus paru",NA,NA,0,NA,NA,0,NA,NA,0,NA,NA,0
"Pomacanthus semicirculatus",NA,NA,0,NA,NA,0,NA,NA,0,NA,NA,0
"Pomacanthus xanthometopon",NA,NA,0,NA,NA,0,NA,NA,0,NA,NA,0
"Pomacanthus zonipectus",NA,NA,0,NA,NA,0,NA,NA,0,NA,NA,0
"Pomacathus chrysurus",NA,NA,0,NA,NA,0,NA,NA,0,NA,NA,0
"Pomacentrus coelestis",NA,NA,0,NA,NA,0,NA,NA,0,NA,NA,0
"Pomacentrus moluccensis",NA,NA,0,NA,NA,0,NA,NA,0,NA,NA,0
"Pomoxis annularis",NA,NA,0,NA,NA,0,NA,NA,0,NA,NA,0
"Pomoxis nigromaculatus",NA,NA,1,NA,NA,0,NA,NA,0,NA,NA,0
"Pongo abelii",0.25267467712977,"Trending I",30,0.19522768664287,"Trending I",3,0.257312798650842,"Trending I",7,0.296408419513643,"Trending I",10
"Porphyrio alleni",NA,NA,5,NA,NA,0,NA,NA,0,NA,NA,0
"Porphyrio martinicus",0.215,"Trending I",8,NA,NA,3,NA,NA,1,NA,NA,4
"Porphyrio porphyrio",NA,NA,0,NA,NA,0,NA,NA,0,NA,NA,0
"Porthidium dunni",NA,NA,0,NA,NA,0,NA,NA,0,NA,NA,0
"Porthidium nasutum",NA,NA,0,NA,NA,0,NA,NA,0,NA,NA,0
"Porzana fusca",NA,NA,1,NA,NA,0,NA,NA,0,NA,NA,0
"Potamochoerus porcus",-0.103717689796709,"Trending III",12,0.185,"Trending I",3,NA,NA,0,0.185,"Trending I",3
"Potamotrygon leopoldi",NA,NA,0,NA,NA,0,NA,NA,0,NA,NA,0
"Potamotrygon motoro",NA,NA,1,NA,NA,0,NA,NA,1,NA,NA,1
"Potomotyphlus kaupii",NA,NA,0,NA,NA,0,NA,NA,0,NA,NA,0
"Potorous tridactylus",NA,NA,1,NA,NA,0,NA,NA,0,NA,NA,0
"Potos flavus",0.202368708776876,"Trending I",13,NA,NA,0,0.305474380285717,"Type I",3,0.305474380285717,"Type I",3
"Prietella phreatophila",NA,NA,0,NA,NA,0,NA,NA,0,NA,NA,0
"Primolius auricollis",NA,NA,18,NA,NA,2,NA,NA,1,NA,NA,3
"Primolius couloni",NA,NA,1,NA,NA,0,NA,NA,1,NA,NA,1
"Primolius maracana",-0.26248652752231,"Trending III",8,-0.275,"Trending III",4,NA,NA,0,-0.275,"Trending III",4
"Prionace glauca",NA,NA,0,NA,NA,0,NA,NA,0,NA,NA,0
"Prionailurus bengalensis)",NA,NA,0,NA,NA,0,NA,NA,0,NA,NA,0
"Prionailurus viverrinus",0.266699250014423,"Trending I",4,0.285,"Trending I",2,NA,NA,1,0.274267010604435,"Trending I",3
"Prionurus punctatus",NA,NA,0,NA,NA,0,NA,NA,0,NA,NA,0
"Pristella maxillaris",NA,NA,0,NA,NA,0,NA,NA,0,NA,NA,0
"Pristigenys alta",NA,NA,0,NA,NA,0,NA,NA,0,NA,NA,0
"Pristimantis gaigei",NA,NA,0,NA,NA,0,NA,NA,0,NA,NA,0
"Pristis pectinata",NA,NA,0,NA,NA,0,NA,NA,0,NA,NA,0
"Probosciger aterrimus",NA,NA,0,NA,NA,0,NA,NA,0,NA,NA,0
"Procambarus clarkii",NA,NA,0,NA,NA,0,NA,NA,0,NA,NA,0
"Procavia capensis",0.147345423799723,"Trending I",57,0.270902495417913,"Trending I",9,-0.067701749966346,"Type II",4,0.221188409109666,"Trending I",13
"Procnias nudicollis",NA,NA,0,NA,NA,0,NA,NA,0,NA,NA,0
"Procyon lotor",0.050711142797102,"Type II",53,0.174334788160642,"Trending I",10,0.095,"Type II",4,0.1764238861935,"Trending I",14
"Progne subis",NA,NA,0,NA,NA,0,NA,NA,0,NA,NA,0
"Propithecus coquereli",NA,NA,0,NA,NA,0,NA,NA,0,NA,NA,0
"Propithecus diadema",NA,NA,0,NA,NA,0,NA,NA,0,NA,NA,0
"Propithecus tattersalli",NA,NA,0,NA,NA,0,NA,NA,0,NA,NA,0
"Propithecus verreauxi",-0.237924165567064,"Trending III",5,NA,NA,0,NA,NA,0,NA,NA,0
"Proteles cristata",0.401573563441996,"Type I",8,NA,NA,0,0.40684827970831,"Type I",6,0.40684827970831,"Type I",6
"Protobothrops jerdonii",NA,NA,0,NA,NA,0,NA,NA,0,NA,NA,0
"Protomelas taeniolatus",NA,NA,0,NA,NA,0,NA,NA,0,NA,NA,0
"Protopterus aethiopicus",NA,NA,2,NA,NA,0,NA,NA,2,NA,NA,2
"Protopterus dolloi",NA,NA,0,NA,NA,0,NA,NA,0,NA,NA,0
"Protoreaster linckii",NA,NA,0,NA,NA,0,NA,NA,0,NA,NA,0
"Protoreaster nodosus",NA,NA,0,NA,NA,0,NA,NA,0,NA,NA,0
"Psammobates oculifer",NA,NA,0,NA,NA,0,NA,NA,0,NA,NA,0
"Psammobates tentorius",NA,NA,2,NA,NA,0,NA,NA,0,NA,NA,0
"Psammophilus dorsalis",NA,NA,0,NA,NA,0,NA,NA,0,NA,NA,0
"Psammophylax rhombeatus",NA,NA,0,NA,NA,0,NA,NA,0,NA,NA,0
"Psarisomus dalhousiae",NA,NA,14,NA,NA,0,NA,NA,0,NA,NA,0
"Psarocolius decumanus",NA,NA,12,NA,NA,1,NA,NA,2,NA,NA,3
"Psarocolius montezuma",NA,NA,2,NA,NA,0,NA,NA,0,NA,NA,0
"Psarocolius viridis",NA,NA,2,NA,NA,0,NA,NA,0,NA,NA,0
"Psephotus dissimilis",NA,NA,0,NA,NA,0,NA,NA,0,NA,NA,0
"Psephotus haematonotus",NA,NA,0,NA,NA,0,NA,NA,0,NA,NA,0
"Psephotus varius",NA,NA,1,NA,NA,0,NA,NA,0,NA,NA,0
"Pseudacris cadaverina",NA,NA,0,NA,NA,0,NA,NA,0,NA,NA,0
"Pseudacris crucifer",NA,NA,0,NA,NA,0,NA,NA,0,NA,NA,0
"Pseudacris maculata",NA,NA,0,NA,NA,0,NA,NA,0,NA,NA,0
"Pseudacris regilla",NA,NA,0,NA,NA,0,NA,NA,0,NA,NA,0
"Pseudacris triseriata",NA,NA,0,NA,NA,0,NA,NA,0,NA,NA,0
"Pseudanthias bartlettorum",NA,NA,0,NA,NA,0,NA,NA,0,NA,NA,0
"Pseudanthias bicolor",NA,NA,0,NA,NA,0,NA,NA,0,NA,NA,0
"Pseudanthias squamipinnis",NA,NA,0,NA,NA,0,NA,NA,0,NA,NA,0
"Pseudaspis cana",NA,NA,3,NA,NA,1,NA,NA,0,NA,NA,1
"Pseudechis colletti",NA,NA,1,NA,NA,0,NA,NA,1,NA,NA,1
"Pseudechis porphyriacus",NA,NA,1,NA,NA,0,NA,NA,0,NA,NA,0
"Pseudemys concinna",-0.1,"Type II",2,NA,NA,1,NA,NA,0,NA,NA,1
"Pseudemys nelsoni",NA,NA,0,NA,NA,0,NA,NA,0,NA,NA,0
"Pseudeos fuscata",0.130517274102202,"Trending I",15,-0.05,"Type II",2,NA,NA,0,-0.05,"Type II",2
"Pseudobranchus axanthus",NA,NA,0,NA,NA,0,NA,NA,0,NA,NA,0
"Pseudocheilinus hexataenia",NA,NA,0,NA,NA,0,NA,NA,0,NA,NA,0
"Pseudochromis fridmani",NA,NA,0,NA,NA,0,NA,NA,0,NA,NA,0
"Pseudochromis springeri",NA,NA,0,NA,NA,0,NA,NA,0,NA,NA,0
"Pseudomugil furcatus",NA,NA,0,NA,NA,0,NA,NA,0,NA,NA,0
"Pseudoplatystoma fasciatum",NA,NA,0,NA,NA,0,NA,NA,0,NA,NA,0
"Pseudopus apodus",NA,NA,1,NA,NA,1,NA,NA,0,NA,NA,1
"Pseudotriton ruber",NA,NA,0,NA,NA,0,NA,NA,0,NA,NA,0
"Psilopogon pyrolophus",NA,NA,3,NA,NA,0,NA,NA,0,NA,NA,0
"Psiloscops flammeolus",NA,NA,0,NA,NA,0,NA,NA,0,NA,NA,0
"Psittacara erythrogenys",NA,NA,0,NA,NA,0,NA,NA,0,NA,NA,0
"Psittacara leucophthalma",NA,NA,0,NA,NA,0,NA,NA,0,NA,NA,0
"Psittacara mitrata",NA,NA,0,NA,NA,0,NA,NA,0,NA,NA,0
"Psittacara rubritorquis",-0.035,"Type II",2,NA,NA,0,NA,NA,0,NA,NA,0
"Psittacula alexandri",-0.191940091080512,"Trending III",3,NA,NA,0,NA,NA,0,NA,NA,0
"Psittacula cyanocephala",NA,NA,0,NA,NA,0,NA,NA,0,NA,NA,0
"Psittacula derbiana",NA,NA,4,NA,NA,0,NA,NA,2,NA,NA,2
"Psittacula derbyana",NA,NA,0,NA,NA,0,NA,NA,0,NA,NA,0
"Psittacula eupatria",NA,NA,0,NA,NA,0,NA,NA,0,NA,NA,0
"Psittacula krameri",NA,NA,0,NA,NA,0,NA,NA,0,NA,NA,0
"Psittaculirostris edwardsii",NA,NA,1,NA,NA,0,NA,NA,1,NA,NA,1
"Psittaculirostris salvadorii",NA,NA,0,NA,NA,0,NA,NA,0,NA,NA,0
"Psittacus erithacus",0.0179149424179776,"Type II",162,-0.0727845481440785,"Type II",6,-0.0262469429902397,"Type II",25,-0.0106608768845629,"Type II",31
"Psitteuteles goldiei",NA,NA,11,NA,NA,1,NA,NA,2,NA,NA,3
"Psitteuteles iris",-0.375,"Type III",2,NA,NA,0,NA,NA,1,NA,NA,1
"Psittrichas fulgidus",0.0784880948274689,"Type II",5,NA,NA,0,-0.345,"Type III",2,-0.345,"Type III",2
"Psophia crepitans",NA,NA,23,NA,NA,0,NA,NA,0,NA,NA,0
"Psychrolutes phrictus",NA,NA,0,NA,NA,0,NA,NA,0,NA,NA,0
"Pterapogon kauderni",NA,NA,0,NA,NA,0,NA,NA,0,NA,NA,0
"Ptereleotris zebra",NA,NA,0,NA,NA,0,NA,NA,0,NA,NA,0
"Pternistis erckelii",NA,NA,0,NA,NA,0,NA,NA,0,NA,NA,0
"Pterocles exustus",NA,NA,0,NA,NA,0,NA,NA,0,NA,NA,0
"Pterocles quadricinctus",NA,NA,1,NA,NA,0,NA,NA,0,NA,NA,0
"Pteroglossus aracari",NA,NA,24,NA,NA,1,NA,NA,0,NA,NA,1
"Pteroglossus azara",NA,NA,8,NA,NA,0,NA,NA,0,NA,NA,0
"Pteroglossus bailloni",NA,NA,0,NA,NA,0,NA,NA,0,NA,NA,0
"Pteroglossus beauharnaesii",NA,NA,4,NA,NA,0,NA,NA,0,NA,NA,0
"Pteroglossus castanotis",NA,NA,2,NA,NA,0,NA,NA,0,NA,NA,0
"Pteroglossus erythropygius",NA,NA,3,NA,NA,0,NA,NA,0,NA,NA,0
"Pteroglossus frantzii",NA,NA,1,NA,NA,0,NA,NA,0,NA,NA,0
"Pteroglossus inscriptus",NA,NA,6,NA,NA,0,NA,NA,0,NA,NA,0
"Pteroglossus pluricinctus",NA,NA,4,NA,NA,0,NA,NA,0,NA,NA,0
"Pteroglossus torquatus",NA,NA,9,NA,NA,1,NA,NA,0,NA,NA,1
"Pteroglossus viridis",NA,NA,16,NA,NA,1,NA,NA,1,NA,NA,2
"Pterois antennata",NA,NA,0,NA,NA,0,NA,NA,0,NA,NA,0
"Pterois miles",NA,NA,0,NA,NA,0,NA,NA,0,NA,NA,0
"Pterois volitans",NA,NA,0,NA,NA,0,NA,NA,0,NA,NA,0
"Pteronetta hartlaubii",NA,NA,0,NA,NA,0,NA,NA,0,NA,NA,0
"Pteronura brasiliensis",0.0630009558081993,"Type II",10,0.130556570570721,"Trending I",6,0.005,"Type II",2,0.127002751065127,"Trending I",8
"Pterophyllum scalare",NA,NA,0,NA,NA,0,NA,NA,0,NA,NA,0
"Pteroplatytrygon violacea",NA,NA,0,NA,NA,0,NA,NA,0,NA,NA,0
"Pteropus giganteus",-0.129900385640268,"Trending III",16,NA,NA,0,NA,NA,0,NA,NA,0
"Pteropus hypomelanus",0.0279842791621961,"Type II",8,NA,NA,3,NA,NA,2,NA,NA,5
"Pteropus poliocephalus",0.208333333333333,"Trending I",5,NA,NA,0,NA,NA,0,NA,NA,0
"Pteropus rodricensis",0.177718967899279,"Trending I",42,NA,NA,0,0.245,"Trending I",2,0.245,"Trending I",2
"Pteropus vampyrus",0.203262548620821,"Trending I",6,NA,NA,1,NA,NA,1,0.29,"Trending I",2
"Pteropus voeltzkowi",NA,NA,0,NA,NA,0,NA,NA,0,NA,NA,0
"Pterorhinus galbanus",NA,NA,0,NA,NA,0,NA,NA,0,NA,NA,0
"Ptilinopus aurantiifrons",NA,NA,1,NA,NA,0,NA,NA,0,NA,NA,0
"Ptilinopus iozonus",NA,NA,7,NA,NA,0,NA,NA,0,NA,NA,0
"Ptilinopus jambu",NA,NA,29,NA,NA,0,NA,NA,1,NA,NA,1
"Ptilinopus leclancheri",NA,NA,2,NA,NA,0,NA,NA,1,NA,NA,1
"Ptilinopus magnificus",NA,NA,4,NA,NA,0,NA,NA,1,NA,NA,1
"Ptilinopus melanospilus",NA,NA,21,NA,NA,0,NA,NA,1,NA,NA,1
"Ptilinopus perlatus",NA,NA,5,NA,NA,0,NA,NA,0,NA,NA,0
"Ptilinopus ponapensis",NA,NA,0,NA,NA,0,NA,NA,0,NA,NA,0
"Ptilinopus porphyreus",NA,NA,8,NA,NA,2,NA,NA,0,NA,NA,2
"Ptilinopus pulchellus",NA,NA,23,NA,NA,1,NA,NA,0,NA,NA,1
"Ptilinopus regina",NA,NA,3,NA,NA,0,NA,NA,1,NA,NA,1
"Ptilinopus roseicapilla",NA,NA,9,NA,NA,0,NA,NA,1,NA,NA,1
"Ptilinopus superbus",NA,NA,3,NA,NA,0,NA,NA,0,NA,NA,0
"Ptilopachus petrosus",NA,NA,1,NA,NA,0,NA,NA,0,NA,NA,0
"Ptilopsis leucotis",NA,NA,3,NA,NA,0,NA,NA,0,NA,NA,0
"Ptychocheilus lucius",NA,NA,1,NA,NA,0,NA,NA,0,NA,NA,0
"Ptychocheilus oregonensis",NA,NA,0,NA,NA,0,NA,NA,0,NA,NA,0
"Ptychoramphus aleuticus",NA,NA,1,NA,NA,0,NA,NA,0,NA,NA,0
"Ptychozoon kuhli",NA,NA,0,NA,NA,0,NA,NA,0,NA,NA,0
"Ptyodactylus hasselquistii",NA,NA,0,NA,NA,0,NA,NA,0,NA,NA,0
"Pudu puda",-0.3,"Type III",2,NA,NA,0,NA,NA,0,NA,NA,0
"Puffinus puffinus",NA,NA,0,NA,NA,0,NA,NA,0,NA,NA,0
"Pugettia producta",NA,NA,0,NA,NA,0,NA,NA,0,NA,NA,0
"Puma concolor",0.170058848664905,"Trending I",111,0.234134963363144,"Trending I",41,0.205387369019417,"Trending I",15,0.228742805723651,"Trending I",56
"Puma yagouaroundi",0.01,"Type II",2,NA,NA,0,NA,NA,0,NA,NA,0
"Puntigrus tetrazona",NA,NA,0,NA,NA,0,NA,NA,0,NA,NA,0
"Pusa hispida",-0.24263782313914,"Trending III",41,-0.281350874983173,"Trending III",4,-0.27,"Trending III",2,-0.25134826263402,"Trending III",6
"Pycnonotus barbatus",NA,NA,1,NA,NA,0,NA,NA,0,NA,NA,0
"Pycnonotus cafer",-0.162888315659275,"Trending III",3,NA,NA,0,NA,NA,0,NA,NA,0
"Pycnonotus flaviventris",NA,NA,2,NA,NA,0,NA,NA,0,NA,NA,0
"Pycnonotus goiavier",NA,NA,2,NA,NA,0,NA,NA,0,NA,NA,0
"Pycnonotus leucotis",NA,NA,10,NA,NA,0,NA,NA,0,NA,NA,0
"Pycnonotus zeylanicus",NA,NA,1,NA,NA,1,NA,NA,0,NA,NA,1
"Pycnopodia helianthoides",NA,NA,0,NA,NA,0,NA,NA,0,NA,NA,0
"Pygathrix nemaeus",0.155,"Trending I",2,NA,NA,0,0.155,"Trending I",2,0.155,"Trending I",2
"Pygocentrus nattereri",NA,NA,0,NA,NA,0,NA,NA,0,NA,NA,0
"Pygoscelis adeliae",NA,NA,0,NA,NA,0,NA,NA,0,NA,NA,0
"Pygoscelis antarcticus",NA,NA,0,NA,NA,0,NA,NA,0,NA,NA,0
"Pygoscelis papua",0.01,"Type II",2,NA,NA,0,NA,NA,0,NA,NA,0
"Pylodictis olivaris",NA,NA,1,NA,NA,0,NA,NA,0,NA,NA,0
"Pyrrhura cruentata",NA,NA,1,NA,NA,0,NA,NA,0,NA,NA,0
"Pyrrhura egregia",NA,NA,1,NA,NA,0,NA,NA,0,NA,NA,0
"Pyrrhura frontalis",NA,NA,4,NA,NA,0,NA,NA,0,NA,NA,0
"Pyrrhura molinae",NA,NA,42,NA,NA,1,NA,NA,1,NA,NA,2
"Python anchietae",NA,NA,0,NA,NA,0,NA,NA,0,NA,NA,0
"Python bivittatus",0.204935105412937,"Trending I",43,0.150744989619392,"Trending I",8,0.025,"Type II",2,0.146300300449859,"Trending I",10
"Python curtus",0.0975154085609485,"Type II",17,NA,NA,5,NA,NA,1,0.095,"Type II",6
"Python molurus",0.218426403617271,"Trending I",3,NA,NA,1,NA,NA,0,NA,NA,1
"Python regius",-0.12041132876552,"Trending III",81,0.0546158568146055,"Type II",7,NA,NA,2,0.0249287245542033,"Type II",9
"Python reticulatus",NA,NA,1,NA,NA,0,NA,NA,0,NA,NA,0
"Python sebae",NA,NA,0,NA,NA,0,NA,NA,0,NA,NA,0
"Python timoriensis",NA,NA,0,NA,NA,0,NA,NA,0,NA,NA,0
"Pytilia hypogrammica",NA,NA,13,NA,NA,0,NA,NA,0,NA,NA,0
"Pytilia melba",NA,NA,9,NA,NA,0,NA,NA,0,NA,NA,0
"Pyxicephalus adspersus",-0.1625098320624,"Trending III",12,-0.225,"Trending III",2,NA,NA,0,-0.225,"Trending III",2
"Pyxis planicauda",NA,NA,0,NA,NA,0,NA,NA,0,NA,NA,0
"Quelea quelea",NA,NA,0,NA,NA,0,NA,NA,0,NA,NA,0
"Querula purpurata",NA,NA,1,NA,NA,0,NA,NA,0,NA,NA,0
"Quiscalus quiscula",NA,NA,1,NA,NA,0,NA,NA,0,NA,NA,0
"Rachycentron canadum",NA,NA,0,NA,NA,0,NA,NA,0,NA,NA,0
"Raja clavata",NA,NA,0,NA,NA,0,NA,NA,0,NA,NA,0
"Raja eglanteria",NA,NA,0,NA,NA,0,NA,NA,0,NA,NA,0
"Rallus limicola",NA,NA,2,NA,NA,0,NA,NA,0,NA,NA,0
"Ramphastos swainsonii",NA,NA,0,NA,NA,0,NA,NA,0,NA,NA,0
"Ramphocelus bresilius",NA,NA,0,NA,NA,0,NA,NA,0,NA,NA,0
"Ramphocelus carbo",NA,NA,28,NA,NA,0,NA,NA,0,NA,NA,0
"Ramphocelus passerinii",NA,NA,0,NA,NA,0,NA,NA,0,NA,NA,0
"Rana luteiventris",NA,NA,0,NA,NA,0,NA,NA,0,NA,NA,0
"Rana pretiosa",NA,NA,0,NA,NA,0,NA,NA,0,NA,NA,0
"Rana sierrae",NA,NA,1,NA,NA,0,NA,NA,0,NA,NA,0
"Rangifer tarandus",0.0996449577763617,"Type II",21,0.185,"Trending I",2,-0.112729312417067,"Trending III",4,0.0195485037197924,"Type II",6
"Ranitomeya imitator",NA,NA,0,NA,NA,0,NA,NA,0,NA,NA,0
"Rankinia diemensis",NA,NA,0,NA,NA,0,NA,NA,0,NA,NA,0
"Raphicerus campestris",-0.015,"Type II",2,NA,NA,0,NA,NA,0,NA,NA,0
"Rattus norvegicus",0.211555968014517,"Trending I",284,0.105445596171373,"Trending I",76,0.204524337157036,"Trending I",70,0.230772237958257,"Trending I",146
"Ratufa affinis",NA,NA,1,NA,NA,0,NA,NA,0,NA,NA,0
"Ratufa indica",NA,NA,0,NA,NA,0,NA,NA,0,NA,NA,0
"Recurvirostra americana",0.213749256392068,"Trending I",6,NA,NA,0,NA,NA,2,NA,NA,2
"Regulus calendula",NA,NA,0,NA,NA,0,NA,NA,0,NA,NA,0
"Regulus satrapa",NA,NA,0,NA,NA,0,NA,NA,0,NA,NA,0
"Rhabdomys pumilio",NA,NA,0,NA,NA,0,NA,NA,0,NA,NA,0
"Rhacochilus vacca",NA,NA,1,NA,NA,0,NA,NA,1,NA,NA,1
"Rhacodactylus auriculatus",NA,NA,1,NA,NA,0,NA,NA,0,NA,NA,0
"Rhacodactylus chahoua",NA,NA,0,NA,NA,0,NA,NA,0,NA,NA,0
"Rhacodactylus ciliatus",NA,NA,0,NA,NA,0,NA,NA,0,NA,NA,0
"Rhacodactylus leachianus",-0.0283333333333334,"Type II",9,NA,NA,0,NA,NA,0,NA,NA,0
"Rhacophorus angulirostris",NA,NA,0,NA,NA,0,NA,NA,0,NA,NA,0
"Rhacophorus bimaculatus",NA,NA,0,NA,NA,0,NA,NA,0,NA,NA,0
"Rhacophorus dennysi",NA,NA,0,NA,NA,0,NA,NA,0,NA,NA,0
"Rhacophorus nigropalmatus",NA,NA,0,NA,NA,0,NA,NA,0,NA,NA,0
"Rhacophorus reinwardtii",NA,NA,1,NA,NA,0,NA,NA,0,NA,NA,0
"Rhamphiophis oxyrhynchus",NA,NA,0,NA,NA,0,NA,NA,0,NA,NA,0
"Rhamphocottus richardsonii",NA,NA,0,NA,NA,0,NA,NA,0,NA,NA,0
"Rhampholeon spinosus",NA,NA,1,NA,NA,0,NA,NA,0,NA,NA,0
"Rhea americana",-0.133748928700681,"Trending III",32,-0.197200499990385,"Trending III",4,-0.101284139791576,"Trending III",5,-0.102137071925958,"Trending III",9
"Rhina ancylostoma",NA,NA,0,NA,NA,0,NA,NA,0,NA,NA,0
"Rhinecanthus aculeatus",NA,NA,0,NA,NA,0,NA,NA,0,NA,NA,0
"Rhinecanthus rectangulus",NA,NA,0,NA,NA,0,NA,NA,0,NA,NA,0
"Rhinella marina",0.0187383825342171,"Type II",24,-0.175,"Trending III",4,-0.195,"Trending III",2,-0.179070223931843,"Trending III",6
"Rhineura floridana",NA,NA,0,NA,NA,0,NA,NA,0,NA,NA,0
"Rhinichthys atratulus",NA,NA,0,NA,NA,0,NA,NA,0,NA,NA,0
"Rhinobatos lentiginosus",NA,NA,0,NA,NA,0,NA,NA,0,NA,NA,0
"Rhinobatos productus",NA,NA,0,NA,NA,0,NA,NA,0,NA,NA,0
"Rhinoceros unicornis",0.16869592587368,"Trending I",43,0.229078200034615,"Trending I",30,-0.331577701777768,"Type III",8,0.185958329063768,"Trending I",38
"Rhinocheilus lecontei",0.0704648767857287,"Type II",3,0.255,"Trending I",2,NA,NA,0,0.255,"Trending I",2
"Rhinoclemmys pulcherrima",-0.138071563008166,"Trending III",3,NA,NA,0,NA,NA,1,NA,NA,1
"Rhinolophus ruwenzorii",NA,NA,4,NA,NA,2,NA,NA,0,NA,NA,2
"Rhinophrynus dorsalis",NA,NA,0,NA,NA,0,NA,NA,0,NA,NA,0
"Rhinopias frondosa",NA,NA,0,NA,NA,0,NA,NA,0,NA,NA,0
"Rhinoptera bonasus",NA,NA,0,NA,NA,0,NA,NA,0,NA,NA,0
"Rhizoprionodon terraenovae",NA,NA,0,NA,NA,0,NA,NA,0,NA,NA,0
"Rhodeus amarus",NA,NA,0,NA,NA,0,NA,NA,0,NA,NA,0
"Rhyacotriton cascadae",NA,NA,0,NA,NA,0,NA,NA,0,NA,NA,0
"Rhynchocyon petersi",0.00934587507932721,"Type II",4,NA,NA,0,NA,NA,0,NA,NA,0
"Rhynchopsitta pachyrhyncha",0.185514525297065,"Trending I",25,NA,NA,1,NA,NA,0,NA,NA,1
"Rhynochetos jubatus",NA,NA,0,NA,NA,0,NA,NA,0,NA,NA,0
"Richardsonius balteatus",NA,NA,0,NA,NA,0,NA,NA,0,NA,NA,0
"Rissa brevirostris",NA,NA,1,NA,NA,0,NA,NA,0,NA,NA,0
"Rollulus rouloul",NA,NA,70,NA,NA,1,NA,NA,1,NA,NA,2
"Romalea microptera",NA,NA,0,NA,NA,0,NA,NA,0,NA,NA,0
"Ronquilus jordani",NA,NA,0,NA,NA,0,NA,NA,0,NA,NA,0
"Rousettus aegyptiacus",0.131010945185607,"Trending I",62,-0.000593473298467151,"Type II",15,0.231520161032267,"Trending I",5,0.149645770572652,"Trending I",20
"Rousettus lanosus",0.0625382479527726,"Type II",26,NA,NA,1,0.085,"Type II",4,0.085,"Type II",5
"Rucervus duvaucelii",NA,NA,0,NA,NA,0,NA,NA,0,NA,NA,0
"Rucervus eldii",NA,NA,1,NA,NA,0,NA,NA,0,NA,NA,0
"Rudarius ercodes",NA,NA,0,NA,NA,0,NA,NA,0,NA,NA,0
"Rupicola peruvianus",NA,NA,2,NA,NA,0,NA,NA,0,NA,NA,0
"Rupicola rupicola",NA,NA,1,NA,NA,1,NA,NA,0,NA,NA,1
"Sacalia quadriocellata",NA,NA,0,NA,NA,0,NA,NA,0,NA,NA,0
"Sagittarius serpentarius",0.0668966548986898,"Type II",6,NA,NA,0,NA,NA,1,NA,NA,1
"Saguinus bicolor",0.107015041697917,"Trending I",4,NA,NA,0,NA,NA,0,NA,NA,0
"Saguinus fuscicollis",NA,NA,1,NA,NA,0,NA,NA,0,NA,NA,0
"Saguinus geoffroyi",0.204342640361727,"Trending I",3,0.185,"Trending I",2,NA,NA,0,0.185,"Trending I",2
"Saguinus imperator",0.193208874888784,"Trending I",51,-0.0357405604669574,"Type II",7,0.09,"Type II",5,0.0499468704943772,"Type II",12
"Saguinus labiatus",NA,NA,1,NA,NA,0,NA,NA,1,NA,NA,1
"Saguinus midas",-0.249315936137873,"Trending III",6,NA,NA,1,NA,NA,0,NA,NA,1
"Saguinus oedipus",0.164344695323559,"Trending I",94,0.0430816184432662,"Type II",20,0.15706425905984,"Trending I",13,0.121884928748425,"Trending I",33
"Saguinus ursula",NA,NA,0,NA,NA,0,NA,NA,0,NA,NA,0
"Saimiri boliviensis",0.233785570371393,"Trending I",11,NA,NA,0,NA,NA,1,NA,NA,1
"Saimiri sciureus",0.254098889062124,"Trending I",101,0.285892829297394,"Trending I",7,0.2754195793563,"Trending I",23,0.294369556533385,"Trending I",30
"Salamandra salamandra",-0.0493840015148793,"Type II",7,NA,NA,0,NA,NA,0,NA,NA,0
"Salarias fasciatus",NA,NA,0,NA,NA,0,NA,NA,0,NA,NA,0
"Salmo salar",NA,NA,0,NA,NA,0,NA,NA,0,NA,NA,0
"Salmo trutta",NA,NA,1,NA,NA,0,NA,NA,0,NA,NA,0
"Salpinctes obsoletus",NA,NA,0,NA,NA,0,NA,NA,0,NA,NA,0
"Salvadora bairdi",NA,NA,0,NA,NA,0,NA,NA,0,NA,NA,0
"Salvator merianae",NA,NA,1,NA,NA,0,NA,NA,0,NA,NA,0
"Salvelinus alpinus",NA,NA,0,NA,NA,0,NA,NA,0,NA,NA,0
"Salvelinus confluentus",NA,NA,0,NA,NA,0,NA,NA,0,NA,NA,0
"Salvelinus fontinalis",NA,NA,0,NA,NA,0,NA,NA,0,NA,NA,0
"Salvelinus malma",NA,NA,0,NA,NA,0,NA,NA,0,NA,NA,0
"Sander vitreus",NA,NA,0,NA,NA,0,NA,NA,0,NA,NA,0
"Sanzinia madagascariensis",0.266882429565591,"Trending I",38,0.284797470784707,"Trending I",11,NA,NA,1,0.299398666418936,"Trending I",12
"Sarcogyps calvus",NA,NA,0,NA,NA,0,NA,NA,0,NA,NA,0
"Sarcophilus harrisii",-0.035,"Type II",2,-0.035,"Type II",2,NA,NA,0,-0.035,"Type II",2
"Sarcoramphus papa",0.0144393077088783,"Type II",8,NA,NA,0,NA,NA,0,NA,NA,0
"Sardinops sagax",NA,NA,0,NA,NA,0,NA,NA,0,NA,NA,0
"Sargocentron xantherythrum",NA,NA,0,NA,NA,0,NA,NA,0,NA,NA,0
"Sarkidiornis melanotos",NA,NA,11,NA,NA,0,NA,NA,1,NA,NA,1
"Satanoperca jurupari",NA,NA,0,NA,NA,0,NA,NA,0,NA,NA,0
"Sauromalus ater",0.361398735693478,"Type I",29,NA,NA,11,NA,NA,3,NA,NA,14
"Sauromalus varius",0.0914311894461836,"Type II",11,NA,NA,0,NA,NA,1,NA,NA,1
"Sayornis phoebe",NA,NA,0,NA,NA,0,NA,NA,0,NA,NA,0
"Scapanus townsendii",NA,NA,0,NA,NA,0,NA,NA,0,NA,NA,0
"Scaphiophryne gottlebei",NA,NA,1,NA,NA,0,NA,NA,0,NA,NA,0
"Scaphiophryne madagascariensis",NA,NA,0,NA,NA,0,NA,NA,0,NA,NA,0
"Scaphiophryne marmorata",NA,NA,0,NA,NA,0,NA,NA,0,NA,NA,0
"Scaphiopus holbrookii",NA,NA,0,NA,NA,0,NA,NA,0,NA,NA,0
"Scartella cristata",NA,NA,0,NA,NA,0,NA,NA,0,NA,NA,0
"Scarus coeruleus",NA,NA,0,NA,NA,0,NA,NA,0,NA,NA,0
"Scarus guacamaia",NA,NA,0,NA,NA,0,NA,NA,0,NA,NA,0
"Scarus prasiognathos",NA,NA,0,NA,NA,0,NA,NA,0,NA,NA,0
"Scarus taeniopterus",NA,NA,0,NA,NA,0,NA,NA,0,NA,NA,0
"Scatophagus argus",NA,NA,0,NA,NA,0,NA,NA,0,NA,NA,0
"Sceloporus cyanogenys",0.166820893406354,"Trending I",26,NA,NA,1,0.229021386300101,"Trending I",5,0.229021386300101,"Trending I",6
"Sceloporus jarrovii",NA,NA,2,NA,NA,0,NA,NA,0,NA,NA,0
"Sceloporus magister",NA,NA,0,NA,NA,0,NA,NA,0,NA,NA,0
"Sceloporus malachiticus",NA,NA,0,NA,NA,0,NA,NA,0,NA,NA,0
"Sceloporus orcutti",NA,NA,4,NA,NA,0,NA,NA,0,NA,NA,0
"Sceloporus poinsettii",NA,NA,2,NA,NA,0,NA,NA,0,NA,NA,0
"Sceloporus slevini",NA,NA,0,NA,NA,0,NA,NA,0,NA,NA,0
"Sceloporus undulatus",NA,NA,0,NA,NA,0,NA,NA,0,NA,NA,0
"Sceloporus uniformis",NA,NA,0,NA,NA,0,NA,NA,0,NA,NA,0
"Schistochlamys melanopis",NA,NA,0,NA,NA,0,NA,NA,0,NA,NA,0
"Sciaenochromis ahli",NA,NA,0,NA,NA,0,NA,NA,0,NA,NA,0
"Sciaenops ocellatus",NA,NA,0,NA,NA,0,NA,NA,0,NA,NA,0
"Scincella lateralis",NA,NA,0,NA,NA,0,NA,NA,0,NA,NA,0
"Scincus scincus",NA,NA,0,NA,NA,0,NA,NA,0,NA,NA,0
"Scissirostrum dubium",NA,NA,1,NA,NA,0,NA,NA,0,NA,NA,0
"Sciurus carolinensis",-0.409716791664263,"Type III",4,NA,NA,0,NA,NA,0,NA,NA,0
"Sciurus griseus",NA,NA,0,NA,NA,0,NA,NA,0,NA,NA,0
"Sciurus niger",NA,NA,0,NA,NA,0,NA,NA,0,NA,NA,0
"Sciurus vulgaris",-0.17957565825316,"Trending III",6,NA,NA,0,NA,NA,0,NA,NA,0
"Scleropages formosus",NA,NA,0,NA,NA,0,NA,NA,0,NA,NA,0
"Scleropages leichardti",NA,NA,0,NA,NA,0,NA,NA,0,NA,NA,0
"Scolopax rusticola",NA,NA,0,NA,NA,0,NA,NA,0,NA,NA,0
"Scolopendra gigantea",NA,NA,0,NA,NA,0,NA,NA,0,NA,NA,0
"Scolopendra heros",NA,NA,0,NA,NA,0,NA,NA,0,NA,NA,0
"Scolopendra polymorpha",NA,NA,0,NA,NA,0,NA,NA,0,NA,NA,0
"Scomber japonicus",NA,NA,0,NA,NA,0,NA,NA,0,NA,NA,0
"Scophthalmus maximus",NA,NA,0,NA,NA,0,NA,NA,0,NA,NA,0
"Scopus umbretta",NA,NA,13,NA,NA,0,NA,NA,1,NA,NA,1
"Scorpaena grandicornis",NA,NA,0,NA,NA,0,NA,NA,0,NA,NA,0
"Scorpaena guttata",NA,NA,0,NA,NA,0,NA,NA,0,NA,NA,0
"Scorpaena mystes",NA,NA,0,NA,NA,0,NA,NA,0,NA,NA,0
"Scorpaenichthys marmoratus",NA,NA,0,NA,NA,0,NA,NA,0,NA,NA,0
"Scorpaenopsis diabolus",NA,NA,0,NA,NA,0,NA,NA,0,NA,NA,0
"Scuticaria tigrina",NA,NA,0,NA,NA,0,NA,NA,0,NA,NA,0
"Scyliorhinus retifer",NA,NA,0,NA,NA,0,NA,NA,0,NA,NA,0
"Scyliorhinus torazame",NA,NA,0,NA,NA,0,NA,NA,0,NA,NA,0
"Scylla serrata",NA,NA,0,NA,NA,0,NA,NA,0,NA,NA,0
"Scyra acutifrons",NA,NA,0,NA,NA,0,NA,NA,0,NA,NA,0
"Sebastes atrovirens",NA,NA,0,NA,NA,0,NA,NA,0,NA,NA,0
"Sebastes auriculatus",NA,NA,0,NA,NA,0,NA,NA,0,NA,NA,0
"Sebastes babcocki",NA,NA,0,NA,NA,0,NA,NA,0,NA,NA,0
"Sebastes caurinus",NA,NA,1,NA,NA,0,NA,NA,1,NA,NA,1
"Sebastes ciliatus",NA,NA,0,NA,NA,0,NA,NA,0,NA,NA,0
"Sebastes dallii",NA,NA,0,NA,NA,0,NA,NA,0,NA,NA,0
"Sebastes diploproa",NA,NA,0,NA,NA,0,NA,NA,0,NA,NA,0
"Sebastes fasciatus",NA,NA,0,NA,NA,0,NA,NA,0,NA,NA,0
"Sebastes flavidus",NA,NA,0,NA,NA,0,NA,NA,0,NA,NA,0
"Sebastes hopkinsi",NA,NA,0,NA,NA,0,NA,NA,0,NA,NA,0
"Sebastes levis",NA,NA,0,NA,NA,0,NA,NA,0,NA,NA,0
"Sebastes maliger",NA,NA,0,NA,NA,0,NA,NA,0,NA,NA,0
"Sebastes melanops",NA,NA,0,NA,NA,0,NA,NA,0,NA,NA,0
"Sebastes mentella",NA,NA,0,NA,NA,0,NA,NA,0,NA,NA,0
"Sebastes miniatus",NA,NA,0,NA,NA,0,NA,NA,0,NA,NA,0
"Sebastes mystinus",NA,NA,0,NA,NA,0,NA,NA,0,NA,NA,0
"Sebastes nebulosus",NA,NA,1,NA,NA,0,NA,NA,0,NA,NA,0
"Sebastes nigrocinctus",NA,NA,0,NA,NA,0,NA,NA,0,NA,NA,0
"Sebastes paucispinis",NA,NA,0,NA,NA,0,NA,NA,0,NA,NA,0
"Sebastes paucispinus",NA,NA,0,NA,NA,0,NA,NA,0,NA,NA,0
"Sebastes pinniger",NA,NA,0,NA,NA,0,NA,NA,0,NA,NA,0
"Sebastes rastrelliger",NA,NA,1,NA,NA,0,NA,NA,1,NA,NA,1
"Sebastes ruberrimus",NA,NA,0,NA,NA,0,NA,NA,0,NA,NA,0
"Sebastes rubrivinctus",NA,NA,0,NA,NA,0,NA,NA,0,NA,NA,0
"Sebastes serranoides",NA,NA,0,NA,NA,0,NA,NA,0,NA,NA,0
"Sebastes serriceps",NA,NA,0,NA,NA,0,NA,NA,0,NA,NA,0
"Sebastiscus marmoratus",NA,NA,0,NA,NA,0,NA,NA,0,NA,NA,0
"Seiurus aurocapilla",NA,NA,1,NA,NA,0,NA,NA,0,NA,NA,0
"Sekeetamys calurus",NA,NA,0,NA,NA,0,NA,NA,0,NA,NA,0
"Selasphorus rufus",NA,NA,0,NA,NA,0,NA,NA,0,NA,NA,0
"Selasphorus sasin",NA,NA,0,NA,NA,0,NA,NA,0,NA,NA,0
"Selene brevoortii",NA,NA,0,NA,NA,0,NA,NA,0,NA,NA,0
"Selenidera maculirostris",NA,NA,8,NA,NA,0,NA,NA,1,NA,NA,1
"Selenidera piperivora",NA,NA,3,NA,NA,0,NA,NA,0,NA,NA,0
"Selenidera reinwardtii",NA,NA,0,NA,NA,0,NA,NA,0,NA,NA,0
"Selenotoca multifasciata",NA,NA,0,NA,NA,0,NA,NA,0,NA,NA,0
"Semaprochilodus insignis",NA,NA,0,NA,NA,0,NA,NA,0,NA,NA,0
"Semaprochilodus taeniurus",NA,NA,0,NA,NA,0,NA,NA,0,NA,NA,0
"Semicossyphus pulcher",NA,NA,0,NA,NA,0,NA,NA,0,NA,NA,0
"Semicossyphus reticulatus",NA,NA,0,NA,NA,0,NA,NA,0,NA,NA,0
"Semnopithecus entellus",0.15,"Trending I",3,NA,NA,0,NA,NA,1,NA,NA,1
"Semnopithecus hypoleucos",NA,NA,3,NA,NA,2,NA,NA,0,NA,NA,2
"Semnornis frantzii",NA,NA,0,NA,NA,0,NA,NA,0,NA,NA,0
"Semotilus atromaculatus",NA,NA,0,NA,NA,0,NA,NA,0,NA,NA,0
"Semotilus corporalis",NA,NA,0,NA,NA,0,NA,NA,0,NA,NA,0
"Senticolis triaspis",-0.163235583290064,"Trending III",4,NA,NA,0,NA,NA,0,NA,NA,0
"Sepia bandensis",NA,NA,0,NA,NA,0,NA,NA,0,NA,NA,0
"Sepia officinalis",NA,NA,0,NA,NA,0,NA,NA,0,NA,NA,0
"Sepia pharaonis",NA,NA,0,NA,NA,0,NA,NA,0,NA,NA,0
"Serinus canaria",NA,NA,1,NA,NA,0,NA,NA,0,NA,NA,0
"Serinus dorsostriatus",NA,NA,0,NA,NA,0,NA,NA,0,NA,NA,0
"Serinus mozambicus",NA,NA,0,NA,NA,0,NA,NA,0,NA,NA,0
"Serinus pusillus",NA,NA,0,NA,NA,0,NA,NA,0,NA,NA,0
"Seriola dumerili",NA,NA,0,NA,NA,0,NA,NA,0,NA,NA,0
"Seriola lalandi",NA,NA,0,NA,NA,0,NA,NA,0,NA,NA,0
"Seriola quinqueradiata",NA,NA,0,NA,NA,0,NA,NA,0,NA,NA,0
"Seriphus politus",NA,NA,0,NA,NA,0,NA,NA,0,NA,NA,0
"Serraniculus pumilio",NA,NA,0,NA,NA,0,NA,NA,0,NA,NA,0
"Serranus baldwini",NA,NA,0,NA,NA,0,NA,NA,0,NA,NA,0
"Serranus subligarius",NA,NA,0,NA,NA,0,NA,NA,0,NA,NA,0
"Serranus tabacarius",NA,NA,0,NA,NA,0,NA,NA,0,NA,NA,0
"Serranus tigrinus",NA,NA,0,NA,NA,0,NA,NA,0,NA,NA,0
"Serranus tortugarum",NA,NA,0,NA,NA,0,NA,NA,0,NA,NA,0
"Setifer setosus",0.0973080944932561,"Type II",5,0.0333187860256716,"Type II",3,0,"Type II",2,0.0973080944932561,"Type II",5
"Setophaga caerulescens",NA,NA,0,NA,NA,0,NA,NA,0,NA,NA,0
"Setophaga coronata",NA,NA,0,NA,NA,0,NA,NA,0,NA,NA,0
"Setophaga pensylvanica",NA,NA,0,NA,NA,0,NA,NA,0,NA,NA,0
"Setophaga ruticilla",NA,NA,0,NA,NA,0,NA,NA,0,NA,NA,0
"Setophaga virens",NA,NA,0,NA,NA,0,NA,NA,0,NA,NA,0
"Shinisaurus crocodilurus",NA,NA,24,NA,NA,2,NA,NA,1,NA,NA,3
"Sialia currucoides",NA,NA,0,NA,NA,0,NA,NA,0,NA,NA,0
"Sialia sialis",0.137103523824279,"Trending I",5,NA,NA,0,-0.025,"Type II",2,-0.025,"Type II",2
"Sibirionetta formosa",NA,NA,0,NA,NA,0,NA,NA,0,NA,NA,0
"Sicalis flaveola",NA,NA,36,NA,NA,0,NA,NA,2,NA,NA,2
"Sicamugil cascasia",NA,NA,0,NA,NA,0,NA,NA,0,NA,NA,0
"Siebenrockiella leytensis",NA,NA,0,NA,NA,0,NA,NA,0,NA,NA,0
"Siganus argenteus",NA,NA,0,NA,NA,0,NA,NA,0,NA,NA,0
"Siganus puellus",NA,NA,0,NA,NA,0,NA,NA,0,NA,NA,0
"Siganus uspi",NA,NA,0,NA,NA,0,NA,NA,0,NA,NA,0
"Siganus vulpinus",NA,NA,1,NA,NA,0,NA,NA,0,NA,NA,0
"Sigmodon hispidus",NA,NA,0,NA,NA,0,NA,NA,0,NA,NA,0
"Silurana tropicalis",NA,NA,0,NA,NA,0,NA,NA,0,NA,NA,0
"Simalia clastolepis",NA,NA,0,NA,NA,0,NA,NA,0,NA,NA,0
"Siniperca chuatsi",NA,NA,0,NA,NA,0,NA,NA,0,NA,NA,0
"Siren intermedia",0.0883985000288462,"Type II",4,NA,NA,1,NA,NA,0,NA,NA,1
"Siren lacertina",0.175,"Trending I",2,NA,NA,0,NA,NA,1,NA,NA,1
"Sistrurus catenatus",0.212203594357522,"Trending I",21,0.14600815121026,"Trending I",8,NA,NA,0,0.14600815121026,"Trending I",8
"Sistrurus miliarius",0.166822312693364,"Trending I",26,0.236088847054184,"Trending I",6,NA,NA,1,0.239312074346949,"Trending I",7
"Sistrurus ravus",NA,NA,1,NA,NA,0,NA,NA,0,NA,NA,0
"Sitana spinaecephalus",NA,NA,0,NA,NA,0,NA,NA,0,NA,NA,0
"Sitta carolinensis",NA,NA,0,NA,NA,0,NA,NA,0,NA,NA,0
"Smaug giganteus",NA,NA,0,NA,NA,0,NA,NA,0,NA,NA,0
"Smaug mossambicus",NA,NA,0,NA,NA,0,NA,NA,0,NA,NA,0
"Smilisca baudinii",NA,NA,1,NA,NA,0,NA,NA,0,NA,NA,0
"Smilisca fodiens",NA,NA,0,NA,NA,0,NA,NA,0,NA,NA,0
"Smilisca phaeota",NA,NA,0,NA,NA,0,NA,NA,0,NA,NA,0
"Smithornis sharpei",NA,NA,0,NA,NA,0,NA,NA,0,NA,NA,0
"Solaster dawsoni",NA,NA,0,NA,NA,0,NA,NA,0,NA,NA,0
"Solenastrea hyades",NA,NA,0,NA,NA,0,NA,NA,0,NA,NA,0
"Solenostomus cyanopterus",NA,NA,0,NA,NA,0,NA,NA,0,NA,NA,0
"Solenostomus paradoxus",NA,NA,0,NA,NA,0,NA,NA,0,NA,NA,0
"Somateria fischeri",0.0637099370652388,"Type II",6,NA,NA,0,NA,NA,0,NA,NA,0
"Somateria mollissima",-0.275,"Trending III",2,NA,NA,0,NA,NA,0,NA,NA,0
"Somateria spectabilis",NA,NA,0,NA,NA,0,NA,NA,0,NA,NA,0
"Sonora semiannulata",NA,NA,2,NA,NA,0,NA,NA,0,NA,NA,0
"Sorex araneus",NA,NA,0,NA,NA,0,NA,NA,0,NA,NA,0
"Sorubim lima",NA,NA,1,NA,NA,0,NA,NA,0,NA,NA,0
"Sotalia fluviatilis",NA,NA,2,NA,NA,0,NA,NA,0,NA,NA,0
"Spalax ehrenbergi",NA,NA,0,NA,NA,0,NA,NA,0,NA,NA,0
"Spalax giganteus",NA,NA,0,NA,NA,0,NA,NA,0,NA,NA,0
"Spalerosophis diadema",NA,NA,1,NA,NA,0,NA,NA,0,NA,NA,0
"Sparisoma viride",NA,NA,0,NA,NA,0,NA,NA,0,NA,NA,0
"Spatula clypeata",NA,NA,0,NA,NA,0,NA,NA,0,NA,NA,0
"Spatula cyanoptera",NA,NA,0,NA,NA,0,NA,NA,0,NA,NA,0
"Spatula discors",NA,NA,0,NA,NA,0,NA,NA,0,NA,NA,0
"Spatula hottentota",NA,NA,1,NA,NA,1,NA,NA,0,NA,NA,1
"Spatula platalea",NA,NA,0,NA,NA,0,NA,NA,0,NA,NA,0
"Spatula puna",NA,NA,0,NA,NA,0,NA,NA,0,NA,NA,0
"Spatula querquedula",NA,NA,0,NA,NA,0,NA,NA,0,NA,NA,0
"Spatula rhynchotis",NA,NA,0,NA,NA,0,NA,NA,0,NA,NA,0
"Spatula versicolor",NA,NA,0,NA,NA,0,NA,NA,0,NA,NA,0
"Spea bombifrons",NA,NA,0,NA,NA,0,NA,NA,0,NA,NA,0
"Spea multiplicata",NA,NA,0,NA,NA,0,NA,NA,0,NA,NA,0
"Speculanas specularis",NA,NA,5,NA,NA,0,NA,NA,1,NA,NA,1
"Speothos venaticus",0.28327904770234,"Trending I",10,NA,NA,3,0.273804545785721,"Trending I",3,0.273804545785721,"Trending I",6
"Sperata aor",NA,NA,0,NA,NA,0,NA,NA,0,NA,NA,0
"Speyeria callippe",NA,NA,0,NA,NA,0,NA,NA,0,NA,NA,0
"Sphaeramia nematoptera",NA,NA,0,NA,NA,0,NA,NA,0,NA,NA,0
"Sphaerechinus granularis",NA,NA,0,NA,NA,0,NA,NA,0,NA,NA,0
"Spheniscus demersus",NA,NA,0,NA,NA,0,NA,NA,0,NA,NA,0
"Spheniscus humboldti",0.296681953153145,"Trending I",65,0.267382983118742,"Trending I",17,0.18708318603994,"Trending I",5,0.291111097214164,"Trending I",22
"Spheniscus magellanicus",0.178252908412621,"Trending I",33,NA,NA,1,NA,NA,0,NA,NA,1
"Sphenodon punctatus",NA,NA,0,NA,NA,0,NA,NA,0,NA,NA,0
"Sphiggurus villosus",NA,NA,1,NA,NA,0,NA,NA,0,NA,NA,0
"Sphoeroides annulatus",NA,NA,0,NA,NA,0,NA,NA,0,NA,NA,0
"Sphoeroides maculatus",NA,NA,0,NA,NA,0,NA,NA,0,NA,NA,0
"Sphoeroides nephelus",NA,NA,0,NA,NA,0,NA,NA,0,NA,NA,0
"Sphoeroides pachygaster",NA,NA,0,NA,NA,0,NA,NA,0,NA,NA,0
"Sphoeroides spengleri",NA,NA,0,NA,NA,0,NA,NA,0,NA,NA,0
"Sphyraena barracuda",NA,NA,0,NA,NA,0,NA,NA,0,NA,NA,0
"Sphyrapicus varius",NA,NA,0,NA,NA,0,NA,NA,0,NA,NA,0
"Sphyrna lewini",NA,NA,0,NA,NA,0,NA,NA,0,NA,NA,0
"Sphyrna mokarran",NA,NA,0,NA,NA,0,NA,NA,0,NA,NA,0
"Sphyrna tiburo",NA,NA,2,NA,NA,0,NA,NA,1,NA,NA,1
"Spilocuscus maculatus",NA,NA,0,NA,NA,0,NA,NA,0,NA,NA,0
"Spilogale pygmaea",NA,NA,5,NA,NA,0,NA,NA,1,NA,NA,1
"Spilopelia chinensis",NA,NA,0,NA,NA,0,NA,NA,0,NA,NA,0
"Spilotes pullatus",0.272826123529923,"Trending I",22,0.387198950999622,"Type I",7,0.355,"Type I",2,0.38784467373629,"Type I",9
"Spinus tristis",NA,NA,0,NA,NA,0,NA,NA,0,NA,NA,0
"Spiolets pullatus",NA,NA,0,NA,NA,0,NA,NA,0,NA,NA,0
"Spizaetus ornatus",NA,NA,2,NA,NA,0,NA,NA,0,NA,NA,0
"Spizixos semitorques",NA,NA,10,NA,NA,0,NA,NA,0,NA,NA,0
"Sporophila leucoptera",NA,NA,0,NA,NA,0,NA,NA,0,NA,NA,0
"Sporophila peruviana",NA,NA,0,NA,NA,0,NA,NA,0,NA,NA,0
"Squalius cephalus",NA,NA,0,NA,NA,0,NA,NA,0,NA,NA,0
"Squalus acanthias",NA,NA,0,NA,NA,0,NA,NA,0,NA,NA,0
"Squatina squatina",NA,NA,0,NA,NA,0,NA,NA,0,NA,NA,0
"Stagmomantis carolina",NA,NA,0,NA,NA,0,NA,NA,0,NA,NA,0
"Stagonopleura guttata",NA,NA,4,NA,NA,0,NA,NA,0,NA,NA,0
"Staurotypus triporcatus",NA,NA,1,NA,NA,0,NA,NA,0,NA,NA,0
"Stegastes leucostictus",NA,NA,0,NA,NA,0,NA,NA,0,NA,NA,0
"Stegastes partitus",NA,NA,0,NA,NA,0,NA,NA,0,NA,NA,0
"Stegostoma fasciatum",NA,NA,0,NA,NA,0,NA,NA,0,NA,NA,0
"Stelgidopteryx serripennis",NA,NA,0,NA,NA,0,NA,NA,0,NA,NA,0
"Stellagama stellio",NA,NA,23,NA,NA,8,NA,NA,0,NA,NA,8
"Stenella coeruleoalba",NA,NA,0,NA,NA,0,NA,NA,0,NA,NA,0
"Stenella frontalis",NA,NA,0,NA,NA,0,NA,NA,0,NA,NA,0
"Steno bredanensis",NA,NA,0,NA,NA,0,NA,NA,0,NA,NA,0
"Stenocercus rhodomelas",NA,NA,0,NA,NA,0,NA,NA,0,NA,NA,0
"Stenopus hispidus",NA,NA,0,NA,NA,0,NA,NA,0,NA,NA,0
"Stenotomus chrysops",NA,NA,0,NA,NA,0,NA,NA,0,NA,NA,0
"Stephanolepis hispidus",NA,NA,0,NA,NA,0,NA,NA,0,NA,NA,0
"Stercorarius pomarinus",NA,NA,1,NA,NA,0,NA,NA,0,NA,NA,0
"Stereolepis gigas",NA,NA,0,NA,NA,0,NA,NA,0,NA,NA,0
"Sterna dougallii",NA,NA,0,NA,NA,0,NA,NA,0,NA,NA,0
"Sterna hirundo",NA,NA,0,NA,NA,0,NA,NA,0,NA,NA,0
"Sternotherus carinatus",NA,NA,0,NA,NA,0,NA,NA,0,NA,NA,0
"Sternotherus minor",NA,NA,0,NA,NA,0,NA,NA,0,NA,NA,0
"Sternotherus odoratus",-0.245,"Trending III",2,NA,NA,0,NA,NA,0,NA,NA,0
"Sternula antillarum",NA,NA,0,NA,NA,0,NA,NA,0,NA,NA,0
"Stichodactyla gigantea",NA,NA,0,NA,NA,0,NA,NA,0,NA,NA,0
"Stictonetta naevosa",NA,NA,0,NA,NA,0,NA,NA,0,NA,NA,0
"Stigmochelys pardalis",NA,NA,0,NA,NA,0,NA,NA,0,NA,NA,0
"Storeria dekayi",NA,NA,0,NA,NA,0,NA,NA,0,NA,NA,0
"Stramonita haemastoma",NA,NA,0,NA,NA,0,NA,NA,0,NA,NA,0
"Strategus aloeus",NA,NA,0,NA,NA,0,NA,NA,0,NA,NA,0
"Streptocitta albicollis",NA,NA,0,NA,NA,0,NA,NA,0,NA,NA,0
"Streptopelia bitorquata",NA,NA,2,NA,NA,0,NA,NA,0,NA,NA,0
"Streptopelia capicola",NA,NA,11,NA,NA,2,NA,NA,0,NA,NA,2
"Streptopelia decaocto",NA,NA,0,NA,NA,0,NA,NA,0,NA,NA,0
"Streptopelia risoria",0.277623972348914,"Trending I",8,0.165,"Trending I",2,NA,NA,0,0.165,"Trending I",2
"Streptopelia semitorquata",NA,NA,0,NA,NA,0,NA,NA,0,NA,NA,0
"Streptopelia turtur",NA,NA,0,NA,NA,0,NA,NA,0,NA,NA,0
"Strix aluco",0.04,"Type II",2,NA,NA,0,NA,NA,0,NA,NA,0
"Strix occidentalis",NA,NA,1,NA,NA,1,NA,NA,0,NA,NA,1
"Strix varia",0.250814405338077,"Trending I",11,-0.02,"Type II",2,NA,NA,0,-0.02,"Type II",2
"Strongylocentrotus droebachiensis",NA,NA,0,NA,NA,0,NA,NA,0,NA,NA,0
"Strongylura marina",NA,NA,0,NA,NA,0,NA,NA,0,NA,NA,0
"Strongylura notata",NA,NA,0,NA,NA,0,NA,NA,0,NA,NA,0
"Strophurus ciliaris",-0.39,"Type III",2,NA,NA,0,NA,NA,0,NA,NA,0
"Strophurus taeniatus",NA,NA,0,NA,NA,0,NA,NA,0,NA,NA,0
"Strophurus taenicauda",NA,NA,0,NA,NA,0,NA,NA,0,NA,NA,0
"Struthio camelus",NA,NA,0,NA,NA,0,NA,NA,0,NA,NA,0
"Sturnella magna",NA,NA,1,NA,NA,0,NA,NA,1,NA,NA,1
"Sturnella militaris",NA,NA,0,NA,NA,0,NA,NA,0,NA,NA,0
"Sturnella neglecta",NA,NA,0,NA,NA,0,NA,NA,0,NA,NA,0
"Sturnus vulgaris",NA,NA,0,NA,NA,0,NA,NA,0,NA,NA,0
"Succinea chittenangoensis",NA,NA,0,NA,NA,0,NA,NA,0,NA,NA,0
"Succinea putris",NA,NA,0,NA,NA,0,NA,NA,0,NA,NA,0
"Sula leucogaster",NA,NA,0,NA,NA,0,NA,NA,0,NA,NA,0
"Sula nebouxii",NA,NA,0,NA,NA,0,NA,NA,0,NA,NA,0
"Sula sula",NA,NA,0,NA,NA,0,NA,NA,0,NA,NA,0
"Suricata suricatta",0.127111671879452,"Trending I",152,0.129054132815005,"Trending I",29,0.120570258884663,"Trending I",25,0.14770651101361,"Trending I",54
"Surnia ulula",NA,NA,0,NA,NA,0,NA,NA,0,NA,NA,0
"Sus cebifrons",NA,NA,0,NA,NA,0,NA,NA,0,NA,NA,0
"Sus scrofa",0.0576013079243284,"Type II",49,0.0890769077178912,"Type II",28,-0.0893792812891978,"Type II",7,0.0773101036220359,"Type II",35
"Sylvilagus aquaticus",NA,NA,2,NA,NA,0,NA,NA,0,NA,NA,0
"Sylvilagus audubonii",0.0447097928022088,"Type II",7,NA,NA,2,NA,NA,1,NA,NA,3
"Sylvilagus floridanus",-0.185,"Trending III",2,NA,NA,0,NA,NA,0,NA,NA,0
"Sylvilagus nuttallii",NA,NA,0,NA,NA,0,NA,NA,0,NA,NA,0
"Sylvilagus palustris",NA,NA,0,NA,NA,0,NA,NA,0,NA,NA,0
"Sylvilagus transitionalis",-0.201609045711226,"Trending III",34,NA,NA,1,-0.217230137288527,"Trending III",7,-0.219785498097099,"Trending III",8
"Symphalangus syndactylus",0.267276084935224,"Trending I",19,0.304442898135512,"Type I",5,0.14,"Trending I",4,0.309453880834649,"Type I",9
"Symphysodon aequifasciata",NA,NA,0,NA,NA,0,NA,NA,0,NA,NA,0
"Symphysodon aequifasciatus",NA,NA,0,NA,NA,0,NA,NA,0,NA,NA,0
"Symphysodon discus",NA,NA,0,NA,NA,0,NA,NA,0,NA,NA,0
"Synanceia horrida",NA,NA,0,NA,NA,0,NA,NA,0,NA,NA,0
"Synanceia verrucosa",NA,NA,0,NA,NA,0,NA,NA,0,NA,NA,0
"Syncerus caffer",-0.07,"Type II",2,NA,NA,0,NA,NA,0,NA,NA,0
"Synchiropus picturatus",NA,NA,0,NA,NA,0,NA,NA,0,NA,NA,0
"Synchiropus splendidus",NA,NA,0,NA,NA,0,NA,NA,0,NA,NA,0
"Syngnathoides biaculeatus",NA,NA,0,NA,NA,0,NA,NA,0,NA,NA,0
"Syngnathus californiensis",NA,NA,0,NA,NA,0,NA,NA,0,NA,NA,0
"Syngnathus fuscus",NA,NA,0,NA,NA,0,NA,NA,0,NA,NA,0
"Syngnathus leptorhynchus",NA,NA,0,NA,NA,0,NA,NA,0,NA,NA,0
"Syngnathus scovelli",NA,NA,0,NA,NA,0,NA,NA,0,NA,NA,0
"Syngnathus taenionotus",NA,NA,0,NA,NA,0,NA,NA,0,NA,NA,0
"Synodontis eupterus",NA,NA,0,NA,NA,0,NA,NA,0,NA,NA,0
"Synthliboramphus antiquus",NA,NA,0,NA,NA,0,NA,NA,0,NA,NA,0
"Syrmaticus ellioti",NA,NA,4,NA,NA,1,NA,NA,0,NA,NA,1
"Syrmaticus reevesii",0.206448625026442,"Trending I",4,0.15,"Trending I",2,NA,NA,0,0.15,"Trending I",2
"Tachycineta bicolor",NA,NA,0,NA,NA,0,NA,NA,0,NA,NA,0
"Tachycineta thalassina",NA,NA,0,NA,NA,0,NA,NA,0,NA,NA,0
"Tachyeres patachonicus",NA,NA,2,NA,NA,0,NA,NA,0,NA,NA,0
"Tachyeres pteneres",-0.405,"Type III",2,NA,NA,0,NA,NA,0,NA,NA,0
"Tachyglossus aculeatus",NA,NA,0,NA,NA,0,NA,NA,0,NA,NA,0
"Tachyphonus rufus",NA,NA,4,NA,NA,0,NA,NA,0,NA,NA,0
"Tachypodoiulus niger",NA,NA,0,NA,NA,0,NA,NA,0,NA,NA,0
"Tadarida brasiliensis",NA,NA,1,NA,NA,0,NA,NA,0,NA,NA,0
"Tadorna cana",-0.156548570066861,"Trending III",6,NA,NA,0,NA,NA,0,NA,NA,0
"Tadorna ferruginea",NA,NA,0,NA,NA,0,NA,NA,0,NA,NA,0
"Tadorna radjah",NA,NA,15,NA,NA,0,NA,NA,0,NA,NA,0
"Tadorna tadorna",-0.0202588771061833,"Type II",3,NA,NA,1,NA,NA,0,NA,NA,1
"Tadorna tadornoides",0.0405832449728952,"Type II",10,NA,NA,1,NA,NA,0,NA,NA,1
"Tadorna variegata",NA,NA,2,NA,NA,0,NA,NA,0,NA,NA,0
"Taenianotus triacanthus",NA,NA,0,NA,NA,0,NA,NA,0,NA,NA,0
"Taeniopygia bichenovii",NA,NA,43,NA,NA,3,NA,NA,1,NA,NA,4
"Taeniopygia guttata",0.00992209486572321,"Type II",25,NA,NA,1,NA,NA,1,0.165,"Trending I",2
"Taeniura lymma",NA,NA,1,NA,NA,0,NA,NA,0,NA,NA,0
"Takydromus sexlineatus",NA,NA,1,NA,NA,0,NA,NA,0,NA,NA,0
"Tamandua mexicana",NA,NA,0,NA,NA,0,NA,NA,0,NA,NA,0
"Tamandua tetradactyla",NA,NA,0,NA,NA,0,NA,NA,0,NA,NA,0
"Tamias striatus",NA,NA,0,NA,NA,0,NA,NA,0,NA,NA,0
"Tamiasciurus douglasii",NA,NA,0,NA,NA,0,NA,NA,0,NA,NA,0
"Tamiasciurus hudsonicus",-0.336972078914819,"Type III",3,NA,NA,0,NA,NA,0,NA,NA,0
"Tangara arthus",NA,NA,0,NA,NA,0,NA,NA,0,NA,NA,0
"Tangara cayana",NA,NA,6,NA,NA,0,NA,NA,0,NA,NA,0
"Tangara chilensis",NA,NA,15,NA,NA,0,NA,NA,0,NA,NA,0
"Tangara chrysotis",NA,NA,0,NA,NA,0,NA,NA,0,NA,NA,0
"Tangara cyanicollis",NA,NA,5,NA,NA,0,NA,NA,0,NA,NA,0
"Tangara cyanocephala",NA,NA,0,NA,NA,0,NA,NA,0,NA,NA,0
"Tangara fucosa",NA,NA,0,NA,NA,0,NA,NA,0,NA,NA,0
"Tangara guttata",NA,NA,0,NA,NA,0,NA,NA,0,NA,NA,0
"Tangara gyrola",NA,NA,2,NA,NA,0,NA,NA,0,NA,NA,0
"Tangara icterocephala",NA,NA,2,NA,NA,0,NA,NA,0,NA,NA,0
"Tangara larvata",NA,NA,0,NA,NA,0,NA,NA,0,NA,NA,0
"Tangara nigroviridis",NA,NA,0,NA,NA,0,NA,NA,0,NA,NA,0
"Tangara parzudakii",NA,NA,0,NA,NA,0,NA,NA,0,NA,NA,0
"Tangara punctata",NA,NA,2,NA,NA,0,NA,NA,0,NA,NA,0
"Tangara ruficervix",NA,NA,0,NA,NA,0,NA,NA,0,NA,NA,0
"Tangara schrankii",NA,NA,3,NA,NA,0,NA,NA,0,NA,NA,0
"Tangara seledon",NA,NA,0,NA,NA,0,NA,NA,0,NA,NA,0
"Tangara vassorii",NA,NA,0,NA,NA,0,NA,NA,0,NA,NA,0
"Tangara velia",NA,NA,1,NA,NA,0,NA,NA,0,NA,NA,0
"Tanichthys albonubes",NA,NA,0,NA,NA,0,NA,NA,0,NA,NA,0
"Tantilla atriceps",NA,NA,0,NA,NA,0,NA,NA,0,NA,NA,0
"Tanygnathus megalorynchos",NA,NA,0,NA,NA,0,NA,NA,0,NA,NA,0
"Tapirus bairdii",0.04,"Type II",5,NA,NA,3,NA,NA,0,NA,NA,3
"Tapirus indicus",0.32896277256465,"Type I",15,0.331682407315168,"Type I",8,NA,NA,0,0.331682407315168,"Type I",8
"Tapirus pinchaque",NA,NA,0,NA,NA,0,NA,NA,0,NA,NA,0
"Tapirus terrestris",0.254508791818109,"Trending I",14,NA,NA,5,NA,NA,1,NA,NA,6
"Tarentola mauritanica",NA,NA,0,NA,NA,0,NA,NA,0,NA,NA,0
"Taricha granulosa",NA,NA,2,NA,NA,0,NA,NA,0,NA,NA,0
"Taricha torosa",NA,NA,0,NA,NA,0,NA,NA,0,NA,NA,0
"Tasmacetus shepherdi",NA,NA,0,NA,NA,0,NA,NA,0,NA,NA,0
"Tauraco erythrolophus",NA,NA,5,NA,NA,0,NA,NA,0,NA,NA,0
"Tauraco hartlaubi",NA,NA,3,NA,NA,0,NA,NA,0,NA,NA,0
"Tauraco leucolophus",NA,NA,7,NA,NA,0,NA,NA,0,NA,NA,0
"Tauraco leucotis",0.162153595143659,"Trending I",7,NA,NA,0,NA,NA,0,NA,NA,0
"Tauraco livingstonii",NA,NA,2,NA,NA,0,NA,NA,0,NA,NA,0
"Tauraco porphyreolophus",NA,NA,3,NA,NA,0,NA,NA,0,NA,NA,0
"Tauraco schalowi",NA,NA,2,NA,NA,0,NA,NA,0,NA,NA,0
"Taurotragus derbianus",0.0573734042851234,"Type II",27,NA,NA,1,NA,NA,1,0.105,"Trending I",2
"Taurotragus oryx",0.0492532106959726,"Type II",26,NA,NA,1,0.00888882816601982,"Type II",8,0.0033945035189511,"Type II",9
"Taurulus bubalis",NA,NA,0,NA,NA,0,NA,NA,0,NA,NA,0
"Tautoga onitis",NA,NA,0,NA,NA,0,NA,NA,0,NA,NA,0
"Tautogolabrus adspersus",NA,NA,0,NA,NA,0,NA,NA,0,NA,NA,0
"Taxidea taxus",NA,NA,1,NA,NA,0,NA,NA,0,NA,NA,0
"Tayassu tajacu",NA,NA,0,NA,NA,0,NA,NA,0,NA,NA,0
"Teleocichla centisquama",NA,NA,0,NA,NA,0,NA,NA,0,NA,NA,0
"Telescopus variegatus",NA,NA,0,NA,NA,0,NA,NA,0,NA,NA,0
"Telmessus cheiragonus",NA,NA,0,NA,NA,0,NA,NA,0,NA,NA,0
"Tenrec ecaudatus",0.352374421388073,"Type I",18,0.305,"Type I",14,NA,NA,0,0.305,"Type I",14
"Terathopius ecaudatus",-0.135,"Trending III",2,NA,NA,0,NA,NA,0,NA,NA,0
"Teratoscincus przewalskii",NA,NA,1,NA,NA,1,NA,NA,0,NA,NA,1
"Teratoscincus scincus",NA,NA,0,NA,NA,0,NA,NA,0,NA,NA,0
"Terrapene carolina",-0.2724461912042,"Trending III",3,NA,NA,0,NA,NA,0,NA,NA,0
"Terrapene coahuila",-0.0429639454165672,"Type II",5,NA,NA,0,NA,NA,0,NA,NA,0
"Terrapene mexicana",NA,NA,0,NA,NA,0,NA,NA,0,NA,NA,0
"Terrapene ornata",NA,NA,0,NA,NA,0,NA,NA,0,NA,NA,0
"Tersina viridis",NA,NA,4,NA,NA,0,NA,NA,0,NA,NA,0
"Testudo graeca",NA,NA,1,NA,NA,0,NA,NA,0,NA,NA,0
"Testudo hermanni",NA,NA,1,NA,NA,0,NA,NA,0,NA,NA,0
"Testudo horsfieldii",NA,NA,8,NA,NA,0,NA,NA,0,NA,NA,0
"Testudo kleinmanni",NA,NA,0,NA,NA,0,NA,NA,0,NA,NA,0
"Tetracerus quadricornis",NA,NA,0,NA,NA,0,NA,NA,0,NA,NA,0
"Tetrao urogallus",NA,NA,0,NA,NA,0,NA,NA,0,NA,NA,0
"Tetraodon biocellatus",NA,NA,0,NA,NA,0,NA,NA,0,NA,NA,0
"Tetraodon mbu",NA,NA,0,NA,NA,0,NA,NA,0,NA,NA,0
"Tetraodon nigroviridis",NA,NA,0,NA,NA,0,NA,NA,0,NA,NA,0
"Thalasseus maximus",NA,NA,0,NA,NA,0,NA,NA,0,NA,NA,0
"Thalasseus sandvicensis",NA,NA,0,NA,NA,0,NA,NA,0,NA,NA,0
"Thalassoma bifasciatum",NA,NA,0,NA,NA,0,NA,NA,0,NA,NA,0
"Thalassoma duperrey",NA,NA,0,NA,NA,0,NA,NA,0,NA,NA,0
"Thalassoma lucasanum",NA,NA,0,NA,NA,0,NA,NA,0,NA,NA,0
"Thalassoma lunare",NA,NA,0,NA,NA,0,NA,NA,0,NA,NA,0
"Thalassoma trilobatum",NA,NA,0,NA,NA,0,NA,NA,0,NA,NA,0
"Thalassornis leuconotus",NA,NA,6,NA,NA,0,NA,NA,0,NA,NA,0
"Thamnaconus arenaceus",NA,NA,0,NA,NA,0,NA,NA,0,NA,NA,0
"Thamnaconus degeni",NA,NA,0,NA,NA,0,NA,NA,0,NA,NA,0
"Thamnophis atratus",NA,NA,0,NA,NA,0,NA,NA,0,NA,NA,0
"Thamnophis butleri",NA,NA,0,NA,NA,0,NA,NA,0,NA,NA,0
"Thamnophis couchii",NA,NA,1,NA,NA,0,NA,NA,0,NA,NA,0
"Thamnophis cyrtopsis",NA,NA,1,NA,NA,0,NA,NA,0,NA,NA,0
"Thamnophis elegans",NA,NA,1,NA,NA,0,NA,NA,1,NA,NA,1
"Thamnophis exsul",NA,NA,0,NA,NA,0,NA,NA,0,NA,NA,0
"Thamnophis marcianus",NA,NA,1,NA,NA,1,NA,NA,0,NA,NA,1
"Thamnophis proximus",NA,NA,0,NA,NA,0,NA,NA,0,NA,NA,0
"Thamnophis radix",0.0575638267897645,"Type II",17,-0.115,"Trending III",2,NA,NA,0,-0.115,"Trending III",2
"Thamnophis rufipunctatus",NA,NA,0,NA,NA,0,NA,NA,0,NA,NA,0
"Thamnophis sauritus",NA,NA,1,NA,NA,0,NA,NA,0,NA,NA,0
"Thamnophis sirtalis",0.226454608941725,"Trending I",17,0.32,"Type I",4,0.0896394630357186,"Type II",3,0.257789848662048,"Trending I",7
"Thaumastura cora",NA,NA,1,NA,NA,0,NA,NA,0,NA,NA,0
"Thayeria boehlkei",NA,NA,0,NA,NA,0,NA,NA,0,NA,NA,0
"Thectocercus acuticaudatus",NA,NA,0,NA,NA,0,NA,NA,0,NA,NA,0
"Theloderma asperum",NA,NA,0,NA,NA,0,NA,NA,0,NA,NA,0
"Theloderma corticale",NA,NA,1,NA,NA,0,NA,NA,0,NA,NA,0
"Theloderma stellatum",NA,NA,0,NA,NA,0,NA,NA,0,NA,NA,0
"Thelotornis capensis",NA,NA,1,NA,NA,0,NA,NA,0,NA,NA,0
"Theraphosa blondi",NA,NA,0,NA,NA,0,NA,NA,0,NA,NA,0
"Theristicus caudatus",NA,NA,1,NA,NA,0,NA,NA,0,NA,NA,0
"Theropithecus gelada",0.217897250052885,"Trending I",4,NA,NA,0,NA,NA,0,NA,NA,0
"Thomomys bottae",NA,NA,0,NA,NA,0,NA,NA,0,NA,NA,0
"Thraupis bonariensis",NA,NA,5,NA,NA,0,NA,NA,1,NA,NA,1
"Thraupis cyanocephala",NA,NA,2,NA,NA,0,NA,NA,0,NA,NA,0
"Thraupis episcopus",-0.0157749400216041,"Type II",27,NA,NA,0,NA,NA,2,NA,NA,2
"Threskiornis aethiopicus",NA,NA,0,NA,NA,0,NA,NA,0,NA,NA,0
"Threskiornis melanocephalus",NA,NA,0,NA,NA,0,NA,NA,0,NA,NA,0
"Threskiornis spinicollis",-0.0124185416306088,"Type II",4,NA,NA,0,NA,NA,0,NA,NA,0
"Thryothorus ludovicianus",NA,NA,0,NA,NA,0,NA,NA,0,NA,NA,0
"Thunnus obesus",NA,NA,1,NA,NA,0,NA,NA,0,NA,NA,0
"Thunnus orientalis",NA,NA,0,NA,NA,0,NA,NA,0,NA,NA,0
"Thunnus thynnus",NA,NA,0,NA,NA,0,NA,NA,0,NA,NA,0
"Tiaris canorus",NA,NA,5,NA,NA,0,NA,NA,0,NA,NA,0
"Tiaris olivaceus",NA,NA,1,NA,NA,0,NA,NA,0,NA,NA,0
"Tidepool sculpin",NA,NA,0,NA,NA,0,NA,NA,0,NA,NA,0
"Tiliqua nigrolutea",NA,NA,1,NA,NA,1,NA,NA,0,NA,NA,1
"Tiliqua rugosa",NA,NA,18,NA,NA,6,NA,NA,4,NA,NA,10
"Tiliqua scincoides",0.223495093092277,"Trending I",36,0.14669188312673,"Trending I",10,0.299665493136525,"Trending I",6,0.254382916402009,"Trending I",16
"Tilodon sexfasciatum",NA,NA,0,NA,NA,0,NA,NA,0,NA,NA,0
"Timon lepidus",NA,NA,0,NA,NA,0,NA,NA,0,NA,NA,0
"Tinamus major",NA,NA,4,NA,NA,0,NA,NA,0,NA,NA,0
"Tlacuatzin canescens",NA,NA,6,NA,NA,3,NA,NA,1,NA,NA,4
"Tockus deckeni",NA,NA,8,NA,NA,3,NA,NA,0,NA,NA,3
"Tockus erythrorhynchus",NA,NA,10,NA,NA,0,NA,NA,1,NA,NA,1
"Tockus flavirostris",NA,NA,4,NA,NA,0,NA,NA,0,NA,NA,0
"Tockus jacksoni",NA,NA,3,NA,NA,0,NA,NA,0,NA,NA,0
"Tockus nasutus",NA,NA,1,NA,NA,0,NA,NA,1,NA,NA,1
"Todiramphus chloris",NA,NA,1,NA,NA,0,NA,NA,0,NA,NA,0
"Todiramphus cinnamominus",NA,NA,10,NA,NA,0,NA,NA,0,NA,NA,0
"Todus subulatus",NA,NA,0,NA,NA,0,NA,NA,0,NA,NA,0
"Todus todus",NA,NA,0,NA,NA,0,NA,NA,0,NA,NA,0
"Tolypeutes matacus",-0.0681220963436975,"Type II",9,NA,NA,1,NA,NA,0,NA,NA,1
"Tolypeutes tricinctus",-0.253836540238038,"Trending III",14,NA,NA,6,NA,NA,1,NA,NA,7
"Tomistoma schlegelii",-0.260258877106183,"Trending III",6,NA,NA,0,NA,NA,0,NA,NA,0
"Tonna perdix",NA,NA,0,NA,NA,0,NA,NA,0,NA,NA,0
"Torgos tracheliotos",NA,NA,0,NA,NA,0,NA,NA,0,NA,NA,0
"Torgos tracheliotus",NA,NA,0,NA,NA,0,NA,NA,0,NA,NA,0
"Torpedo marmorata",NA,NA,0,NA,NA,0,NA,NA,0,NA,NA,0
"Torquigener flavimaculosus",NA,NA,0,NA,NA,0,NA,NA,0,NA,NA,0
"Toxostoma curvirostre",NA,NA,0,NA,NA,0,NA,NA,0,NA,NA,0
"Toxostoma longirostre",NA,NA,0,NA,NA,0,NA,NA,0,NA,NA,0
"Toxostoma rufum",NA,NA,1,NA,NA,0,NA,NA,0,NA,NA,0
"Toxotes chatareus",NA,NA,0,NA,NA,0,NA,NA,0,NA,NA,0
"Toxotes jaculatrix",NA,NA,0,NA,NA,0,NA,NA,0,NA,NA,0
"Trachemys scripta",0.0737786293072794,"Type II",15,NA,NA,1,NA,NA,0,NA,NA,1
"Trachemys venusta",NA,NA,0,NA,NA,0,NA,NA,0,NA,NA,0
"Trachinotus carolinus",NA,NA,0,NA,NA,0,NA,NA,0,NA,NA,0
"Trachinotus falcatus",NA,NA,0,NA,NA,0,NA,NA,0,NA,NA,0
"Trachipterus altivelis",NA,NA,0,NA,NA,0,NA,NA,0,NA,NA,0
"Trachurus mediterraneus",NA,NA,0,NA,NA,0,NA,NA,0,NA,NA,0
"Trachurus picturatus",NA,NA,0,NA,NA,0,NA,NA,0,NA,NA,0
"Trachurus symmetricus",NA,NA,0,NA,NA,0,NA,NA,0,NA,NA,0
"Trachycephalus atlas",NA,NA,0,NA,NA,0,NA,NA,0,NA,NA,0
"Trachycephalus resinifictrix",NA,NA,0,NA,NA,0,NA,NA,0,NA,NA,0
"Trachycephalus venulosus",-0.225501249975961,"Trending III",4,NA,NA,0,NA,NA,1,NA,NA,1
"Trachylepis striata",NA,NA,0,NA,NA,0,NA,NA,0,NA,NA,0
"Trachyphonus darnaudii",NA,NA,6,NA,NA,0,NA,NA,0,NA,NA,0
"Trachyphonus erythrocephalus",NA,NA,6,NA,NA,0,NA,NA,0,NA,NA,0
"Trachyphonus vaillantii",NA,NA,1,NA,NA,0,NA,NA,0,NA,NA,0
"Trachypithecus auratus",NA,NA,1,NA,NA,0,NA,NA,0,NA,NA,0
"Trachypithecus cristatus",NA,NA,1,NA,NA,0,NA,NA,0,NA,NA,0
"Trachypithecus delacouri",0.290665335910965,"Trending I",26,0.219334640193906,"Trending I",11,0.308974440788485,"Type I",8,0.280078259961444,"Trending I",19
"Trachypithecus francoisi",0.202651298799408,"Trending I",18,0.242365767390678,"Trending I",6,NA,NA,2,0.28583678384647,"Trending I",8
"Trachypithecus germaini",NA,NA,0,NA,NA,0,NA,NA,0,NA,NA,0
"Trachypithecus obscurus",-0.0939582765845143,"Type II",7,NA,NA,0,NA,NA,0,NA,NA,0
"Trachypithecus selangorensis",NA,NA,0,NA,NA,0,NA,NA,0,NA,NA,0
"Trachypithecus vetulus",NA,NA,1,NA,NA,0,NA,NA,0,NA,NA,0
"Trachyscorpia cristulata",NA,NA,0,NA,NA,0,NA,NA,0,NA,NA,0
"Tragelaphus angasii",0.0999629517591371,"Type II",18,0.255,"Trending I",2,NA,NA,1,0.0261764472143036,"Type II",3
"Tragelaphus eurycerus",0.270297386299275,"Trending I",44,0.173167526511087,"Trending I",9,0.31974213092419,"Type I",15,0.307130549328722,"Type I",24
"Tragelaphus imberbis",0.0484565277492205,"Type II",24,NA,NA,0,NA,NA,0,NA,NA,0
"Tragelaphus oryx",NA,NA,0,NA,NA,0,NA,NA,0,NA,NA,0
"Tragelaphus scriptus",-0.17,"Trending III",2,NA,NA,0,NA,NA,0,NA,NA,0
"Tragelaphus spekii",-0.0533066103688266,"Type II",7,NA,NA,0,NA,NA,1,NA,NA,1
"Tragelaphus strepsiceros",0.109122829664605,"Trending I",79,NA,NA,1,0.154374023480838,"Trending I",13,0.156741179024216,"Trending I",14
"Tragelaphus sylvaticus",NA,NA,0,NA,NA,0,NA,NA,0,NA,NA,0
"Tragopan blythii",NA,NA,1,NA,NA,0,NA,NA,0,NA,NA,0
"Tragopan caboti",NA,NA,7,NA,NA,0,NA,NA,1,NA,NA,1
"Tragopan melanocephalus",NA,NA,0,NA,NA,0,NA,NA,0,NA,NA,0
"Tragopan satyra",NA,NA,0,NA,NA,0,NA,NA,0,NA,NA,0
"Tragopan temminckii",NA,NA,10,NA,NA,0,NA,NA,0,NA,NA,0
"Tragulus javanicus",0.17110543532653,"Trending I",8,0.226413353399081,"Trending I",5,NA,NA,1,0.226413353399081,"Trending I",6
"Tragulus napu",0.111653734362698,"Trending I",9,NA,NA,1,NA,NA,1,0.14,"Trending I",2
"Tremarctos ornatus",0.249813649752438,"Trending I",19,0.168678405295552,"Trending I",8,0.273175183183269,"Trending I",6,0.241293517682709,"Trending I",14
"Trematomus scotti",NA,NA,0,NA,NA,0,NA,NA,0,NA,NA,0
"Treron calvus",NA,NA,4,NA,NA,0,NA,NA,0,NA,NA,0
"Treron fulvicollis",NA,NA,2,NA,NA,0,NA,NA,0,NA,NA,0
"Treron oxyurus",NA,NA,0,NA,NA,0,NA,NA,0,NA,NA,0
"Treron sphenurus",NA,NA,2,NA,NA,0,NA,NA,0,NA,NA,0
"Treron vernans",NA,NA,12,NA,NA,0,NA,NA,2,NA,NA,2
"Treron waalia",NA,NA,0,NA,NA,0,NA,NA,0,NA,NA,0
"Triaenodon obesus",NA,NA,0,NA,NA,0,NA,NA,0,NA,NA,0
"Triakis semifasciata",NA,NA,0,NA,NA,0,NA,NA,0,NA,NA,0
"Tribolonotus gracilis",NA,NA,1,NA,NA,0,NA,NA,0,NA,NA,0
"Tribolonotus pseudoponceleti",NA,NA,0,NA,NA,0,NA,NA,0,NA,NA,0
"Trichechus inunguis",NA,NA,0,NA,NA,0,NA,NA,0,NA,NA,0
"Trichechus manatus",NA,NA,1,NA,NA,0,NA,NA,0,NA,NA,0
"Trichechus senegalensis",NA,NA,0,NA,NA,0,NA,NA,0,NA,NA,0
"Trichobatrachus robustus",NA,NA,0,NA,NA,0,NA,NA,0,NA,NA,0
"Trichodes ornatus",NA,NA,0,NA,NA,0,NA,NA,0,NA,NA,0
"Trichodon trichodon",NA,NA,0,NA,NA,0,NA,NA,0,NA,NA,0
"Trichoglossus capistratus",0.00844592378734793,"Type II",12,NA,NA,0,0.025,"Type II",3,0.025,"Type II",3
"Trichoglossus chlorolepidotus",NA,NA,4,NA,NA,1,NA,NA,0,NA,NA,1
"Trichoglossus euteles",-0.146238261351283,"Trending III",8,NA,NA,1,NA,NA,0,NA,NA,1
"Trichoglossus forsteni",-0.0113357415563504,"Type II",15,NA,NA,0,NA,NA,1,NA,NA,1
"Trichoglossus haematodus",0.138094768675119,"Trending I",125,-0.277144214785713,"Trending III",3,-0.0587414500280559,"Type II",19,-0.0658802846029598,"Type II",22
"Trichoglossus moluccanus",0.07040191110886,"Type II",100,NA,NA,2,-0.158454472894833,"Trending III",8,-0.158454472894833,"Trending III",10
"Trichoglossus ornatus",-0.150346597063404,"Trending III",15,NA,NA,0,-0.195,"Trending III",2,-0.195,"Trending III",2
"Trichoglossus rubritorquis",NA,NA,1,NA,NA,0,NA,NA,0,NA,NA,0
"Trichoglossus weberi",NA,NA,1,NA,NA,0,NA,NA,1,NA,NA,1
"Trichopodus leerii",NA,NA,0,NA,NA,0,NA,NA,0,NA,NA,0
"Trichosurus vulpecula",NA,NA,0,NA,NA,0,NA,NA,0,NA,NA,0
"Tridacna crocea",NA,NA,0,NA,NA,0,NA,NA,0,NA,NA,0
"Tridacna derasa",NA,NA,0,NA,NA,0,NA,NA,0,NA,NA,0
"Tridacna gigas",NA,NA,0,NA,NA,0,NA,NA,0,NA,NA,0
"Tridacna maxima",NA,NA,0,NA,NA,0,NA,NA,0,NA,NA,0
"Tridacna squamosa",NA,NA,0,NA,NA,0,NA,NA,0,NA,NA,0
"Trimeresurus albolabris",-0.425,"Type III",2,NA,NA,0,NA,NA,0,NA,NA,0
"Trimeresurus borneensis",NA,NA,0,NA,NA,0,NA,NA,0,NA,NA,0
"Trimeresurus fasciatus",NA,NA,0,NA,NA,0,NA,NA,0,NA,NA,0
"Trimeresurus flavomaculatus",NA,NA,22,NA,NA,2,NA,NA,0,NA,NA,2
"Trimeresurus flavovirids",NA,NA,0,NA,NA,0,NA,NA,0,NA,NA,0
"Trimeresurus gramineus",0.095,"Type II",2,NA,NA,0,NA,NA,0,NA,NA,0
"Trimeresurus hageni",NA,NA,0,NA,NA,0,NA,NA,0,NA,NA,0
"Trimeresurus jerdonii",NA,NA,0,NA,NA,0,NA,NA,0,NA,NA,0
"Trimeresurus kanburiensis",NA,NA,3,NA,NA,0,NA,NA,1,NA,NA,1
"Trimeresurus macrops",NA,NA,0,NA,NA,0,NA,NA,0,NA,NA,0
"Trimeresurus mcgregori",NA,NA,7,NA,NA,4,NA,NA,1,NA,NA,5
"Trimeresurus mucrosquamatus",NA,NA,0,NA,NA,0,NA,NA,0,NA,NA,0
"Trimeresurus popeiorum",NA,NA,0,NA,NA,0,NA,NA,0,NA,NA,0
"Trimeresurus popeorum",-0.15646597879113,"Trending III",3,NA,NA,0,NA,NA,0,NA,NA,0
"Trimeresurus puniceus",-0.386938200260161,"Type III",5,NA,NA,0,NA,NA,0,NA,NA,0
"Trimeresurus purpureomaculatus",NA,NA,0,NA,NA,0,NA,NA,0,NA,NA,0
"Trimeresurus stejnegeri",NA,NA,0,NA,NA,0,NA,NA,0,NA,NA,0
"Trimeresurus sumatranus",NA,NA,0,NA,NA,0,NA,NA,0,NA,NA,0
"Trimeresurus trigonocephalus",NA,NA,16,NA,NA,3,NA,NA,0,NA,NA,3
"Trimeresurus venustus",NA,NA,0,NA,NA,0,NA,NA,0,NA,NA,0
"Trimeresurus vogeli",NA,NA,0,NA,NA,0,NA,NA,0,NA,NA,0
"Trimeresurus wiroti",NA,NA,0,NA,NA,0,NA,NA,0,NA,NA,0
"Trimorphodon biscutatus",NA,NA,1,NA,NA,0,NA,NA,0,NA,NA,0
"Trimorphodon vilkinsonii",NA,NA,0,NA,NA,0,NA,NA,0,NA,NA,0
"Tringa melanoleuca",NA,NA,0,NA,NA,0,NA,NA,0,NA,NA,0
"Tringa semipalmata",NA,NA,1,NA,NA,0,NA,NA,0,NA,NA,0
"Trinorfolkia clarkei",NA,NA,0,NA,NA,0,NA,NA,0,NA,NA,0
"Trioceros cristatus",NA,NA,0,NA,NA,0,NA,NA,0,NA,NA,0
"Trioceros hoehnelii",-0.395866100563682,"Type III",5,NA,NA,0,-0.435,"Type III",2,-0.435,"Type III",2
"Trioceros jacksonii",-0.38,"Type III",2,NA,NA,0,NA,NA,1,NA,NA,1
"Trioceros melleri",NA,NA,1,NA,NA,0,NA,NA,0,NA,NA,0
"Trioceros quadricornis",NA,NA,0,NA,NA,0,NA,NA,0,NA,NA,0
"Trioceros tempeli",NA,NA,0,NA,NA,0,NA,NA,0,NA,NA,0
"Trionyx triunguis",NA,NA,0,NA,NA,0,NA,NA,0,NA,NA,0
"Triplofusus giganteus",NA,NA,0,NA,NA,0,NA,NA,0,NA,NA,0
"Triturus carnifex",NA,NA,1,NA,NA,0,NA,NA,0,NA,NA,0
"Trochalopteron elliotii",NA,NA,0,NA,NA,0,NA,NA,0,NA,NA,0
"Trochalopteron formosum",NA,NA,0,NA,NA,0,NA,NA,0,NA,NA,0
"Trochalopteron milnei",NA,NA,8,NA,NA,2,NA,NA,0,NA,NA,2
"Trogon comptus",NA,NA,4,NA,NA,0,NA,NA,1,NA,NA,1
"Trogon elegans",NA,NA,0,NA,NA,0,NA,NA,0,NA,NA,0
"Trogon massena",NA,NA,0,NA,NA,0,NA,NA,0,NA,NA,0
"Trogon melanurus",NA,NA,1,NA,NA,0,NA,NA,0,NA,NA,0
"Trogon violaceus",NA,NA,0,NA,NA,0,NA,NA,0,NA,NA,0
"Trogon viridis",NA,NA,4,NA,NA,0,NA,NA,0,NA,NA,0
"Tropheus duboisi",NA,NA,0,NA,NA,0,NA,NA,0,NA,NA,0
"Tropicranus albocristatus",NA,NA,2,NA,NA,0,NA,NA,0,NA,NA,0
"Tropidolaemus laticinctus",NA,NA,0,NA,NA,0,NA,NA,0,NA,NA,0
"Tropidolaemus wagleri",NA,NA,18,NA,NA,1,NA,NA,2,NA,NA,3
"Tropidophis canus",NA,NA,1,NA,NA,0,NA,NA,0,NA,NA,0
"Tropidophis paucisquamis",NA,NA,0,NA,NA,0,NA,NA,0,NA,NA,0
"Tropiocolotes helenae",NA,NA,0,NA,NA,0,NA,NA,0,NA,NA,0
"Tropiocolotes persicus",NA,NA,0,NA,NA,0,NA,NA,0,NA,NA,0
"Trugon terrestris",NA,NA,0,NA,NA,0,NA,NA,0,NA,NA,0
"Trygonorrhina fasciata",NA,NA,1,NA,NA,0,NA,NA,0,NA,NA,0
"Tupaia belangeri",0.0542181634818103,"Type II",13,0.135,"Trending I",3,NA,NA,1,0.108602554735028,"Trending I",4
"Tupaia glis",0.145,"Trending I",4,0.145,"Trending I",3,NA,NA,1,0.145,"Trending I",4
"Tupaia minor",0.03,"Type II",2,NA,NA,0,NA,NA,0,NA,NA,0
"Tupaia tana",0.03164133642019,"Type II",5,NA,NA,0,NA,NA,0,NA,NA,0
"Tupinambis merianae",NA,NA,0,NA,NA,0,NA,NA,0,NA,NA,0
"Tupinambis rufescens",NA,NA,3,NA,NA,2,NA,NA,0,NA,NA,2
"Tupinambis teguixin",NA,NA,0,NA,NA,0,NA,NA,0,NA,NA,0
"Turdus grayi",NA,NA,2,NA,NA,0,NA,NA,0,NA,NA,0
"Turdus merula",NA,NA,0,NA,NA,0,NA,NA,0,NA,NA,0
"Turdus migratorius",-0.00457962805555479,"Type II",5,NA,NA,0,NA,NA,0,NA,NA,0
"Turdus philomelos",NA,NA,1,NA,NA,0,NA,NA,0,NA,NA,0
"Turnix nigricollis",NA,NA,12,NA,NA,3,NA,NA,0,NA,NA,3
"Turnix sylvaticus",NA,NA,0,NA,NA,0,NA,NA,0,NA,NA,0
"Tursiops truncatus",0.11373288913073,"Trending I",12,NA,NA,2,0.045,"Type II",2,0.045,"Type II",4
"Turtur afer",NA,NA,0,NA,NA,0,NA,NA,0,NA,NA,0
"Turtur brehmeri",NA,NA,0,NA,NA,0,NA,NA,0,NA,NA,0
"Turtur chalcospilos",NA,NA,1,NA,NA,0,NA,NA,0,NA,NA,0
"Turtur tympanistria",NA,NA,3,NA,NA,0,NA,NA,0,NA,NA,0
"Tylototriton shanjing",NA,NA,0,NA,NA,0,NA,NA,0,NA,NA,0
"Tylototriton verrucosus",NA,NA,0,NA,NA,0,NA,NA,0,NA,NA,0
"Tympanuchus cupido",0.0685595565264066,"Type II",38,0.148306297293651,"Trending I",8,NA,NA,1,0.131056509071253,"Trending I",9
"Typhlonectes natans",NA,NA,1,NA,NA,0,NA,NA,0,NA,NA,0
"Typhlops trinitatus",NA,NA,0,NA,NA,0,NA,NA,0,NA,NA,0
"Tyrannus forficatus",NA,NA,4,NA,NA,0,NA,NA,0,NA,NA,0
"Tyrannus tyrannus",NA,NA,0,NA,NA,0,NA,NA,0,NA,NA,0
"Tyrannus verticalis",NA,NA,0,NA,NA,0,NA,NA,0,NA,NA,0
"Tyto alba",0.050671161273183,"Type II",9,-0.0724461912042005,"Type II",5,0.205,"Trending I",2,0.0505287585888709,"Type II",7
"Tyto nigrobrunnea",NA,NA,0,NA,NA,0,NA,NA,0,NA,NA,0
"Uaru amphiacanthoides",NA,NA,0,NA,NA,0,NA,NA,0,NA,NA,0
"Uca annulipes",NA,NA,0,NA,NA,0,NA,NA,0,NA,NA,0
"Ulvaria subbifurcata",NA,NA,0,NA,NA,0,NA,NA,0,NA,NA,0
"Uma inornata",NA,NA,0,NA,NA,0,NA,NA,0,NA,NA,0
"Uma scoparia",NA,NA,0,NA,NA,0,NA,NA,0,NA,NA,0
"Umbrina roncador",NA,NA,0,NA,NA,0,NA,NA,0,NA,NA,0
"Underwoodisaurus milii",NA,NA,0,NA,NA,0,NA,NA,0,NA,NA,0
"Ungaliophis continentalis",NA,NA,1,NA,NA,0,NA,NA,0,NA,NA,0
"Ungaliophis panamensis",NA,NA,1,NA,NA,0,NA,NA,0,NA,NA,0
"Upeneus sulphureus",NA,NA,0,NA,NA,0,NA,NA,0,NA,NA,0
"Uraeginthus bengalus",NA,NA,4,NA,NA,0,NA,NA,0,NA,NA,0
"Uraeginthus cyanocephalus",NA,NA,20,NA,NA,0,NA,NA,0,NA,NA,0
"Uraeginthus granatinus",NA,NA,0,NA,NA,0,NA,NA,0,NA,NA,0
"Uraeginthus ianthinogaster",NA,NA,0,NA,NA,0,NA,NA,0,NA,NA,0
"Uria aalge",0.0649243702427079,"Type II",3,NA,NA,0,NA,NA,0,NA,NA,0
"Uria lomvia",NA,NA,0,NA,NA,0,NA,NA,0,NA,NA,0
"Urile penicillatus",NA,NA,0,NA,NA,0,NA,NA,0,NA,NA,0
"Urobatis halleri",NA,NA,0,NA,NA,0,NA,NA,0,NA,NA,0
"Urobatis jamaicensis",NA,NA,0,NA,NA,0,NA,NA,0,NA,NA,0
"Urocissa erythrorhyncha",NA,NA,1,NA,NA,0,NA,NA,0,NA,NA,0
"Urocitellus columbianus",NA,NA,0,NA,NA,0,NA,NA,0,NA,NA,0
"Urocitellus endemicus",NA,NA,0,NA,NA,0,NA,NA,0,NA,NA,0
"Urocitellus richardsonii",NA,NA,2,NA,NA,1,NA,NA,0,NA,NA,1
"Urocolius macrourus",NA,NA,0,NA,NA,0,NA,NA,0,NA,NA,0
"Urocyon cinereoargenteus",0.181274601636887,"Trending I",7,0.175,"Trending I",3,NA,NA,0,0.175,"Trending I",3
"Urocyon littoralis",0.0390081334982516,"Type II",7,NA,NA,2,NA,NA,0,NA,NA,2
"Urogymnus asperrimus",NA,NA,0,NA,NA,0,NA,NA,0,NA,NA,0
"Urolophus halleri",NA,NA,0,NA,NA,0,NA,NA,0,NA,NA,0
"Urolophus maculatus",NA,NA,0,NA,NA,0,NA,NA,0,NA,NA,0
"Uromastyx acanthinura",NA,NA,1,NA,NA,0,NA,NA,0,NA,NA,0
"Uromastyx aegyptia",0.196297037032154,"Trending I",27,0.239579398767582,"Trending I",10,NA,NA,1,0.233403486524841,"Trending I",11
"Uromastyx benti",NA,NA,0,NA,NA,0,NA,NA,0,NA,NA,0
"Uromastyx dispar",NA,NA,0,NA,NA,0,NA,NA,0,NA,NA,0
"Uromastyx geyri",NA,NA,0,NA,NA,0,NA,NA,0,NA,NA,0
"Uromastyx nigriventris",NA,NA,0,NA,NA,0,NA,NA,0,NA,NA,0
"Uromastyx ocellata",-0.294705281869725,"Trending III",5,-0.355,"Type III",2,NA,NA,0,-0.355,"Type III",2
"Uromastyx ornata",-0.04,"Type II",2,NA,NA,1,NA,NA,0,NA,NA,1
"Uromastyx yemenensis",NA,NA,0,NA,NA,0,NA,NA,0,NA,NA,0
"Urophycis regia",NA,NA,0,NA,NA,0,NA,NA,0,NA,NA,0
"Urophycis tenuis",NA,NA,0,NA,NA,0,NA,NA,0,NA,NA,0
"Uroplatus ebenaui",NA,NA,0,NA,NA,0,NA,NA,0,NA,NA,0
"Uroplatus fimbriatus",NA,NA,3,NA,NA,1,NA,NA,0,NA,NA,1
"Uroplatus henkeli",NA,NA,0,NA,NA,0,NA,NA,0,NA,NA,0
"Uroplatus lineatus",NA,NA,0,NA,NA,0,NA,NA,0,NA,NA,0
"Uroplatus phantasticus",NA,NA,0,NA,NA,0,NA,NA,0,NA,NA,0
"Uroplatus pietschmanni",NA,NA,0,NA,NA,0,NA,NA,0,NA,NA,0
"Uroplatus sikorae",0.204117699341508,"Trending I",28,NA,NA,0,NA,NA,0,NA,NA,0
"Urosaurus graciosus",NA,NA,9,NA,NA,3,NA,NA,0,NA,NA,3
"Urosaurus ornatus",NA,NA,0,NA,NA,0,NA,NA,0,NA,NA,0
"Urotrygon chilensis",NA,NA,0,NA,NA,0,NA,NA,0,NA,NA,0
"Ursus americanus",0.14282608091549,"Trending I",12,0.210650770392677,"Trending I",7,NA,NA,1,0.223378049253031,"Trending I",8
"Ursus arctos",0.136383169794666,"Trending I",16,0.025,"Type II",4,0.179995387501518,"Trending I",5,0.154774389438904,"Trending I",9
"Ursus maritimus",0.164751883465992,"Trending I",38,0.114223660228305,"Trending I",14,0.177871387224956,"Trending I",9,0.175495212685372,"Trending I",23
"Ursus thibetanus",0.335579851889054,"Type I",23,0.224058664319598,"Trending I",11,0.0783192986558341,"Type II",5,0.200617995463338,"Trending I",16
"Urther research",NA,NA,0,NA,NA,0,NA,NA,0,NA,NA,0
"Uta stansburiana",NA,NA,1,NA,NA,0,NA,NA,0,NA,NA,0
"Valenciennea puellaris",NA,NA,0,NA,NA,0,NA,NA,0,NA,NA,0
"Valenciennea strigata",NA,NA,0,NA,NA,0,NA,NA,0,NA,NA,0
"Vanellus armatus",-0.40470913505951,"Type III",3,NA,NA,0,NA,NA,0,NA,NA,0
"Vanellus chilensis",NA,NA,1,NA,NA,0,NA,NA,0,NA,NA,0
"Vanellus coronatus",NA,NA,4,NA,NA,0,NA,NA,0,NA,NA,0
"Vanellus indicus",NA,NA,2,NA,NA,0,NA,NA,1,NA,NA,1
"Vanellus miles",NA,NA,0,NA,NA,0,NA,NA,0,NA,NA,0
"Vanellus spinosus",NA,NA,2,NA,NA,0,NA,NA,0,NA,NA,0
"Vanellus vanellus",NA,NA,1,NA,NA,0,NA,NA,0,NA,NA,0
"Varanus acanthurus",-0.0681471927654584,"Type II",6,NA,NA,1,NA,NA,0,NA,NA,1
"Varanus albigularis",-0.123768233085967,"Trending III",12,-0.025,"Type II",2,NA,NA,0,-0.025,"Type II",2
"Varanus auffenbergi",NA,NA,0,NA,NA,0,NA,NA,0,NA,NA,0
"Varanus beccarii",0.22091979871769,"Trending I",26,0.255631583366987,"Trending I",7,0.237368437626202,"Trending I",5,0.298967953559877,"Trending I",12
"Varanus bengalensis",0.215,"Trending I",4,NA,NA,0,NA,NA,0,NA,NA,0
"Varanus boehmei",NA,NA,0,NA,NA,0,NA,NA,0,NA,NA,0
"Varanus cerambonensis",NA,NA,0,NA,NA,0,NA,NA,0,NA,NA,0
"Varanus doreanus",NA,NA,0,NA,NA,0,NA,NA,0,NA,NA,0
"Varanus dumerilii",-0.0370477086721109,"Type II",4,NA,NA,1,NA,NA,0,NA,NA,1
"Varanus eremius",NA,NA,3,NA,NA,0,NA,NA,1,NA,NA,1
"Varanus exanthematicus",0.164728864397368,"Trending I",27,-0.0645880017344075,"Type II",5,NA,NA,0,-0.0645880017344075,"Type II",5
"Varanus flavescens",NA,NA,0,NA,NA,0,NA,NA,0,NA,NA,0
"Varanus giganteus",-0.161852124959134,"Trending III",6,NA,NA,3,NA,NA,0,NA,NA,3
"Varanus gouldii",0.155,"Trending I",2,NA,NA,0,NA,NA,0,NA,NA,0
"Varanus griseus",NA,NA,0,NA,NA,0,NA,NA,0,NA,NA,0
"Varanus indicus",NA,NA,0,NA,NA,0,NA,NA,0,NA,NA,0
"Varanus jobiensis",-0.125,"Trending III",2,NA,NA,0,NA,NA,0,NA,NA,0
"Varanus kingorum",NA,NA,0,NA,NA,0,NA,NA,0,NA,NA,0
"Varanus komodoensis",-0.182423916984723,"Trending III",18,-0.168969506930021,"Trending III",8,-0.217920303493582,"Trending III",3,-0.176846388238496,"Trending III",11
"Varanus macraei",NA,NA,0,NA,NA,0,NA,NA,0,NA,NA,0
"Varanus melinus",NA,NA,4,NA,NA,2,NA,NA,0,NA,NA,2
"Varanus mertensi",NA,NA,4,NA,NA,0,NA,NA,2,NA,NA,2
"Varanus niloticus",-0.170840606987164,"Trending III",6,NA,NA,3,NA,NA,0,NA,NA,3
"Varanus olivaceus",NA,NA,0,NA,NA,0,NA,NA,0,NA,NA,0
"Varanus panoptes",NA,NA,0,NA,NA,0,NA,NA,0,NA,NA,0
"Varanus pilbarensis",NA,NA,1,NA,NA,0,NA,NA,0,NA,NA,0
"Varanus prasinus",0.236795121298736,"Trending I",23,0.351055842170362,"Type I",3,0.215631583366987,"Trending I",4,0.309564243207934,"Type I",7
"Varanus rudicollis",NA,NA,4,NA,NA,0,NA,NA,1,NA,NA,1
"Varanus salvadorii",0.110415689559391,"Trending I",18,-0.130916236744456,"Trending III",3,NA,NA,1,-0.116002499951923,"Trending III",4
"Varanus salvator",-0.0194057962597294,"Type II",8,NA,NA,0,NA,NA,1,NA,NA,1
"Varanus storri",NA,NA,2,NA,NA,0,NA,NA,0,NA,NA,0
"Varanus timorensis",NA,NA,0,NA,NA,0,NA,NA,0,NA,NA,0
"Varanus tristis",NA,NA,0,NA,NA,0,NA,NA,0,NA,NA,0
"Varanus varius",NA,NA,0,NA,NA,0,NA,NA,0,NA,NA,0
"Varanus yuwonoi",NA,NA,0,NA,NA,0,NA,NA,0,NA,NA,0
"Varecia rubra",0.112567130281011,"Trending I",39,0.295,"Trending I",4,0.111998073722213,"Trending I",10,0.175138069053095,"Trending I",14
"Varecia variegata",0.206641155654927,"Trending I",90,0.225306628630508,"Trending I",26,0.202130033147235,"Trending I",22,0.248219297464123,"Trending I",48
"Vicugna pacos",0.0449558762562373,"Type II",73,-0.176669321871331,"Trending III",23,0.0546045582750006,"Type II",50,0.0449558762562373,"Type II",73
"Vidua fischeri",NA,NA,0,NA,NA,0,NA,NA,0,NA,NA,0
"Vidua interjecta",NA,NA,8,NA,NA,0,NA,NA,0,NA,NA,0
"Vidua macroura",NA,NA,6,NA,NA,0,NA,NA,0,NA,NA,0
"Vidua obtusa",NA,NA,0,NA,NA,0,NA,NA,0,NA,NA,0
"Vidua paradisaea",NA,NA,0,NA,NA,0,NA,NA,0,NA,NA,0
"Vini australis",0.262079696506418,"Trending I",4,NA,NA,0,NA,NA,0,NA,NA,0
"Vini peruviana",NA,NA,1,NA,NA,0,NA,NA,1,NA,NA,1
"Vipera ammodytes",NA,NA,1,NA,NA,0,NA,NA,0,NA,NA,0
"Vipera aspis",NA,NA,0,NA,NA,0,NA,NA,0,NA,NA,0
"Vipera berus",NA,NA,1,NA,NA,0,NA,NA,0,NA,NA,0
"Vipera dinniki",NA,NA,0,NA,NA,0,NA,NA,0,NA,NA,0
"Vipera eriwanensis",NA,NA,1,NA,NA,0,NA,NA,0,NA,NA,0
"Vipera kaznakovi",NA,NA,0,NA,NA,0,NA,NA,0,NA,NA,0
"Vipera latastei",0.0699904965000121,"Type II",3,NA,NA,0,NA,NA,0,NA,NA,0
"Vipera latifii",NA,NA,0,NA,NA,0,NA,NA,0,NA,NA,0
"Vipera monticola",NA,NA,1,NA,NA,0,NA,NA,0,NA,NA,0
"Vipera orlovi",NA,NA,0,NA,NA,0,NA,NA,0,NA,NA,0
"Vipera palaestinae",NA,NA,0,NA,NA,0,NA,NA,0,NA,NA,0
"Vipera transcaucasiana",NA,NA,0,NA,NA,0,NA,NA,0,NA,NA,0
"Vipera ursinii",NA,NA,0,NA,NA,0,NA,NA,0,NA,NA,0
"Vipera wagneri",NA,NA,0,NA,NA,0,NA,NA,0,NA,NA,0
"Vireo modestus",NA,NA,0,NA,NA,0,NA,NA,0,NA,NA,0
"Viridovipera gumprechti",NA,NA,0,NA,NA,0,NA,NA,0,NA,NA,0
"Viridovipera stejnegeri",NA,NA,0,NA,NA,0,NA,NA,0,NA,NA,0
"Viridovipera vogeli",NA,NA,0,NA,NA,0,NA,NA,0,NA,NA,0
"Viverricula indica",NA,NA,3,NA,NA,2,NA,NA,0,NA,NA,2
"Volatinia jacarina",NA,NA,3,NA,NA,0,NA,NA,0,NA,NA,0
"Vulpes lagopus",0.168522658585612,"Trending I",40,0.144388860028774,"Trending I",26,0.109393016330345,"Trending I",6,0.173284529433787,"Trending I",32
"Vulpes macrotis",0.278333333333333,"Trending I",4,0.195,"Trending I",2,0.32,"Type I",2,0.278333333333333,"Trending I",4
"Vulpes rueppellii",NA,NA,0,NA,NA,0,NA,NA,0,NA,NA,0
"Vulpes velox",0.121642373970754,"Trending I",13,0.140588223607152,"Trending I",6,0.102855785214287,"Trending I",3,0.148684616010417,"Trending I",9
"Vulpes vulpes",0.10853095306485,"Trending I",25,0.0724956830355921,"Type II",6,0.0592206476617281,"Type II",8,0.0871888735953171,"Type II",14
"Vulpes zerda",0.23100357938512,"Trending I",45,0.155894399195573,"Trending I",32,NA,NA,1,0.154983206273533,"Trending I",33
"Vultur gryphus",0.180961505333721,"Trending I",11,NA,NA,0,0.095,"Type II",2,0.095,"Type II",2
"Wallabia bicolor",0.042964343479499,"Type II",36,-0.375,"Type III",2,-0.255,"Trending III",4,-0.274580539565593,"Trending III",6
"Walterinnesia aegyptia",NA,NA,0,NA,NA,0,NA,NA,0,NA,NA,0
"Wattsia mossambica",NA,NA,1,NA,NA,0,NA,NA,0,NA,NA,0
"Wilsonia canadensis",NA,NA,0,NA,NA,0,NA,NA,0,NA,NA,0
"Wilsonia pusilla",NA,NA,0,NA,NA,0,NA,NA,0,NA,NA,0
"Xanthichthys auromarginatus",NA,NA,0,NA,NA,0,NA,NA,0,NA,NA,0
"Xanthichthys mento",NA,NA,0,NA,NA,0,NA,NA,0,NA,NA,0
"Xanthocephalus xanthocephalus",NA,NA,0,NA,NA,0,NA,NA,0,NA,NA,0
"Xantusia vigilis",NA,NA,1,NA,NA,0,NA,NA,0,NA,NA,0
"Xenagama taylori",NA,NA,0,NA,NA,0,NA,NA,0,NA,NA,0
"Xenichthys xanti",NA,NA,0,NA,NA,0,NA,NA,0,NA,NA,0
"Xenopeltis hainanensis",NA,NA,0,NA,NA,0,NA,NA,0,NA,NA,0
"Xenopus laevis",NA,NA,0,NA,NA,0,NA,NA,0,NA,NA,0
"Xenopus tropicalis",NA,NA,0,NA,NA,0,NA,NA,0,NA,NA,0
"Xenosaurus grandis",NA,NA,1,NA,NA,0,NA,NA,0,NA,NA,0
"Xenosaurus platyceps",NA,NA,2,NA,NA,0,NA,NA,0,NA,NA,0
"Xiphias gladius",NA,NA,0,NA,NA,0,NA,NA,0,NA,NA,0
"Xipholena punicea",NA,NA,4,NA,NA,0,NA,NA,0,NA,NA,0
"Xiphophorus gordoni",NA,NA,0,NA,NA,0,NA,NA,0,NA,NA,0
"Xiphophorus hellerii",NA,NA,0,NA,NA,0,NA,NA,0,NA,NA,0
"Xiphophorus maculatus",NA,NA,0,NA,NA,0,NA,NA,0,NA,NA,0
"Xiphosurus cuvieri",NA,NA,2,NA,NA,2,NA,NA,0,NA,NA,2
"Zabidius novemaculeatus",NA,NA,0,NA,NA,0,NA,NA,0,NA,NA,0
"Zacco platypus",NA,NA,0,NA,NA,0,NA,NA,0,NA,NA,0
"Zalieutes elater",NA,NA,0,NA,NA,0,NA,NA,0,NA,NA,0
"Zalophus californianus",0.289434849445115,"Trending I",99,0.31574368064868,"Type I",44,0.228235546390643,"Trending I",14,0.31390583595491,"Type I",58
"Zanclostomus calyorhynchus",NA,NA,0,NA,NA,0,NA,NA,0,NA,NA,0
"Zanclostomus curvirostris",NA,NA,0,NA,NA,0,NA,NA,0,NA,NA,0
"Zanclostomus javanicus",NA,NA,3,NA,NA,0,NA,NA,0,NA,NA,0
"Zanclus cornutus",NA,NA,0,NA,NA,0,NA,NA,0,NA,NA,0
"Zapteryx exasperata",NA,NA,0,NA,NA,0,NA,NA,0,NA,NA,0
"Zebrasoma desjardinii",NA,NA,0,NA,NA,0,NA,NA,0,NA,NA,0
"Zebrasoma flavescens",NA,NA,0,NA,NA,0,NA,NA,0,NA,NA,0
"Zebrasoma scopas",NA,NA,0,NA,NA,0,NA,NA,0,NA,NA,0
"Zebrasoma velifer",NA,NA,0,NA,NA,0,NA,NA,0,NA,NA,0
"Zebrasoma veliferum",NA,NA,0,NA,NA,0,NA,NA,0,NA,NA,0
"Zebrasoma xanthurum",NA,NA,0,NA,NA,0,NA,NA,0,NA,NA,0
"Zenaida asiatica",-0.21215532626371,"Trending III",3,NA,NA,0,NA,NA,0,NA,NA,0
"Zenaida auriculata",NA,NA,2,NA,NA,0,NA,NA,1,NA,NA,1
"Zenaida galapagoensis",NA,NA,1,NA,NA,0,NA,NA,0,NA,NA,0
"Zenaida graysoni",NA,NA,5,NA,NA,1,NA,NA,0,NA,NA,1
"Zenaida macroura",-0.290045110585652,"Trending III",6,NA,NA,0,NA,NA,0,NA,NA,0
"Zentrygon chiriquensis",NA,NA,0,NA,NA,0,NA,NA,0,NA,NA,0
"Zeus capensis",NA,NA,0,NA,NA,0,NA,NA,0,NA,NA,0
"Zhaoermia mangshanensis",NA,NA,2,NA,NA,0,NA,NA,0,NA,NA,0
"Zoarces americanus",NA,NA,0,NA,NA,0,NA,NA,0,NA,NA,0
"Zonosaurus madagascariensis",NA,NA,0,NA,NA,0,NA,NA,0,NA,NA,0
"Zonotrichia albicollis",NA,NA,0,NA,NA,0,NA,NA,0,NA,NA,0
"Zonotrichia leucophrys",NA,NA,0,NA,NA,0,NA,NA,0,NA,NA,0
"Zoosphaerium alluaudi",NA,NA,0,NA,NA,0,NA,NA,0,NA,NA,0
"Zoothera piaggiae",NA,NA,0,NA,NA,0,NA,NA,0,NA,NA,0
"Zoramia leptacantha",NA,NA,0,NA,NA,0,NA,NA,0,NA,NA,0
"Zosterops buruensis",NA,NA,1,NA,NA,0,NA,NA,0,NA,NA,0
"Zosterops conspicillatus",NA,NA,6,NA,NA,1,NA,NA,0,NA,NA,1
"Zosterops japonicus",0.426339010522285,"Type I",12,NA,NA,0,NA,NA,0,NA,NA,0
"Zosterops kikuyuensis",NA,NA,1,NA,NA,0,NA,NA,0,NA,NA,0
"Zosterops palpebrosus",NA,NA,0,NA,NA,0,NA,NA,0,NA,NA,0
"Zosterops xanthochrous",NA,NA,0,NA,NA,0,NA,NA,0,NA,NA,0
"Platichthys flesus",NA,NA,0,NA,NA,0,NA,NA,0,NA,NA,0
"Natrix natrix",NA,NA,0,NA,NA,0,NA,NA,0,NA,NA,0
"Cynictis penicillata",0.42,"Type I",2,NA,NA,0,NA,NA,0,NA,NA,0
"Emberiza cirlus",NA,NA,0,NA,NA,0,NA,NA,0,NA,NA,0
"Rutilus rutilus",NA,NA,0,NA,NA,0,NA,NA,0,NA,NA,0
"Cyanoliseus patagonus",NA,NA,3,NA,NA,0,NA,NA,0,NA,NA,0
"Pyxis arachnoides",NA,NA,0,NA,NA,0,NA,NA,0,NA,NA,0
"Sylvia atricapilla",NA,NA,0,NA,NA,0,NA,NA,0,NA,NA,0
"Milvus milvus",NA,NA,0,NA,NA,0,NA,NA,0,NA,NA,0
"Coturnicops noveboracensis",NA,NA,0,NA,NA,0,NA,NA,0,NA,NA,0
"Semnopithecus priam",NA,NA,1,NA,NA,1,NA,NA,0,NA,NA,1
"Mus minutoides",NA,NA,0,NA,NA,0,NA,NA,0,NA,NA,0
"Felis manul",NA,NA,0,NA,NA,0,NA,NA,0,NA,NA,0
"Triturus marmoratus",NA,NA,0,NA,NA,0,NA,NA,0,NA,NA,0
"Boiga cyanea",NA,NA,0,NA,NA,0,NA,NA,0,NA,NA,0
"Myotis nattereri",NA,NA,0,NA,NA,0,NA,NA,0,NA,NA,0
"Ducula zoeae",NA,NA,1,NA,NA,0,NA,NA,0,NA,NA,0
"Zootoca vivipara",NA,NA,0,NA,NA,0,NA,NA,0,NA,NA,0
"Galidia elegans",NA,NA,0,NA,NA,0,NA,NA,0,NA,NA,0
"Dasyurus albopunctatus",NA,NA,0,NA,NA,0,NA,NA,0,NA,NA,0
"Zoothera mollissima",NA,NA,0,NA,NA,0,NA,NA,0,NA,NA,0
"Liocichla omeiensis",NA,NA,0,NA,NA,0,NA,NA,0,NA,NA,0
"Phalacrocorax carbo",NA,NA,0,NA,NA,0,NA,NA,0,NA,NA,0
"Burhinus oedicnemus",NA,NA,0,NA,NA,0,NA,NA,0,NA,NA,0
"Rattus rattus",NA,NA,0,NA,NA,0,NA,NA,0,NA,NA,0
"Capito aurovirens",NA,NA,0,NA,NA,0,NA,NA,0,NA,NA,0
"Rhinella schneideri",NA,NA,0,NA,NA,0,NA,NA,0,NA,NA,0
"Mugil cephalus",NA,NA,0,NA,NA,0,NA,NA,0,NA,NA,0
"Python brongersmai",NA,NA,2,NA,NA,1,NA,NA,0,NA,NA,1
"Ducula aenea",NA,NA,0,NA,NA,0,NA,NA,0,NA,NA,0
"Typhlonectes compressicauda",NA,NA,0,NA,NA,0,NA,NA,0,NA,NA,0
"Gymnobelideus leadbeateri",NA,NA,0,NA,NA,0,NA,NA,0,NA,NA,0
"Phylloscopus trochilus",NA,NA,0,NA,NA,0,NA,NA,0,NA,NA,0
"Onychomys leucogaster",NA,NA,0,NA,NA,0,NA,NA,0,NA,NA,0
"Peromyscus maniculatus",NA,NA,0,NA,NA,0,NA,NA,0,NA,NA,0
"Spondyliosoma cantharus",NA,NA,0,NA,NA,0,NA,NA,0,NA,NA,0
"Didelphis virginiana",NA,NA,0,NA,NA,0,NA,NA,0,NA,NA,0
"Corvus kubaryi",NA,NA,0,NA,NA,0,NA,NA,0,NA,NA,0
"Raja undulata",NA,NA,0,NA,NA,0,NA,NA,0,NA,NA,0
"Jaculus orientalis",NA,NA,0,NA,NA,0,NA,NA,0,NA,NA,0
"Ptilinopus cinctus",NA,NA,0,NA,NA,0,NA,NA,0,NA,NA,0
"Atherurus africanus",NA,NA,0,NA,NA,0,NA,NA,0,NA,NA,0
"Pseudibis gigantea",NA,NA,0,NA,NA,0,NA,NA,0,NA,NA,0
"Podarcis muralis",NA,NA,0,NA,NA,0,NA,NA,0,NA,NA,0
"Naja siamensis",NA,NA,0,NA,NA,0,NA,NA,0,NA,NA,0
"Scardinius erythrophthalmus",NA,NA,0,NA,NA,0,NA,NA,0,NA,NA,0
"Gazella arabica",NA,NA,0,NA,NA,0,NA,NA,0,NA,NA,0
"Heosemys grandis",NA,NA,0,NA,NA,0,NA,NA,0,NA,NA,0
"Ploceus nigricollis",NA,NA,2,NA,NA,0,NA,NA,0,NA,NA,0
"Globicephala melas",NA,NA,0,NA,NA,0,NA,NA,0,NA,NA,0
"Gloydius saxatilis",NA,NA,0,NA,NA,0,NA,NA,0,NA,NA,0
"Ramphastos toco",NA,NA,3,NA,NA,0,NA,NA,0,NA,NA,0
"Ramphastos sulfuratus",NA,NA,0,NA,NA,0,NA,NA,0,NA,NA,0
"Chalcomitra senegalensis",NA,NA,1,NA,NA,0,NA,NA,0,NA,NA,0
"Lamprotornis iris",NA,NA,0,NA,NA,0,NA,NA,0,NA,NA,0
"Penelopides panini",NA,NA,0,NA,NA,0,NA,NA,0,NA,NA,0
"Recurvirostra avosetta",NA,NA,0,NA,NA,0,NA,NA,0,NA,NA,0
"Theristicus melanopis",NA,NA,0,NA,NA,0,NA,NA,0,NA,NA,0
"Accipiter nisus",NA,NA,0,NA,NA,0,NA,NA,0,NA,NA,0
"Cephalophus natalensis",NA,NA,0,NA,NA,0,NA,NA,0,NA,NA,0
"Egretta garzetta",NA,NA,1,NA,NA,0,NA,NA,0,NA,NA,0
"Locustella naevia",NA,NA,0,NA,NA,0,NA,NA,0,NA,NA,0
"Phalcoboenus australis",NA,NA,0,NA,NA,0,NA,NA,0,NA,NA,0
"Pulsatrix perspicillata",NA,NA,1,NA,NA,0,NA,NA,0,NA,NA,0
"Cerdocyon thous",NA,NA,0,NA,NA,0,NA,NA,0,NA,NA,0
"Amazilia amazilia",NA,NA,0,NA,NA,0,NA,NA,0,NA,NA,0
"Oxyuranus scutellatus",NA,NA,1,NA,NA,0,NA,NA,1,NA,NA,1
"Solea solea",NA,NA,0,NA,NA,0,NA,NA,0,NA,NA,0
"Paroaria dominicana",NA,NA,1,NA,NA,0,NA,NA,0,NA,NA,0
"Leuciscus idus",NA,NA,0,NA,NA,0,NA,NA,0,NA,NA,0
"Chamaeleo chamaeleon",NA,NA,0,NA,NA,0,NA,NA,0,NA,NA,0
"Eptesicus serotinus",NA,NA,0,NA,NA,0,NA,NA,0,NA,NA,0
"Strix hylophila",NA,NA,0,NA,NA,0,NA,NA,0,NA,NA,0
"Python breitensteini",NA,NA,0,NA,NA,0,NA,NA,0,NA,NA,0
"Lophaetus occipitalis",NA,NA,0,NA,NA,0,NA,NA,0,NA,NA,0
"Osmerus eperlanus",NA,NA,0,NA,NA,0,NA,NA,0,NA,NA,0
"Trichoglossus johnstoniae",NA,NA,0,NA,NA,0,NA,NA,0,NA,NA,0
"Eryx conicus",NA,NA,0,NA,NA,0,NA,NA,0,NA,NA,0
"Petrodromus tetradactylus",NA,NA,0,NA,NA,0,NA,NA,0,NA,NA,0
"Pomatoschistus minutus",NA,NA,0,NA,NA,0,NA,NA,0,NA,NA,0
"Ninox rufa",NA,NA,0,NA,NA,0,NA,NA,0,NA,NA,0
"Chroicocephalus ridibundus",NA,NA,0,NA,NA,0,NA,NA,0,NA,NA,0
"Emydura subglobosa",NA,NA,0,NA,NA,0,NA,NA,0,NA,NA,0
"Buteo buteo",NA,NA,0,NA,NA,0,NA,NA,0,NA,NA,0
"Coronella austriaca",NA,NA,0,NA,NA,0,NA,NA,0,NA,NA,0
"Natrix maura",NA,NA,0,NA,NA,0,NA,NA,0,NA,NA,0
"Emberiza citrinella",NA,NA,0,NA,NA,0,NA,NA,0,NA,NA,0
"Stenodactylus sthenodactylus",NA,NA,0,NA,NA,0,NA,NA,0,NA,NA,0
"Phylloscopus collybita",NA,NA,0,NA,NA,0,NA,NA,0,NA,NA,0
"Ictonyx striatus",NA,NA,0,NA,NA,0,NA,NA,0,NA,NA,0
"Ardeola bacchus",NA,NA,0,NA,NA,0,NA,NA,0,NA,NA,0
"Nyctereutes procyonoides",NA,NA,0,NA,NA,0,NA,NA,0,NA,NA,0
"Pelophylax perezi",NA,NA,0,NA,NA,0,NA,NA,0,NA,NA,0
"Polyboroides typus",NA,NA,0,NA,NA,0,NA,NA,0,NA,NA,0
"Anas discors",NA,NA,0,NA,NA,0,NA,NA,0,NA,NA,0
"Dendroaspis polylepis",NA,NA,2,NA,NA,0,NA,NA,0,NA,NA,0
"Mungotictis decemlineata",NA,NA,0,NA,NA,0,NA,NA,0,NA,NA,0
"Gerbillus gerbillus",NA,NA,0,NA,NA,0,NA,NA,0,NA,NA,0
"Ducula pinon",NA,NA,0,NA,NA,0,NA,NA,0,NA,NA,0
"Ploceus cucullatus",NA,NA,0,NA,NA,0,NA,NA,0,NA,NA,0
"Gallirallus philippensis",NA,NA,0,NA,NA,0,NA,NA,0,NA,NA,0
"Echis carinatus",NA,NA,0,NA,NA,0,NA,NA,0,NA,NA,0
"Chelon labrosus",NA,NA,0,NA,NA,0,NA,NA,0,NA,NA,0
"Helogale parvula",-0.475,"Type III",2,NA,NA,0,NA,NA,0,NA,NA,0
"Regulus regulus",NA,NA,0,NA,NA,0,NA,NA,0,NA,NA,0
"Atilax paludinosus",NA,NA,0,NA,NA,0,NA,NA,0,NA,NA,0
"Apodemus flavicollis",NA,NA,0,NA,NA,0,NA,NA,0,NA,NA,0
"Dendrocopos major",NA,NA,0,NA,NA,0,NA,NA,0,NA,NA,0
"Loris lydekkerianus",NA,NA,0,NA,NA,0,NA,NA,0,NA,NA,0
"Leuciscus leuciscus",NA,NA,0,NA,NA,0,NA,NA,0,NA,NA,0
"Geokichla citrina",NA,NA,5,NA,NA,0,NA,NA,0,NA,NA,0
"Elephantulus rufescens",NA,NA,0,NA,NA,0,NA,NA,0,NA,NA,0
"Myotis mystacinus",NA,NA,0,NA,NA,0,NA,NA,0,NA,NA,0
"Anguis fragilis",NA,NA,0,NA,NA,0,NA,NA,0,NA,NA,0
"Galictis vittata",NA,NA,0,NA,NA,0,NA,NA,0,NA,NA,0
"Crex crex",NA,NA,0,NA,NA,0,NA,NA,0,NA,NA,0
"Meles meles",NA,NA,0,NA,NA,0,NA,NA,0,NA,NA,0
"Pelophylax lessonae",NA,NA,0,NA,NA,0,NA,NA,0,NA,NA,0
"Varanus cumingi",-0.174203034935821,"Trending III",3,NA,NA,0,NA,NA,0,NA,NA,0
"Fringilla montifringilla",NA,NA,0,NA,NA,0,NA,NA,0,NA,NA,0
"Phelsuma madagascariensis",NA,NA,0,NA,NA,0,NA,NA,0,NA,NA,0
"Symphodus melops",NA,NA,0,NA,NA,0,NA,NA,0,NA,NA,0
"Rhinolophus hipposideros",NA,NA,0,NA,NA,0,NA,NA,0,NA,NA,0
"Ducula rufigaster",NA,NA,0,NA,NA,0,NA,NA,0,NA,NA,0
"Lissotriton vulgaris",NA,NA,0,NA,NA,0,NA,NA,0,NA,NA,0
"Tamiops swinhoei",NA,NA,3,NA,NA,0,NA,NA,0,NA,NA,0
"Prunella modularis",NA,NA,0,NA,NA,0,NA,NA,0,NA,NA,0
"Acrocodia indica",NA,NA,1,NA,NA,0,NA,NA,0,NA,NA,0
"Ctenopoma kingsleyae",NA,NA,0,NA,NA,0,NA,NA,0,NA,NA,0
"Nyctalus leisleri",NA,NA,0,NA,NA,0,NA,NA,0,NA,NA,0
"Sciurus stramineus",NA,NA,0,NA,NA,0,NA,NA,0,NA,NA,0
"Pycnonotus jocosus",NA,NA,1,NA,NA,0,NA,NA,0,NA,NA,0
"Tauraco corythaix",NA,NA,0,NA,NA,0,NA,NA,0,NA,NA,0
"Tiliqua gigas",NA,NA,0,NA,NA,0,NA,NA,0,NA,NA,0
"Fossa fossana",NA,NA,0,NA,NA,0,NA,NA,0,NA,NA,0
"Crossoptilon auritum",NA,NA,0,NA,NA,0,NA,NA,0,NA,NA,0
"Alectoris barbara",NA,NA,0,NA,NA,0,NA,NA,0,NA,NA,0
"Amazona brasiliensis",NA,NA,0,NA,NA,0,NA,NA,0,NA,NA,0
"Labrus bergylta",NA,NA,0,NA,NA,0,NA,NA,0,NA,NA,0
"Picus viridis",NA,NA,0,NA,NA,0,NA,NA,0,NA,NA,0
"Linaria cannabina",NA,NA,0,NA,NA,0,NA,NA,0,NA,NA,0
"Pseudoscops clamator",NA,NA,0,NA,NA,0,NA,NA,0,NA,NA,0
"Corvus corone",NA,NA,0,NA,NA,0,NA,NA,0,NA,NA,0
"Plecotus auritus",NA,NA,0,NA,NA,0,NA,NA,0,NA,NA,0
"Myoprocta acouchy",NA,NA,0,NA,NA,0,NA,NA,0,NA,NA,0
"Turdus dissimilis",NA,NA,0,NA,NA,0,NA,NA,0,NA,NA,0
"Pyrrhocorax pyrrhocorax",NA,NA,0,NA,NA,0,NA,NA,0,NA,NA,0
"Pyrrhula pyrrhula",NA,NA,0,NA,NA,0,NA,NA,0,NA,NA,0
"Gallirallus owstoni",NA,NA,0,NA,NA,0,NA,NA,0,NA,NA,0
"Melanochelys trijuga",NA,NA,0,NA,NA,0,NA,NA,0,NA,NA,0
"Lissotriton boscai",NA,NA,0,NA,NA,0,NA,NA,0,NA,NA,0
"Gallinula chloropus",NA,NA,0,NA,NA,0,NA,NA,0,NA,NA,0
"Muscardinus avellanarius",NA,NA,0,NA,NA,0,NA,NA,0,NA,NA,0
"Ramphastos tucanus",NA,NA,1,NA,NA,0,NA,NA,0,NA,NA,0
"Eos cyanogenia",NA,NA,0,NA,NA,0,NA,NA,0,NA,NA,0
"Troglodytes troglodytes",NA,NA,0,NA,NA,0,NA,NA,0,NA,NA,0
"Colius colius",NA,NA,0,NA,NA,0,NA,NA,0,NA,NA,0
"Notomys alexis",NA,NA,0,NA,NA,0,NA,NA,0,NA,NA,0
"Pleuronectes platessa",NA,NA,0,NA,NA,0,NA,NA,0,NA,NA,0
"Gobius paganellus",NA,NA,0,NA,NA,0,NA,NA,0,NA,NA,0
"Lipophrys pholis",NA,NA,0,NA,NA,0,NA,NA,0,NA,NA,0
"Grus rubicunda",NA,NA,0,NA,NA,0,NA,NA,0,NA,NA,0
"Anas hottentota",NA,NA,0,NA,NA,0,NA,NA,0,NA,NA,0
"Alouatta pigra",NA,NA,0,NA,NA,0,NA,NA,0,NA,NA,0
"Rana temporaria",NA,NA,0,NA,NA,0,NA,NA,0,NA,NA,0
"Circus aeruginosus",NA,NA,0,NA,NA,0,NA,NA,0,NA,NA,0
"Lophocebus albigena",NA,NA,0,NA,NA,0,NA,NA,0,NA,NA,0
"Leiolopisma telfairii",NA,NA,7,NA,NA,0,NA,NA,0,NA,NA,0
"Oedura tryoni",NA,NA,0,NA,NA,0,NA,NA,0,NA,NA,0
"Hydromys chrysogaster",NA,NA,1,NA,NA,0,NA,NA,0,NA,NA,0
"Cossypha albicapillus",NA,NA,0,NA,NA,0,NA,NA,0,NA,NA,0
"Phoxinus phoxinus",NA,NA,0,NA,NA,0,NA,NA,0,NA,NA,0
"Turdus iliacus",NA,NA,0,NA,NA,0,NA,NA,0,NA,NA,0
"Apodemus sylvaticus",NA,NA,0,NA,NA,0,NA,NA,0,NA,NA,0
"Microtus ochrogaster",NA,NA,0,NA,NA,0,NA,NA,0,NA,NA,0
"Carlito syrichta",NA,NA,0,NA,NA,0,NA,NA,0,NA,NA,0
"Sus barbatus",-0.025,"Type II",6,NA,NA,4,NA,NA,2,-0.025,"Type II",6
"Xenomystus nigri",NA,NA,0,NA,NA,0,NA,NA,0,NA,NA,0
"Erythrolamprus cobella",NA,NA,0,NA,NA,0,NA,NA,0,NA,NA,0
"Proechimys semispinosus",NA,NA,0,NA,NA,0,NA,NA,0,NA,NA,0
"Larus argentatus",NA,NA,0,NA,NA,0,NA,NA,0,NA,NA,0
"Charmosyna pulchella",NA,NA,0,NA,NA,0,NA,NA,0,NA,NA,0
"Sitta europaea",NA,NA,0,NA,NA,0,NA,NA,0,NA,NA,0
"Passer montanus",NA,NA,0,NA,NA,0,NA,NA,0,NA,NA,0
"Dendrobates leucomelas",NA,NA,0,NA,NA,0,NA,NA,0,NA,NA,0
"Athene noctua",NA,NA,0,NA,NA,0,NA,NA,0,NA,NA,0
"Corvus frugilegus",NA,NA,0,NA,NA,0,NA,NA,0,NA,NA,0
"Podarcis bocagei",NA,NA,0,NA,NA,0,NA,NA,0,NA,NA,0
"Mephitis mephitis",NA,NA,1,NA,NA,1,NA,NA,0,NA,NA,1
"Sceloporus serrifer",NA,NA,0,NA,NA,0,NA,NA,0,NA,NA,0
"Tamias sibiricus",NA,NA,0,NA,NA,0,NA,NA,0,NA,NA,0
"Turdus viscivorus",NA,NA,0,NA,NA,0,NA,NA,0,NA,NA,0
"Pica pica",NA,NA,0,NA,NA,0,NA,NA,0,NA,NA,0
"Galictis cuja",NA,NA,0,NA,NA,0,NA,NA,0,NA,NA,0
"Suncus murinus",NA,NA,0,NA,NA,0,NA,NA,0,NA,NA,0
"Microtus agrestis",NA,NA,0,NA,NA,0,NA,NA,0,NA,NA,0
"Cyanocompsa brissonii",NA,NA,1,NA,NA,0,NA,NA,0,NA,NA,0
"Egernia stokesii",NA,NA,0,NA,NA,0,NA,NA,0,NA,NA,0
"Columba palumbus",NA,NA,0,NA,NA,0,NA,NA,0,NA,NA,0
"Pipistrellus pipistrellus",NA,NA,0,NA,NA,0,NA,NA,0,NA,NA,0
"Icterus oberi",NA,NA,1,NA,NA,0,NA,NA,0,NA,NA,0
"Lemniscomys barbarus",NA,NA,0,NA,NA,0,NA,NA,0,NA,NA,0
"Equus caballus",NA,NA,0,NA,NA,0,NA,NA,0,NA,NA,0
"Ketupa zeylonensis",NA,NA,0,NA,NA,0,NA,NA,0,NA,NA,0
"Prionailurus bengalensis",NA,NA,0,NA,NA,0,NA,NA,0,NA,NA,0
"Plecturocebus cupreus",NA,NA,0,NA,NA,0,NA,NA,0,NA,NA,0
"Triturus cristatus",NA,NA,0,NA,NA,0,NA,NA,0,NA,NA,0
"Dendrobates auratus",NA,NA,0,NA,NA,0,NA,NA,0,NA,NA,0
"Naultinus elegans",NA,NA,0,NA,NA,0,NA,NA,0,NA,NA,0
"Passer domesticus",NA,NA,0,NA,NA,0,NA,NA,0,NA,NA,0
"Spinus spinus",NA,NA,0,NA,NA,0,NA,NA,0,NA,NA,0
"Oplurus cuvieri",NA,NA,0,NA,NA,0,NA,NA,0,NA,NA,0
"Oenanthe oenanthe",NA,NA,0,NA,NA,0,NA,NA,0,NA,NA,0
"Amphibolurus muricatus",NA,NA,0,NA,NA,0,NA,NA,0,NA,NA,0
"Botaurus stellaris",NA,NA,0,NA,NA,0,NA,NA,0,NA,NA,0
"Achatina glutinosa",NA,NA,0,NA,NA,0,NA,NA,0,NA,NA,0
"Alytes obstetricans",NA,NA,0,NA,NA,0,NA,NA,0,NA,NA,0
"Bactrocera salamander",NA,NA,0,NA,NA,0,NA,NA,0,NA,NA,0
"Cornu aspersum",NA,NA,0,NA,NA,0,NA,NA,0,NA,NA,0
"Eresus kollari",NA,NA,0,NA,NA,0,NA,NA,0,NA,NA,0
"Spinus cucullatus",NA,NA,0,NA,NA,0,NA,NA,0,NA,NA,0
"Partula hebe",NA,NA,0,NA,NA,0,NA,NA,0,NA,NA,0
"Schistocerca gregaria",NA,NA,0,NA,NA,0,NA,NA,0,NA,NA,0
"Anthia sexguttata",NA,NA,0,NA,NA,0,NA,NA,0,NA,NA,0
"Scaphirhynchus platorynchus",NA,NA,0,NA,NA,0,NA,NA,0,NA,NA,0
"Taeniopoda eques",NA,NA,0,NA,NA,0,NA,NA,0,NA,NA,0
"Ampulex compressa",NA,NA,0,NA,NA,0,NA,NA,0,NA,NA,0
"Formica rufibarbis",NA,NA,0,NA,NA,0,NA,NA,0,NA,NA,0
"Atta cephalotes",NA,NA,0,NA,NA,0,NA,NA,0,NA,NA,0
"Alytes muletensis",NA,NA,7,NA,NA,0,NA,NA,1,NA,NA,1
"Ambystoma dumerilii",NA,NA,0,NA,NA,0,NA,NA,0,NA,NA,0
"Alytes cisternasii",NA,NA,1,NA,NA,0,NA,NA,0,NA,NA,0
"Cyprinodon longidorsalis",NA,NA,0,NA,NA,0,NA,NA,0,NA,NA,0
"Poecilotheria striata",NA,NA,0,NA,NA,0,NA,NA,0,NA,NA,0
"Trichogaster leerii",NA,NA,0,NA,NA,0,NA,NA,0,NA,NA,0
"Apogon cyanosoma",NA,NA,0,NA,NA,0,NA,NA,0,NA,NA,0
"Morpho peleides",NA,NA,0,NA,NA,0,NA,NA,0,NA,NA,0
"Amblonyx cinereus",NA,NA,0,NA,NA,0,NA,NA,0,NA,NA,0
"Mylossoma duriventris",NA,NA,0,NA,NA,0,NA,NA,0,NA,NA,0
"Esomus danricus",NA,NA,0,NA,NA,0,NA,NA,0,NA,NA,0
"Phenacogaster tegatus",NA,NA,0,NA,NA,0,NA,NA,0,NA,NA,0
"Hyphessobrycon sweglesi",NA,NA,0,NA,NA,0,NA,NA,0,NA,NA,0
"Abronia vasconcelosii",NA,NA,0,NA,NA,0,NA,NA,0,NA,NA,0
"Sechelleptus seychellarum",NA,NA,0,NA,NA,0,NA,NA,0,NA,NA,0
"Helix aspersa",NA,NA,0,NA,NA,0,NA,NA,0,NA,NA,0
"Barbus callipterus",NA,NA,0,NA,NA,0,NA,NA,0,NA,NA,0
"Lachesis stenophyrs",NA,NA,0,NA,NA,0,NA,NA,0,NA,NA,0
"Oedura lesueurii",NA,NA,0,NA,NA,0,NA,NA,0,NA,NA,0
"Pseudomugil cyanodorsalis",NA,NA,0,NA,NA,0,NA,NA,0,NA,NA,0
"Pseudotropheus estherae",NA,NA,0,NA,NA,0,NA,NA,0,NA,NA,0
"Aphanius danfordi",NA,NA,0,NA,NA,0,NA,NA,0,NA,NA,0
"Thoracocharax securis",NA,NA,0,NA,NA,0,NA,NA,0,NA,NA,0
"Sturisomatichthys aureus",NA,NA,0,NA,NA,0,NA,NA,0,NA,NA,0
"Hogna ingens",NA,NA,0,NA,NA,0,NA,NA,0,NA,NA,0
"Colisa lalia",NA,NA,0,NA,NA,0,NA,NA,0,NA,NA,0
"Dynastes hercules",NA,NA,0,NA,NA,0,NA,NA,0,NA,NA,0
"Ptychochromis insolitus",NA,NA,0,NA,NA,0,NA,NA,0,NA,NA,0
"Doryrhamphus multiannulatus",NA,NA,0,NA,NA,0,NA,NA,0,NA,NA,0
"Brachychalcinus orbicularis",NA,NA,0,NA,NA,0,NA,NA,0,NA,NA,0
"Haplochromis melanopterus",NA,NA,0,NA,NA,0,NA,NA,0,NA,NA,0
"Acanthoplus discoidalis",NA,NA,0,NA,NA,0,NA,NA,0,NA,NA,0
"Pseudotropheus acei",NA,NA,0,NA,NA,0,NA,NA,0,NA,NA,0
"Uromastyx flavifasciata",NA,NA,0,NA,NA,0,NA,NA,0,NA,NA,0
"Pseudotropheus macrophthalmus",NA,NA,0,NA,NA,0,NA,NA,0,NA,NA,0
"Puntius lateristriga",NA,NA,0,NA,NA,0,NA,NA,0,NA,NA,0
"Puntius arulius",NA,NA,0,NA,NA,0,NA,NA,0,NA,NA,0
"Rivulus marmoratus",NA,NA,0,NA,NA,0,NA,NA,0,NA,NA,0
"Pachnoda sinuata",NA,NA,0,NA,NA,0,NA,NA,0,NA,NA,0
"Asterina gibbosa",NA,NA,0,NA,NA,0,NA,NA,0,NA,NA,0
"Heloderma exasperatum",NA,NA,0,NA,NA,0,NA,NA,0,NA,NA,0
"Partula suturalis",NA,NA,0,NA,NA,0,NA,NA,0,NA,NA,0
"Aythya fuliga",NA,NA,0,NA,NA,0,NA,NA,0,NA,NA,0
"Gloydius halys",NA,NA,0,NA,NA,0,NA,NA,0,NA,NA,0
"Euproctus platycephalus",NA,NA,0,NA,NA,0,NA,NA,0,NA,NA,0
"Nephila inaurata",NA,NA,0,NA,NA,0,NA,NA,0,NA,NA,0
"Estridila troglodytes",NA,NA,0,NA,NA,0,NA,NA,0,NA,NA,0
"Poecilozonites bermudensis",NA,NA,0,NA,NA,0,NA,NA,0,NA,NA,0
"Gryllotalpa gryllotalpa",NA,NA,0,NA,NA,0,NA,NA,0,NA,NA,0
"Callithrax argentata",NA,NA,0,NA,NA,0,NA,NA,0,NA,NA,0
"Corydoras sterbai",NA,NA,0,NA,NA,0,NA,NA,0,NA,NA,0
"Pachypanchax omalonotus",NA,NA,0,NA,NA,0,NA,NA,0,NA,NA,0
"Symphosodon discus",NA,NA,0,NA,NA,0,NA,NA,0,NA,NA,0
"Thamnophis sirialis",NA,NA,2,NA,NA,0,NA,NA,0,NA,NA,0
"Protobothrops mangshanensis",NA,NA,1,NA,NA,0,NA,NA,0,NA,NA,0
"Polposipus herculeanus",NA,NA,1,NA,NA,0,NA,NA,0,NA,NA,0
"Skiffia francesae",NA,NA,0,NA,NA,0,NA,NA,0,NA,NA,0
"Phyllium giganteum",NA,NA,0,NA,NA,0,NA,NA,0,NA,NA,0
"Corydoras aeneus",NA,NA,0,NA,NA,0,NA,NA,0,NA,NA,0
"Sarotherodon linnellii",NA,NA,0,NA,NA,0,NA,NA,0,NA,NA,0
"Archimandrita tessellata",NA,NA,0,NA,NA,0,NA,NA,0,NA,NA,0
"Bothriechis supraciliaris",NA,NA,0,NA,NA,0,NA,NA,0,NA,NA,0
"Pseudotropheus socolofi",NA,NA,0,NA,NA,0,NA,NA,0,NA,NA,0
"Cyprinodon labiosus",NA,NA,0,NA,NA,0,NA,NA,0,NA,NA,0
"Sarotherodon lohbergeri",NA,NA,0,NA,NA,0,NA,NA,0,NA,NA,0
"Pachnodus fregatensis",NA,NA,0,NA,NA,0,NA,NA,0,NA,NA,0
"Gambusia holbrooki",NA,NA,0,NA,NA,0,NA,NA,0,NA,NA,0
"Girardinichtriys viviparus",NA,NA,0,NA,NA,0,NA,NA,0,NA,NA,0
"Nannostomus beckfordi",NA,NA,0,NA,NA,0,NA,NA,0,NA,NA,0
"Poloybroides typus",NA,NA,0,NA,NA,0,NA,NA,0,NA,NA,0
"Zoogoneticus tequila",NA,NA,0,NA,NA,0,NA,NA,0,NA,NA,0
"Brachypelma albopilosum",NA,NA,1,NA,NA,0,NA,NA,0,NA,NA,0
"Gromphadorhina oblongonota",NA,NA,0,NA,NA,0,NA,NA,0,NA,NA,0
"Deinacrida fallai",NA,NA,0,NA,NA,0,NA,NA,0,NA,NA,0
"Brycinus longipinnis",NA,NA,0,NA,NA,0,NA,NA,0,NA,NA,0
"Cyprinodon alvarezi",NA,NA,0,NA,NA,0,NA,NA,0,NA,NA,0
"Neolamprologus leleupi",NA,NA,0,NA,NA,0,NA,NA,0,NA,NA,0
"Partula taeniata",NA,NA,0,NA,NA,0,NA,NA,0,NA,NA,0
"Syngnathus typhle",NA,NA,0,NA,NA,0,NA,NA,0,NA,NA,0
"Aphanius dispar",NA,NA,0,NA,NA,0,NA,NA,0,NA,NA,0
"Dianema longibarbis",NA,NA,0,NA,NA,0,NA,NA,0,NA,NA,0
"Mogurnda adspersa",NA,NA,0,NA,NA,0,NA,NA,0,NA,NA,0
"Cyprinodon simus",NA,NA,0,NA,NA,0,NA,NA,0,NA,NA,0
"Pacifastacus leniusculus",NA,NA,0,NA,NA,0,NA,NA,0,NA,NA,0
"Archachatina marginata",NA,NA,0,NA,NA,0,NA,NA,0,NA,NA,0
"Achatina achatina",NA,NA,0,NA,NA,0,NA,NA,0,NA,NA,0
"Partula mirabilis",NA,NA,0,NA,NA,0,NA,NA,0,NA,NA,0
"Cebuella pygmaeus",NA,NA,0,NA,NA,0,NA,NA,0,NA,NA,0
"Phyllomedusa sauvagii",NA,NA,0,NA,NA,0,NA,NA,0,NA,NA,0
"Melanotaenia trifasciata",NA,NA,0,NA,NA,0,NA,NA,0,NA,NA,0
"Limia nigrofasciata",NA,NA,0,NA,NA,0,NA,NA,0,NA,NA,0
"Dolomedes plantarius",NA,NA,0,NA,NA,0,NA,NA,0,NA,NA,0
"Heloderma horridium",NA,NA,0,NA,NA,0,NA,NA,0,NA,NA,0
"Macropanesthia rhinoceros",NA,NA,0,NA,NA,0,NA,NA,0,NA,NA,0
"Cyprichromis leptosoma",NA,NA,0,NA,NA,0,NA,NA,0,NA,NA,0
"Altolamprologus calvus",NA,NA,0,NA,NA,0,NA,NA,0,NA,NA,0
"Hirudo verbana",NA,NA,0,NA,NA,0,NA,NA,0,NA,NA,0
"Tangara aethus",NA,NA,0,NA,NA,0,NA,NA,0,NA,NA,0
"Leporinus friderici",NA,NA,0,NA,NA,0,NA,NA,0,NA,NA,0
"Ameca splendens",NA,NA,0,NA,NA,0,NA,NA,0,NA,NA,0
"Partula radiolata",NA,NA,0,NA,NA,0,NA,NA,0,NA,NA,0
"Pseudotropheus demasoni",NA,NA,0,NA,NA,0,NA,NA,0,NA,NA,0
"Pterygoplichthys gibbiceps",NA,NA,0,NA,NA,0,NA,NA,0,NA,NA,0
"Samoana ganymedes",NA,NA,0,NA,NA,0,NA,NA,0,NA,NA,0
"Rhinatrema bivittatum",NA,NA,0,NA,NA,0,NA,NA,0,NA,NA,0
"Heliofungia actiniformis",NA,NA,0,NA,NA,0,NA,NA,0,NA,NA,0
"Stylophora pistillata",NA,NA,0,NA,NA,0,NA,NA,0,NA,NA,0
"Echinopora lamellosa",NA,NA,0,NA,NA,0,NA,NA,0,NA,NA,0
"Dendrobates truncatus",NA,NA,0,NA,NA,0,NA,NA,0,NA,NA,0
"Xenopus longipes",NA,NA,0,NA,NA,0,NA,NA,0,NA,NA,0
"Rana dalmatina",NA,NA,0,NA,NA,0,NA,NA,0,NA,NA,0
"Stegodyphus sarasinorum",NA,NA,0,NA,NA,0,NA,NA,0,NA,NA,0
"Latrodectus mactans",NA,NA,0,NA,NA,0,NA,NA,0,NA,NA,0
"Heteropoda venatoria",NA,NA,0,NA,NA,0,NA,NA,0,NA,NA,0
"Henricia oculata",NA,NA,0,NA,NA,0,NA,NA,0,NA,NA,0
"Marthasterias glacialis",NA,NA,0,NA,NA,0,NA,NA,0,NA,NA,0
"Xiphophorus couchianus",NA,NA,0,NA,NA,0,NA,NA,0,NA,NA,0
"Heterandria formosa",NA,NA,0,NA,NA,0,NA,NA,0,NA,NA,0
"Tangara fastuosa",NA,NA,0,NA,NA,0,NA,NA,0,NA,NA,0
"Scotobleps gabonicus",NA,NA,0,NA,NA,0,NA,NA,0,NA,NA,0
"Maja squinado",NA,NA,0,NA,NA,0,NA,NA,0,NA,NA,0
"Paracheirodon innesi",NA,NA,0,NA,NA,0,NA,NA,0,NA,NA,0
"Tetragonopterus argenteus",NA,NA,1,NA,NA,0,NA,NA,0,NA,NA,0
"Otocinclus flexilis",NA,NA,0,NA,NA,0,NA,NA,0,NA,NA,0
"Inpaichthys kerri",NA,NA,0,NA,NA,0,NA,NA,0,NA,NA,0
"Paracheirodon simulans",NA,NA,0,NA,NA,0,NA,NA,0,NA,NA,0
"Hyphessobrycon columbianus",NA,NA,0,NA,NA,0,NA,NA,0,NA,NA,0
"Farlowella acus",NA,NA,0,NA,NA,0,NA,NA,0,NA,NA,0
"Nannostomus eques",NA,NA,0,NA,NA,0,NA,NA,0,NA,NA,0
"Lasiodora parahybana",NA,NA,0,NA,NA,0,NA,NA,0,NA,NA,0
"Damon medius",NA,NA,0,NA,NA,0,NA,NA,0,NA,NA,0
"Brachypelma vagans",NA,NA,0,NA,NA,0,NA,NA,0,NA,NA,0
"Poecilotheria regalis",NA,NA,0,NA,NA,0,NA,NA,0,NA,NA,0
"Poecilotheria metallica",NA,NA,0,NA,NA,0,NA,NA,0,NA,NA,0
"Damon diadema",NA,NA,0,NA,NA,0,NA,NA,0,NA,NA,0
"Poecilotheria subfusca",NA,NA,0,NA,NA,0,NA,NA,0,NA,NA,0
"Scolopendra subspinipes",NA,NA,0,NA,NA,0,NA,NA,0,NA,NA,0
"Scolopendra morsitans",NA,NA,0,NA,NA,0,NA,NA,0,NA,NA,0
"Scolopendra angulata",NA,NA,0,NA,NA,0,NA,NA,0,NA,NA,0
"Stomatepia mariae",NA,NA,0,NA,NA,0,NA,NA,0,NA,NA,0
"Acarichthys heckelii",NA,NA,0,NA,NA,0,NA,NA,0,NA,NA,0
"Labeotropheus fuelleborni",NA,NA,0,NA,NA,0,NA,NA,0,NA,NA,0
"Neochromis greenwoodi",NA,NA,0,NA,NA,0,NA,NA,0,NA,NA,0
"Haplotaxodon trifasciatus",NA,NA,0,NA,NA,0,NA,NA,0,NA,NA,0
"Konia eisentrauti",NA,NA,0,NA,NA,0,NA,NA,0,NA,NA,0
"Dimidiochromis compressiceps",NA,NA,0,NA,NA,0,NA,NA,0,NA,NA,0
"Stomatepia pindu",NA,NA,0,NA,NA,0,NA,NA,0,NA,NA,0
"Geophagus brasiliensis",NA,NA,0,NA,NA,0,NA,NA,0,NA,NA,0
"Tilapia guinasana",NA,NA,0,NA,NA,0,NA,NA,0,NA,NA,0
"Julidochromis regani",NA,NA,0,NA,NA,0,NA,NA,0,NA,NA,0
"Julidochromis transcriptus",NA,NA,0,NA,NA,0,NA,NA,0,NA,NA,0
"Pterophyllum leopoldi",NA,NA,0,NA,NA,0,NA,NA,0,NA,NA,0
"Hirudo medicinalis",NA,NA,0,NA,NA,0,NA,NA,0,NA,NA,0
"Heteractis crispa",NA,NA,0,NA,NA,0,NA,NA,0,NA,NA,0
"Eledone cirrhosa",NA,NA,0,NA,NA,0,NA,NA,0,NA,NA,0
"Barbus barbus",NA,NA,0,NA,NA,0,NA,NA,0,NA,NA,0
"Rasbora elegans",NA,NA,0,NA,NA,0,NA,NA,0,NA,NA,0
"Hypophthalmichthys molitrix",NA,NA,0,NA,NA,0,NA,NA,0,NA,NA,0
"Pseudorasbora parva",NA,NA,0,NA,NA,0,NA,NA,0,NA,NA,0
"Rasbora daniconius",NA,NA,0,NA,NA,0,NA,NA,0,NA,NA,0
"Cyprinodon meeki",NA,NA,0,NA,NA,0,NA,NA,0,NA,NA,0
"Cyprinodon beltrani",NA,NA,0,NA,NA,0,NA,NA,0,NA,NA,0
"Cyprinodon esconditus",NA,NA,0,NA,NA,0,NA,NA,0,NA,NA,0
"Cyprinodon maya",NA,NA,0,NA,NA,0,NA,NA,0,NA,NA,0
"Homarus gammarus",NA,NA,0,NA,NA,0,NA,NA,0,NA,NA,0
"Nephrops norvegicus",NA,NA,0,NA,NA,0,NA,NA,0,NA,NA,0
"Galathea strigosa",NA,NA,0,NA,NA,0,NA,NA,0,NA,NA,0
"Periplaneta americana",NA,NA,0,NA,NA,0,NA,NA,0,NA,NA,0
"Periplaneta australasiae",NA,NA,0,NA,NA,0,NA,NA,0,NA,NA,0
"Potamotrygon hystrix",NA,NA,0,NA,NA,0,NA,NA,0,NA,NA,0
"Conger conger",NA,NA,0,NA,NA,0,NA,NA,0,NA,NA,0
"Siganus corallinus",NA,NA,0,NA,NA,0,NA,NA,0,NA,NA,0
"Chaetodon guttatissimus",NA,NA,0,NA,NA,0,NA,NA,0,NA,NA,0
"Sargocentron rubrum",NA,NA,0,NA,NA,0,NA,NA,0,NA,NA,0
"Genicanthus melanospilos",NA,NA,0,NA,NA,0,NA,NA,0,NA,NA,0
"Pomacanthus imperator",NA,NA,0,NA,NA,0,NA,NA,0,NA,NA,0
"Pomacentrus alleni",NA,NA,0,NA,NA,0,NA,NA,0,NA,NA,0
"Chrysiptera cyanea",NA,NA,0,NA,NA,0,NA,NA,0,NA,NA,0
"Chromis insolata",NA,NA,0,NA,NA,0,NA,NA,0,NA,NA,0
"Centrolabrus exoletus",NA,NA,0,NA,NA,0,NA,NA,0,NA,NA,0
"Chromis margaritifer",NA,NA,0,NA,NA,0,NA,NA,0,NA,NA,0
"Chromis acares",NA,NA,0,NA,NA,0,NA,NA,0,NA,NA,0
"Macropharyngodon bipartitus",NA,NA,0,NA,NA,0,NA,NA,0,NA,NA,0
"Siganus doliatus",NA,NA,0,NA,NA,0,NA,NA,0,NA,NA,0
"Genicanthus lamarck",NA,NA,0,NA,NA,0,NA,NA,0,NA,NA,0
"Chaetodon falcula",NA,NA,0,NA,NA,0,NA,NA,0,NA,NA,0
"Halichoeres chrysus",NA,NA,0,NA,NA,0,NA,NA,0,NA,NA,0
"Chaetodon rafflesii",NA,NA,0,NA,NA,0,NA,NA,0,NA,NA,0
"Labrus mixtus",NA,NA,0,NA,NA,0,NA,NA,0,NA,NA,0
"Ctenolabrus rupestris",NA,NA,0,NA,NA,0,NA,NA,0,NA,NA,0
"Apolemichthys trimaculatus",NA,NA,0,NA,NA,0,NA,NA,0,NA,NA,0
"Arothron stellatus",NA,NA,0,NA,NA,0,NA,NA,0,NA,NA,0
"Spinachia spinachia",NA,NA,0,NA,NA,0,NA,NA,0,NA,NA,0
"Allopeas clavulinum",NA,NA,0,NA,NA,0,NA,NA,0,NA,NA,0
"Euglandina rosea",NA,NA,0,NA,NA,0,NA,NA,0,NA,NA,0
"Polypterus bichir",NA,NA,0,NA,NA,0,NA,NA,0,NA,NA,0
"Valenciennea sexguttata",NA,NA,0,NA,NA,0,NA,NA,0,NA,NA,0
"Gobiodon okinawae",NA,NA,0,NA,NA,0,NA,NA,0,NA,NA,0
"Tarentola mindiae",NA,NA,0,NA,NA,0,NA,NA,0,NA,NA,0
"Lonchura quinticolor",NA,NA,0,NA,NA,0,NA,NA,0,NA,NA,0
"Heliconius erato",NA,NA,0,NA,NA,0,NA,NA,0,NA,NA,0
"Papilio thoas",NA,NA,0,NA,NA,0,NA,NA,0,NA,NA,0
"Osteoglossum ferreirai",NA,NA,0,NA,NA,0,NA,NA,0,NA,NA,0
"Aspidoras albater",NA,NA,0,NA,NA,0,NA,NA,0,NA,NA,0
"Corydoras sychri",NA,NA,0,NA,NA,0,NA,NA,0,NA,NA,0
"Tinca tinca",NA,NA,0,NA,NA,0,NA,NA,0,NA,NA,0
"Chilodus gracilis",NA,NA,0,NA,NA,0,NA,NA,0,NA,NA,0
"Leporinus fasciatus",NA,NA,0,NA,NA,0,NA,NA,0,NA,NA,0
"Chilodus punctatus",NA,NA,0,NA,NA,0,NA,NA,0,NA,NA,0
"Dianema urostriatum",NA,NA,0,NA,NA,0,NA,NA,0,NA,NA,0
"Corydoras axelrodi",NA,NA,0,NA,NA,0,NA,NA,0,NA,NA,0
"Megalechis thoracata",NA,NA,0,NA,NA,0,NA,NA,0,NA,NA,0
"Corydoras panda",NA,NA,0,NA,NA,0,NA,NA,0,NA,NA,0
"Hemiodus gracilis",NA,NA,0,NA,NA,0,NA,NA,0,NA,NA,0
"Triportheus rotundatus",NA,NA,0,NA,NA,0,NA,NA,0,NA,NA,0
"Corydoras similis",NA,NA,0,NA,NA,0,NA,NA,0,NA,NA,0
"Metynnis hypsauchen",NA,NA,0,NA,NA,0,NA,NA,0,NA,NA,0
"Corydoras metae",NA,NA,0,NA,NA,0,NA,NA,0,NA,NA,0
"Corydoras robineae",NA,NA,0,NA,NA,0,NA,NA,0,NA,NA,0
"Leptobarbus hoevenii",NA,NA,0,NA,NA,0,NA,NA,0,NA,NA,0
"Chalceus erythrurus",NA,NA,0,NA,NA,0,NA,NA,0,NA,NA,0
"Callichthys callichthys",NA,NA,0,NA,NA,0,NA,NA,0,NA,NA,0
"Ilyodon whitei",NA,NA,0,NA,NA,0,NA,NA,0,NA,NA,0
"Allotoca goslinei",NA,NA,0,NA,NA,0,NA,NA,0,NA,NA,0
"Fundulus bermudae",NA,NA,0,NA,NA,0,NA,NA,0,NA,NA,0
"Paretroplus maculatus",NA,NA,0,NA,NA,0,NA,NA,0,NA,NA,0
"Girardinichthys viviparus",NA,NA,0,NA,NA,0,NA,NA,0,NA,NA,0
"Paretroplus menarambo",NA,NA,0,NA,NA,0,NA,NA,0,NA,NA,0
"Chapalichthys pardalis",NA,NA,0,NA,NA,0,NA,NA,0,NA,NA,0
"Characodon lateralis",NA,NA,0,NA,NA,0,NA,NA,0,NA,NA,0
"Aphanius apodus",NA,NA,1,NA,NA,0,NA,NA,0,NA,NA,0
"Glossolepis dorityi",NA,NA,0,NA,NA,0,NA,NA,0,NA,NA,0
"Chilatherina bleheri",NA,NA,0,NA,NA,0,NA,NA,0,NA,NA,0
"Oxycirrhites typus",NA,NA,0,NA,NA,0,NA,NA,0,NA,NA,0
"Tenebrio molitor",NA,NA,0,NA,NA,0,NA,NA,0,NA,NA,0
"Syngnathus rostellatus",NA,NA,0,NA,NA,0,NA,NA,0,NA,NA,0
"Corythoichthys intestinalis",NA,NA,0,NA,NA,0,NA,NA,0,NA,NA,0
"Hippocampus spinosissimus",NA,NA,0,NA,NA,0,NA,NA,0,NA,NA,0
"Hippocampus trimaculatus",NA,NA,0,NA,NA,0,NA,NA,0,NA,NA,0
"Varanus ornatus",NA,NA,0,NA,NA,0,NA,NA,0,NA,NA,0
"Crotalus vegrandis",NA,NA,0,NA,NA,0,NA,NA,0,NA,NA,0
"Naja nubiae",NA,NA,0,NA,NA,0,NA,NA,0,NA,NA,0
"Diplolaemus bibronii",NA,NA,0,NA,NA,0,NA,NA,0,NA,NA,0
"Amblema plicata",NA,NA,0,NA,NA,0,NA,NA,0,NA,NA,0
"Tritogonia verrucosa",NA,NA,0,NA,NA,0,NA,NA,0,NA,NA,0
"Lampsilis cardium",NA,NA,0,NA,NA,0,NA,NA,0,NA,NA,0
"Gibbula cineraria",NA,NA,0,NA,NA,0,NA,NA,0,NA,NA,0
"Dendrobates azureus",NA,NA,0,NA,NA,0,NA,NA,0,NA,NA,0
"Peruphasma schultei",NA,NA,0,NA,NA,0,NA,NA,0,NA,NA,0
"Nectarinia senegalensis",NA,NA,0,NA,NA,0,NA,NA,0,NA,NA,0
"Dictyophorus spumans",NA,NA,0,NA,NA,0,NA,NA,0,NA,NA,0
"Maylandia estherae",NA,NA,0,NA,NA,0,NA,NA,0,NA,NA,0
"Eolophus roseicapillus",NA,NA,0,NA,NA,0,NA,NA,0,NA,NA,0
"Osteochilus vittatus",NA,NA,0,NA,NA,0,NA,NA,0,NA,NA,0
"Dawkinsia tambraparniei",NA,NA,0,NA,NA,0,NA,NA,0,NA,NA,0
"Cherax destructor",NA,NA,0,NA,NA,0,NA,NA,0,NA,NA,0
"Coenobita perlatus",NA,NA,0,NA,NA,0,NA,NA,0,NA,NA,0
"Astacus leptodactylus",NA,NA,0,NA,NA,0,NA,NA,0,NA,NA,0
"Neocaridina davidi",NA,NA,0,NA,NA,0,NA,NA,0,NA,NA,0
"Archimandrita tesselata",NA,NA,0,NA,NA,0,NA,NA,0,NA,NA,0
"Pareulype berberata",NA,NA,0,NA,NA,0,NA,NA,0,NA,NA,0
"Gryllus campestris",NA,NA,0,NA,NA,0,NA,NA,0,NA,NA,0
"Bertia cambojiensis",NA,NA,0,NA,NA,0,NA,NA,0,NA,NA,0
"Epibolus pulchripes",NA,NA,0,NA,NA,0,NA,NA,0,NA,NA,0
"Cyanochen cyanopterus",NA,NA,0,NA,NA,0,NA,NA,0,NA,NA,0
"Caligo eurilochus",NA,NA,0,NA,NA,0,NA,NA,0,NA,NA,0
"Actias selene",NA,NA,0,NA,NA,0,NA,NA,0,NA,NA,0
"Papilio memnon",NA,NA,0,NA,NA,0,NA,NA,0,NA,NA,0
"Heliconius sara",NA,NA,0,NA,NA,0,NA,NA,0,NA,NA,0
"Heliconius melpomene",NA,NA,0,NA,NA,0,NA,NA,0,NA,NA,0
"Myscelia cyaniris",NA,NA,0,NA,NA,0,NA,NA,0,NA,NA,0
"Papilio ambrax",NA,NA,0,NA,NA,0,NA,NA,0,NA,NA,0
"Hypolimnas bolina",NA,NA,0,NA,NA,0,NA,NA,0,NA,NA,0
"Attacus atlas",NA,NA,0,NA,NA,0,NA,NA,0,NA,NA,0
"Pachypanchax arnoulti",NA,NA,0,NA,NA,0,NA,NA,0,NA,NA,0
"Aphanius saldae",NA,NA,0,NA,NA,0,NA,NA,0,NA,NA,0
"Valencia robertae",NA,NA,0,NA,NA,0,NA,NA,0,NA,NA,0
"Partula navigatoria",NA,NA,0,NA,NA,0,NA,NA,0,NA,NA,0
"Partula tohiveana",NA,NA,0,NA,NA,0,NA,NA,0,NA,NA,0
"Partula dentifera",NA,NA,0,NA,NA,0,NA,NA,0,NA,NA,0
"Partula hyalina",NA,NA,0,NA,NA,0,NA,NA,0,NA,NA,0
"Partula mooreana",NA,NA,0,NA,NA,0,NA,NA,0,NA,NA,0
"Idea leuconoe",NA,NA,0,NA,NA,0,NA,NA,0,NA,NA,0
"Eurycantha calcarata",NA,NA,0,NA,NA,0,NA,NA,0,NA,NA,0
"Blaps mucronata",NA,NA,0,NA,NA,0,NA,NA,0,NA,NA,0
"Eleodes armata",NA,NA,0,NA,NA,0,NA,NA,0,NA,NA,0
"Phalacrognathus muelleri",NA,NA,0,NA,NA,0,NA,NA,0,NA,NA,0
"Euscorpius alpha",NA,NA,0,NA,NA,0,NA,NA,0,NA,NA,0
"Callithrix pygmaea",NA,NA,0,NA,NA,0,NA,NA,0,NA,NA,0
