"ID","Sex","age_months","Infant","Castrated","Wild","taxa_id","source_id","source_name","Date","Year","Comments","Masspresent","Hyperplasia","Necropsy","Metastasis","primary_tumor","Malignant","Type","Tissue","Location","Kingdom","Phylum","Class","Orders","Family","Genus","Species","common_name","service_name","Zoo","Aza","Institute","Approved","account_id","female_maturity","male_maturity","Gestation","Weaning","Infancy","litter_size","litters_year","interbirth_interval","birth_weight","weaning_weight","adult_weight","growth_rate","max_longevity","metabolic_rate"
79635,"male",216,0,-1,0,6,"85091","SOUTHERN BLACK RHINOCEROS","13-May",2014,"VASCULAR NECROSIS AND HEMORRHAGE TONGUE AND FACIAL SOFT TISSUES (RESEMBLING SNAKEBITE). This 18-year-old male southern black rhinoceros has a history of cutaneous melanomas in multiple locations. Recently the animal has had a low white blood cell count but no evidence of illness. The animal was subsequently found dead unexpectedly. A trail of saliva was present in the pen suggesting that the animal regurgitated and paced before falling dead. Necropsy revealed good body condition adequate fat stores marked submandibular swelling hemorrhage in the ventral tongue bloody saliva from the mouth a focus of broken skin at the caudal edge of the lateral digit and one caudal to that on the left front foot severely edematous tissue in the ventral mandible associated with leakage of clear fluid edematous tissue lateral to the epiglottis although the glottis and epiglottis were otherwise normal. Copious amounts of sanguineous thick foam extended down the trachea to the bronchi and into some of the bronchioles. The dependent lung was reddened. The tongue was severely swollen and protruding from the mouth occupying nearly the entire oral cavity and hemorrhage was present on the ventral surface of the tongue. Two slightly raised black masses were in the maxillary gingiva on the left side and some calculus was embedded in the maxillary gingival tissue near the caudal molars. Cysts containing white material were in the thyroids. The duodenal and jejunal mucosa were multifocally reddened. Gastric contents were alfalfa and no other plant material. No other remarkable findings were noted.",0,0,1,-1,0,-1,"melanoma","Epithelial","skin","Animalia","Chordata","Mammalia","Perissodactyla","Rhinocerotidae","Diceros","Diceros bicornis","Black Rhinoceros","NWZP",0,1,1,-1,2912,60.0262984878369,74.0959894806049,15.5818540433925,20.8415516107824,20.8415516107824,-1,0.4,34.81,36500,426865.48,1100000,0.0033,588,-1
55097,"female",48,0,-1,0,7,"59764","OPOSSUM","8-Jul",2010,"OSTEOARTHRITIS MYOCARDIAL FIBROSIS CHRONIC MYOSITIS CYSTIC BILIARY HYPERPLASIA HEP[ATIC FIBROSIS. This 4-year-old female opossum had a previous diagnosis of spindle cell sarcoma. The animal developed ataxia in the rear limb and was humanely euthanized.",0,0,1,-1,0,-1,"sarcoma","Gastrointestinal","liver","Animalia","Chordata","Mammalia","Didelphimorphia","Didelphidae","Philander","Didelphis marsupialis","Oppossum","NWZP",1,1,0,-1,2662,5.85141354372124,7.88954635108481,0.394477317554241,3.09007232084155,3.09007232084155,7.09,-1,6.57,0.2,96,1530,-1,50.4,611.34
56549,"male",36,0,1,0,7,"60433","VIRGINIA OPOSSUM","15-Aug",2011,"DEGENERATIVE CARDIOPULMONARY DISEASE RETINAL MELANOMA. This approximately 3-year-old spayed Virginia opossum developed hind limb weakness and an unsteady gait similar to that of a male opossum that was a sibling. Necropsy revealed small nodules in the subcutis of the chest fat deposits around the eyes heart and abdominal viscera mottled liver and some pink raised nodules in the lungs.",1,0,1,-1,1,-1,"melanoma","Respiratory","lung","Animalia","Chordata","Mammalia","Didelphimorphia","Didelphidae","Philander","Didelphis marsupialis","Oppossum","NWZP",0,0,0,-1,-1,5.85141354372124,7.88954635108481,0.394477317554241,3.09007232084155,3.09007232084155,7.09,-1,6.57,0.2,96,1530,-1,50.4,611.34
101468,"male",192,0,-1,0,11,"109158","LEOPARD","22-Mar",2016,"POLIOENCEPHALOMALACIA DEGENERATIVE CARDIAC AND RENAL DISEASE HYPERTENSION ISLET AMYLOIDOSIS EOSINOPHILIC ENTERITIS ASPIRATION. This 16-year-old male leopard has a three-month history of a sarcoma on the toe and has a one-week history of neurologic disorder with cortical blindness following an anesthetic procedure. The animal was showing some improvement before being found lethargic in the morning deteriorating throughout the day followed by a seizure in the afternoon and cardiac arrest. Necropsy revealed partial dehiscence at the toe amputation site muscle atrophy around the hips and shoulders fractured bottom two canines with exposure of the pulp in the left canine a small amount of digesta in the small intestine some ingesta in the stomach a 1 cm. cyst-like mass in the right hepatic lobe and a 1 mm. black slightly raised mass on the edge of the right hepatic lobe. The right kidney was subjectively larger than the left and had an area of dark discoloration on the serosal surface that extended into the parenchyma. The urinary bladder had five pale to dark red raised cyst-like masses up to 1 cm. in greatest dimension. A small focus of the frontal cortex was paler than the surrounding tissue at about the level of the optic chiasm.",0,0,1,-1,0,-1,"sarcoma","Endocrine","adrenal medulla","Animalia","Chordata","Mammalia","Carnivora","Felidae","Panthera","Panthera pardus",NA,"NWZP",1,1,0,-1,15186,30.802103879027,25.34516765286,3.18869165023011,3.61604207758054,3.61604207758054,2.14,1.25,14.6,550,1940,53750,0.0079,327.6,-1
54755,"female",132,0,1,0,12,"59266","TIGER","19-Oct",2009,"EUTHANASIA CHRONIC NEPHRITIS ULCERATIVE STOMATITIS MYOCARDIAL FIBROSIS HEPATIC HEMOSIDEROSIS CHRONIC ENTERITIS. This 11-year-old spayed female tiger had a prior diagnosis of epitheliotropic T-cell lymphoma. Treatment was initiated; however skin erosions eventually recurred. Recently anorexia anemia and azotemia were diagnosed. The animal was humanely euthanized. At necropsy areas of alopecia were noted. Erosions were present in the oral cavity and esophagus. Hemorrhage was noted in the GI tracts. Lungs were edematous. Kidneys were pale tan and irregular.",0,0,1,-1,0,-1,"lymphoma","Round Cell","lymph nodes","Animalia","Chordata","Mammalia","Carnivora","Felidae","Panthera","Panthera tigris","White Bengal Tiger","NWZP",0,0,0,-1,-1,41.6831032215648,46.5154503616042,3.45167652859961,3.97764628533859,3.97764628533859,2.5,0.4,24.65,1190,11003,119700,-1,315.6,28497
64533,"female",270,0,-1,0,12,"69223","TIGER","8-Feb",2013,"ISLET AMYLOIDOSIS REACTIVE SYSTEMIC AMYLOIDOSIS CUTANEOUS ABSCESS. This 22.5-year-old female tiger was diagnosed four years earlier with cutaneous hemangiosarcoma. For the past few months it was noted that this animal was losing weight and was draining from a malodorous mass. Radiographs revealed possible metastasis in the lungs and a possible mass in the caudal abdomen. Euthanasia was performed for humane and diagnostic purposes. Necropsy revealed cystic ovaries multiple firm masses in both uterine horns multiple small white firm nodules throughout the lungs small kidneys with irregular surfaces and pale parenchyma thick pancreas with multiple firm nodules thick duodenum with multiple firm masses a few enlarged jejunal lymph nodes and irregular slightly friable liver.",0,0,1,-1,0,-1,"hemangiosarcoma","Epithelial","skin","Animalia","Chordata","Mammalia","Carnivora","Felidae","Panthera","Panthera tigris","White Bengal Tiger","NWZP",1,1,0,1,14883,41.6831032215648,46.5154503616042,3.45167652859961,3.97764628533859,3.97764628533859,2.5,0.4,24.65,1190,11003,119700,-1,315.6,28497
79793,"male",168,0,-1,0,12,"85440","TIGER","7-Dec",2012,"VASCULITIS NEPHROSCLEROSIS EUTHANASIA. This 14-year-old male tiger had a four day period of partial inappetence and abdominal discomfort with progressive unilateral epistaxis on the right side of one month’s duration. Over the past several months the tiger had been observed to be coughing. The tiger has a history of eosinophilic granuloma lymphoma and is currently in remission following chemotherapy. The tiger also has inflammatory bowel disease and chronic renal disease. Endoscopy revealed a small soft tissue mass in the proximal turbinates and euthanasia was performed for humane and diagnostic purposes. Necropsy revealed fibrotic kidneys colonic ulceration and intestinal thickening soft palate ulceration a white nodular nasal lesion thickening of the apical aspect of the urinary bladder and a focal raised lesion of the musculature over the cervical spine.",0,0,1,-1,0,-1,"lymphoma","Round Cell","lymph nodes","Animalia","Chordata","Mammalia","Carnivora","Felidae","Panthera","Panthera tigris","White Bengal Tiger","NWZP",1,0,0,-1,1773,41.6831032215648,46.5154503616042,3.45167652859961,3.97764628533859,3.97764628533859,2.5,0.4,24.65,1190,11003,119700,-1,315.6,28497
37440,"male",36,0,-1,0,69,"40617","PUDU","27-Apr",2000,"EUTHANASIA RUMENITIS LYMPHADENITIS INANITION. This 3-year/10-month-old male pudu was humanely euthanized. It presented severely hypothermic and hypoglycemic recumbent cold and nonresponsive. Despite supportive care the pudu’s condition did not improve. It also had a chronic history of elevated alkaline phosphatase and globulins. Recent blood work showed elevated AST alkaline phosphatase globulin and phosphorus as well as a hematocrit of 26% and monocytosis of 8%. At necropsy the pudu was moderately thin and dehydrated. There was approximately 200 ml. of serosanguineous fluid within the thoracic and abdominal cavity. Thoracic lymph nodes were prominent. There were several small ovoid firm white masses attached to the mesentery. The spleen was small and whitish-gray. The adrenal glands appeared irregular in shape and texture. The pancreas was pink/brown. Analysis of the thoracic fluid revealed effusion suggestive of intrathoracic lymphosarcoma with a monomorphic population of immature lymphocytes. Sections of heart lung liver kidney lymph node and abdominal mass were frozen for future use if needed.",0,0,1,-1,0,-1,"lymphosarcoma","Endocrine","pancreas","Animalia","Chordata","Actinopterygii","Accipitriformes","Acipenseridae","Acipenseridae",NA,NA,"NWZP",1,0,0,-1,-1,-1,-1,-1,-1,-1,-1,-1,-1,-1,-1,-1,-1,-1,-1
48039,NA,-1,0,-1,0,69,"51779","SCULPIN","9-Sep",2010,"SEMINOMA. This adult sculpin has a three day history of being upside-down in the tank. The fish appeared lethargic. Examination revealed anchor worms on the body cloudy left eye red gills increased gilling activity and reddening of the pectoral rays. The fish died and necropsy revealed a mottled fatty liver tapeworms in the intestine reduced body fat a 3 cm. mass involving the left reproductive organ and a 0.5 cm. mass involving the right reproductive organ.",1,0,1,-1,1,-1,"seminoma","Gastrointestinal","oral","Animalia","Chordata","Actinopterygii","Accipitriformes","Acipenseridae","Acipenseridae",NA,NA,"NWZP",0,0,0,-1,-1,-1,-1,-1,-1,-1,-1,-1,-1,-1,-1,-1,-1,-1,-1
31068,"female",84,0,-1,0,119,"33833","LOVEBIRD","10-Apr",2008,"EMACIATION. This 5- to 7-year-old female lovebird is from a multiple bird aviary in which the male conspecific died due to complications associated with pulmonary small cell carcinoma. Necropsy revealed no abnormalities.",0,0,1,-1,0,-1,"carcinoma","Respiratory","lung","Animalia","Chordata","Aves","Psittaciformes","Psittacidae","Agapornis","Agapornis fischeri",NA,"NWZP",0,0,0,-1,-1,-1,-1,-1,-1,4.98420490826884,5.5,-1,-1,-1,-1,48.3,-1,151.2,-1
80720,"female",120,0,-1,0,125,"86422","BROAD BANDED COPPERHEAD","27-Jan",2004,"SHOCK. This approximately 10-year-old female copperhead was found dead in the enclosure. It had a previous squamous cell carcinoma removed from the tail. At necropsy there was a small amount of internal body fat stores. There were two round raised approximately 2 mm. in diameter lesions on the hepatic capsular surface. The gastrointestinal tract was empty except for foaming mucus within the stomach. The proximal small intestine was dilated and dark purple.",0,0,1,-1,0,-1,"carcinoma",NA,NA,"Animalia","Chordata","Reptilia","Squamata","Viperidae","Agkistrodon","Agkistrodon contortrix",NA,"NWZP",1,0,0,1,4201,23.9973701512163,23.9973701512163,3.53385930309007,-1,73,5.65,-1,-1,-1,-1,950,-1,357.6,-1
88763,"female",168,0,-1,0,125,"95053","BROAD-BANDED COPPERHEAD","25-Feb",2009,"CUTANEOUS MELANOMA ATHEROSCLEROSIS EUTHANASIA. This greater than 14-year-old female copperhead has a history of neoplasia involving the skin and fly-strike is present in the area where the tumor is necrotic. Prior to death the snake had a history of hypercholesterolemia. Euthanasia was performed for humane and diagnostic purposes.",1,0,1,0,0,0,"melanoma","Epithelial","skin","Animalia","Chordata","Reptilia","Squamata","Viperidae","Agkistrodon","Agkistrodon contortrix",NA,"NWZP",1,0,0,-1,-1,23.9973701512163,23.9973701512163,3.53385930309007,-1,73,5.65,-1,-1,-1,-1,950,-1,357.6,-1
75400,"female",120,0,-1,0,171,"80774","BLACK HOWLER MONKEY","23-Jan",2006,"EUTHANASIA COLITIS ENTERITIS INTUSSUSCEPTION BRONCHOPNEUMONIA. This 10-year-old female howler monkey had a history of partial anorexia and weight loss. An exploratory laparotomy revealed thickening of the cecum and enlargement of the mesenteric lymph nodes. Biopsies revealed lymphoid follicular hyperplasia or possible emerging lymphoma. The animal’s condition continued to decline despite treatment with lethargy and vomiting and it was humanely euthanized. At necropsy the body was thin to emaciated. An intussusception of the distal small intestine and ileum was identified with marked hemorrhage and friable intestine in the distal portion. The cecum and proximal colon were thickened and had foci of hemorrhage beneath the serosa.",0,0,1,-1,0,-1,"lymphoma","Round Cell","lymph nodes","Animalia","Chordata","Mammalia","Primates","Atelidae","Alouatta","Alouatta caraya",NA,"NWZP",1,0,0,-1,-1,38.3629191321499,30.5062458908613,6.14727153188692,6.41025641025641,6.41025641025641,1.01,1.14,11.11,187.5,-1,5462.5,-1,388.8,-1
30420,NA,192,0,-1,0,286,"30461","CAPE TEAL","19-Feb",2007,"EUTHANASIA OSTEOARTHRITIS CHRONIC UVEITIS CATARACT SEMINOMA URATE STASIS. This 16-year-old mal teal had a long-term history of chronic uveitis and blindness. Recently weight loss and lameness were also noted. The animal was humanely euthanized. Radiographically moderate to severe osteoarthritis was noted in the stifles. At necropsy the animal was thin with minimal fat depots and muscle wasting. The left eye was shrunken and scarred. The right eye was opaque with foci of yellow and dark black.",1,0,1,-1,1,-1,"seminoma","Mesenchymal","striated muscle","Animalia","Chordata","Aves","Anseriformes","Anatidae","Anas","Anas capensis",NA,"NWZP",0,0,0,-1,-1,-1,-1,-1,-1,1,8.401114206,-1,-1,23.4,-1,403.3333333,-1,-1,-1
31614,NA,48,0,-1,0,292,"34701","RED BILLED PINTAIL DUCK","18-Apr",2005,"SEMINOMA INANITION. This 4-year-old duck was found dead without premonitory signs. At necropsy a large mass was present in the anterior coelom along the right side. The bird was thin.",1,0,1,-1,1,-1,"seminoma",NA,NA,"Animalia","Chordata","Aves","Anseriformes","Anatidae","Anas","Anas erythrorhyncha",NA,"NWZP",1,0,0,1,4201,-1,-1,-1,-1,1,-1,-1,-1,-1,-1,577.25,-1,-1,-1
50222,"male",96,0,-1,0,301,"36951","PEKIN DUCK","26-Sep",2007,"SEMINOMA EUTHANASIA. This 8-year-old male Pekin duck has a two week history of anorexia and polydyspnea with mild anemia and slightly high lead level. Radiographs revealed a mass in the cranial dorsal coelom and exploratory surgery revealed a 5 cm. testicular neoplasm that was nonresectable and euthanasia was performed for humane and diagnostic purposes.",1,0,1,0,0,0,"seminoma","Reproductive","testis","Animalia","Chordata","Aves","Anseriformes","Anatidae","Anas","Anas platyrhynchos","Aylesbury Duck","NWZP",0,0,1,-1,14983,11.9986850756082,11.9986850756082,0.854700854700855,-1,36.5,10.515,-1,-1,32.8,-1,1048.1,0.12,349.2,-1
69165,"male",156,0,-1,0,301,"74440","INDIAN RUNNER DUCK","23-Aug",2012,"SEMINOMAS. This 13-year-old male duck had cataracts and impaired vision. Euthanasia was performed for humane and diagnostic purposes. Necropsy revealed active testicles and the testicles had irregular consistency with firm and hard regions.",1,0,1,-1,1,-1,"seminoma","Reproductive","testis","Animalia","Chordata","Aves","Anseriformes","Anatidae","Anas","Anas platyrhynchos","Aylesbury Duck","NWZP",1,1,0,1,760,11.9986850756082,11.9986850756082,0.854700854700855,-1,36.5,10.515,-1,-1,32.8,-1,1048.1,0.12,349.2,-1
132874,"male",84.23,0,-1,0,319,"1185416.0","Toad","40723.0",-1,"\_ Oral cavity: Moderate chronic stomatitis Liver: Mild melanomacrophage hyperplasia Skin: Focal degenerating parasite Comment: A cause of death was not evident; nor was a cause for the most prominent lesion; stomatitis; visible. A source of the seeping white material noted grossly was not identified; but this may have been related to the stomatitis.",1,0,1,0,1,0,"melanoma","Gastrointestinal","liver","Animalia","Chordata","Amphibia","Anura","Bufonidae","Anaxyrus","Anaxyrus hemiophrys",NA,"MSU",1,0,0,1,-1,23.9973701512163,23.9973701512163,-1,-1,73,-1,-1,-1,-1,-1,-1,-1,159.6,-1
138578,"female",200.83,0,-1,0,319,"2184111.0","Toad","42719.0",-1,"1. Liver: Melanomacrophage hyperplasia; mild Comment: Lesions were limited to mild hepatic melanomacrophage hyperplasia. No additional lesions were found on sections examined to explain the cause of death.",1,0,1,0,0,0,"melanoma","Gastrointestinal","liver","Animalia","Chordata","Amphibia","Anura","Bufonidae","Anaxyrus","Anaxyrus hemiophrys",NA,"MSU",1,0,0,1,-1,23.9973701512163,23.9973701512163,-1,-1,73,-1,-1,-1,-1,-1,-1,-1,159.6,-1
139570,"female",109.6,0,-1,0,319,"2349058.0","Toad","43032.0",-1,"Kidney: Severe tubular degeneration and necrosis; crystal formation; and mild chronic glomerulonephritis Liver: Moderate melanomacrophage center hyperplasia Skeletal muscle: Moderate multifocal myofiber degeneration Comment: The most severe lesion and the likely cause of death in this toad was the renal tubular degeneration. This is most likely due to physiologic or toxic damage; and not an infectious cause. Degeneration may also play a role. The liver and skeletal muscle changes may be a result of the renal disease; but are non-specific",1,0,1,0,0,0,"melanoma","Gastrointestinal","liver","Animalia","Chordata","Amphibia","Anura","Bufonidae","Anaxyrus","Anaxyrus hemiophrys",NA,"MSU",1,0,0,1,-1,23.9973701512163,23.9973701512163,-1,-1,73,-1,-1,-1,-1,-1,-1,-1,159.6,-1
132221,NA,1205.33,0,-1,0,334,"1226884.0","Salamander","40827.0",-1,"\_ Kidney: Severe; acute tubular necrosis Liver: Severe melanomacrophage center hyperplasia Coelomic mesentery: Mild multifocal necrosis Comment: A specific cause of death was not clear; but the renal tubular necrosis suggests a toxic or hypoxic event. Melanomacrophage centers increase in size and number in response to environmental; pathogen; or metabolic stresses - typically over a prolonged period of time. The marked increase in the number and size in this animal suggests there may have been some on-going environmental stress; perhaps with a final decompensation resulting in the renal lesion.",1,0,1,0,0,0,"melanoma","Gastrointestinal","liver","Animalia","Chordata","Amphibia","Caudata","Plethodontidae","Aneides","Aneides lugubris",NA,"MSU",1,0,0,1,-1,35.9960552268245,35.9960552268245,-1,-1,109.5,14.5,-1,-1,-1,-1,-1,-1,-1,-1
132840,"male",401.8,0,-1,0,334,"1650326.0","Salamander","41967.0",-1,"Liver: Vacuolar hepatopathy; diffuse Liver: Hepatic lipidosis; multifocal; mild Liver: Extramedullary hematopoiesis; mild Liver: Melanomacrophage hyperplasia; mild Spleen: Mesothelial hypertrophy Testes: Mesothelial hypertrophy Comment: The main histologic finding was diffuse hydropic change of the liver; consistent with hepatopathy of unknown cause. Hepatic dysfunction may have been the underlying cause of death as well as the coelomic effusion noted grossly. Mesothelial hypertrophy of the spleen and testes was likely secondary to the coelomic effusion. Hepatic extramedullary hematopoiesis is a common; incidental finding. Melanomacrophage hyperplasia was age-related. All tissues were moderately autolyzed. Sarah Corner; DVM; MS; Diplomate ACVP",1,0,1,0,0,0,"melanoma","Gastrointestinal","liver","Animalia","Chordata","Amphibia","Caudata","Plethodontidae","Aneides","Aneides lugubris",NA,"MSU",1,0,0,1,-1,35.9960552268245,35.9960552268245,-1,-1,109.5,14.5,-1,-1,-1,-1,-1,-1,-1,-1
17161,NA,120,0,-1,0,357,"15584","ORIENT KNIGHT ANOLE","27-Apr",2005,"AMELONITIC MELANOMA. This 10-year-old anole had a limb amputated approximately three months prior to death due to amelanotic melanoma. The animal was found dead. At necropsy masses were present in the lung and pale foci were present in the liver and kidney.",1,0,1,-1,1,-1,"melanoma","Respiratory","lung","Animalia","Chordata","Reptilia","Squamata","Dactyloidae","Anolis","Anolis equestris",NA,"NWZP",1,0,0,1,746,-1,-1,-1,-1,6.52693499892349,-1,-1,-1,-1,-1,56,-1,198,-1
63647,NA,192,0,-1,0,416,"68238","ASIAN SMALL CLAWED OTTER","6-Aug",2010,"CHRONIC NEPHRITIS MYOCARDITIS EPICARDITIS CHRONIC ENTERITIS URINARY CALCULI. This 16-year-old otter had a history of testicular seminoma. Hemorrhagic enteritis was noted; however cardiopulmonary arrest developed under anesthesia. At necropsy fat depots were markedly reduced. Organs were pale. The small intestine and cecum contained thick hemorrhagic contents. Renal calculi were noted in the kidneys.",0,0,1,-1,0,-1,"seminoma","Reproductive","testis","Animalia","Chordata","Mammalia","Carnivora","Mustelidae","Aonyx","Aonyx cinereus",NA,"NWZP",1,0,0,-1,1773,-1,-1,2.07100591715976,2.66272189349112,2.66272189349112,1.42,-1,5.98,57,-1,3000,-1,276,-1
40692,"male",528,0,-1,0,472,"42395","MACAW","2-Oct",2006,"PROVENTRICULAR DILATATION DISEASE SEMINOMA. This 44-year-old male macaw died with no prior signs of illness. The bird was found at the bottom of its cage weak and dyspneic and died at an emergency clinic. The bird had lost 300 gm. since its last routine health check. Necropsy revealed emaciation and distended abdomen. The internal exam revealed a distended proventriculus impacted with undigested seeds and other materials. The carcass appeared to be more autolyzed than expected.",1,0,1,-1,1,-1,"seminoma","Other","abdomen","Animalia","Chordata","Aves","Psittaciformes","Psittacidae","Ara","Ara ambiguus",NA,"NWZP",0,0,0,-1,5342,-1,-1,-1,-1,11.4715827253807,2.4,-1,-1,-1,-1,1300,0.119,348,-1
106343,"male",-1,0,-1,0,473,"111460","BLUE & GOLD MACAW","1-Aug",2016,"POSTSURGICAL CLOACAL OBSTRUCTION INTRATUBULAR SEMINOMA. This adult male blue and gold macaw is part of the Oregon Humane Society investigation case #13655. The animal had a chronic cloacal prolapse upon admission which was surgically repaired with a purse string suture. One week later the bird was found dead. At necropsy the animal was in thin body condition with alopecia. The purse string suture was still present but the proctodeum was swollen with urates and feces. The liver was mildly congested. There was bilateral scarring along the patagial ligaments causing poor extension of both wings which was noted antemortem as well.",1,0,1,-1,1,-1,"seminoma","Gastrointestinal","colon","Animalia","Chordata","Aves","Psittaciformes","Psittacidae","Ara","Ara ararauna",NA,"NWZP",1,1,0,1,760,-1,-1,-1,-1,17.0095881790127,-1,-1,-1,-1,-1,1030,0.126,516,-1
5117,"female",-1,0,-1,0,565,"4487","AFRICAN HEDGEHOG","5-Jan",1998,"BACTERIAL PNEUMONIA WITH SEPSIS EUTHANASIA. This adult female hedgehog had been examined six months prior to death for anorexia and dental disease. The animal presented with an acute onset of pallor lethargy and agonal breathing and was euthanized. The animal was from an area of the Children’s Zoo where a few small mammals have had mycoplasma pneumonias. A sibling of this animal was euthanized with leukemic lymphosarcoma. Necropsy revealed an absence of internal fat reserves dense lungs that sank in formalin and only scant ingesta and feces present in the alimentary tract.",0,0,1,-1,0,-1,"lymphosarcoma","Round Cell","lymph nodes","Animalia","Chordata","Mammalia","Eulipotyphla","Erinaceidae","Atelerix","Atelerix albiventris","Four-toed Hedgehog","NWZP",1,1,0,1,711,2.76134122287968,3.82807363576594,1.15055884286654,1.44641683103222,1.44641683103222,3.98,-1,-1,10,-1,500,0.039,136.8,146.7
56886,"female",60,0,-1,0,565,"67392","AFRICAN HEDGEHOG","24-Apr",2009,"VACUOLAR DEGENERATION (BRAIN SPINAL CORD). This 5-year-old female hedgehog developed progressive ataxia. Squamous cell carcinoma was diagnosed in the oral cavity. The animal was humanely euthanized. At necropsy irregular pink lesions were noted in the gingiva. Muscle wasting was noted over the hips and spine.",0,0,1,-1,0,-1,"carcinoma","Respiratory","nose","Animalia","Chordata","Mammalia","Eulipotyphla","Erinaceidae","Atelerix","Atelerix albiventris","Four-toed Hedgehog","NWZP",1,0,0,-1,-1,2.76134122287968,3.82807363576594,1.15055884286654,1.44641683103222,1.44641683103222,3.98,-1,-1,10,-1,500,0.039,136.8,146.7
60589,"female",36,0,-1,0,565,"65180","AFRICAN HEDGEHOG","7-Aug",2003,"EUTHANASIA ASTROCYTOMA CARDIOMYOPATHY. This approximately 3-year/1-month-old female hedgehog was humanely euthanized. It had acute onset of lameness of the right front limb. Evaluation revealed abnormal caudal extension of the right front limb. The animal responded to pain in the limb but was unable to flex it. Whole body radiographs revealed no abnormalities. The animal’s condition remained unchanged until July 12th at which time it was unable to flex both front limbs and was unable to ambulate eat or drink on its own. Supportive care was given. At necropsy the skin was mildly scaly. There was a 1 cm. long region of midjejunum that was dilated and filled with gas and yellow/green fluid. The spleen was enlarged.",1,0,1,-1,1,-1,"astrocytoma","Epithelial","skin","Animalia","Chordata","Mammalia","Eulipotyphla","Erinaceidae","Atelerix","Atelerix albiventris","Four-toed Hedgehog","NWZP",1,1,0,-1,11543,2.76134122287968,3.82807363576594,1.15055884286654,1.44641683103222,1.44641683103222,3.98,-1,-1,10,-1,500,0.039,136.8,146.7
66137,"female",48,0,-1,0,565,"68525","HEDGEHOG","28-Jun",2012,"DEGENERATIVE LEUKOENCEPHALOMYELOPATHY CONSISTENT WITH WOBBLY HEDGEHOG SYNDROME FIBRILLAR ASTROCYTOMA. This captive bred 4-year-old female hedgehog had progressive loss of motor control on the hind limbs over the past year. The hind limbs also appeared dark in color frequently. The animal was euthanized.",1,0,1,-1,1,-1,"astrocytoma",NA,NA,"Animalia","Chordata","Mammalia","Eulipotyphla","Erinaceidae","Atelerix","Atelerix albiventris","Four-toed Hedgehog","NWZP",1,0,0,1,206,2.76134122287968,3.82807363576594,1.15055884286654,1.44641683103222,1.44641683103222,3.98,-1,-1,10,-1,500,0.039,136.8,146.7
66483,"male",42,0,-1,0,565,"68693","HEDGEHOG","24-Jun",2008,"EUTHANASIA WHITE MATTER VACUOLIZATION PITUITARY ENLARGEMENT ENTERITIS ASTROCYTOMA. This 3.5-year-old male hedgehog presented with central blindness and dilated pupils. Ocular lesions were not identified. The animal was ataxic and was euthanized.",1,0,1,-1,1,-1,"astrocytoma","Eye","pupil","Animalia","Chordata","Mammalia","Eulipotyphla","Erinaceidae","Atelerix","Atelerix albiventris","Four-toed Hedgehog","NWZP",1,0,0,1,206,2.76134122287968,3.82807363576594,1.15055884286654,1.44641683103222,1.44641683103222,3.98,-1,-1,10,-1,500,0.039,136.8,146.7
70938,"male",12,0,-1,0,565,"76708","HEDGEHOG","21-Sep",2011,"WOBBLY HEDGEHOG SYNDROME ASTROCYTOMA CHRONIC UROCYSTITIS WITH SEPSIS PAPILLARY NECROSIS EUTHANASIA. This 1-year-old male hedgehog had a history of intermittent and mild leaning to the right which progressed to weakness ataxia and dull mentation loss of appetite and weight loss. The animal did not respond to a five day trial of meloxicam and omega-3. Euthanasia was performed for humane and diagnostic purposes.",0,0,1,0,0,0,"astrocytoma","Eye","pupil","Animalia","Chordata","Mammalia","Eulipotyphla","Erinaceidae","Atelerix","Atelerix albiventris","Four-toed Hedgehog","NWZP",1,1,0,1,15503,2.76134122287968,3.82807363576594,1.15055884286654,1.44641683103222,1.44641683103222,3.98,-1,-1,10,-1,500,0.039,136.8,146.7
71229,"female",36,0,1,0,565,"76637","HEDGEHOG","27-Sep",2001,"GEMISTOCYTIC ASTROCYTOMA HIPPOCAMUPS; NEURAXONAL DEGENERATION WITH SPONGIFORM CHANGE BRAIN AND SPINAL CORD DEGENERATIVE DISC DISEASE AND VERTEBRAL DEGENERATIVE ARTHRITIS. This 3-year-old female/spayed hedgehog has a history of paresis of eight months duration and died suddenly. Necropsy revealed a small tear in the right ventricle of the heart large thyroid and adrenals and no other abnormalities.",1,0,1,-1,1,-1,"astrocytoma","Nervous","brain","Animalia","Chordata","Mammalia","Eulipotyphla","Erinaceidae","Atelerix","Atelerix albiventris","Four-toed Hedgehog","NWZP",0,0,0,-1,15108,2.76134122287968,3.82807363576594,1.15055884286654,1.44641683103222,1.44641683103222,3.98,-1,-1,10,-1,500,0.039,136.8,146.7
71316,NA,48,0,-1,0,565,"76652","FOUR-TOED HEDGEHOG","14-Jul",2014,"ASTROCYTOMA DEGENERATIVE DISK DISEASE EUTHANASIA. This 4-year-old hedgehog was found in its exhibit holding facility on its side and unable to move its hind legs. The animal was bright and alert but with significant bilateral hind limb paresis but could retract its hind limbs in an attempt to roll into a ball. Deep pain was also present in both limbs. The animal did not respond to several days of dexamethasone treatment and euthanasia was performed for humane and diagnostic purposes.",1,0,1,-1,1,-1,"astrocytoma",NA,NA,"Animalia","Chordata","Mammalia","Eulipotyphla","Erinaceidae","Atelerix","Atelerix albiventris","Four-toed Hedgehog","NWZP",1,1,0,-1,2263,2.76134122287968,3.82807363576594,1.15055884286654,1.44641683103222,1.44641683103222,3.98,-1,-1,10,-1,500,0.039,136.8,146.7
84003,"female",60,0,-1,0,565,"89874","HEDGEHOG","7-Nov",2000,"EUTHANASIA ABSCESS AXONOPATHY CHRONIC RENAL DISEASE HYDROPIC HEPATOPATHY. This approximately 5-year-old female hedgehog was humanely euthanized. It had a history of chronic hematuria that responded to antibiotics. It had multiple abdominal masses on ultrasound and exploratory laparotomy revealed an enlarged uterus and left ovary. Histologic diagnosis was an ovarian carcinoma and uterine adenocarcinoma. At necropsy the kidneys were cystic. The liver appeared congested. There was a mass/abscess within the caudal abdomen that was associated with the gastrointestinal tract. Postoperatively this hedgehog developed posterior paresis and was slow to return to normal.",0,0,1,-1,0,-1,"adenocarcinoma","Reproductive","uterus","Animalia","Chordata","Mammalia","Eulipotyphla","Erinaceidae","Atelerix","Atelerix albiventris","Four-toed Hedgehog","NWZP",1,0,0,-1,-1,2.76134122287968,3.82807363576594,1.15055884286654,1.44641683103222,1.44641683103222,3.98,-1,-1,10,-1,500,0.039,136.8,146.7
102781,"male",48,0,0,0,565,"110498","HEDGEHOG","9-Jun",2016,"LEUKOENCEPHALOMYELOPATHY (WOBBLY HEDGEHOG SYNDROME) DEGENERATIVE DISC. This 4-year-old male/intact hedgehog was diagnosed with an osteosarcoma of the right femur necessitating amputation and hemipelvectomy in October 2015. Narrow margins were obtained at surgery. In April the animal developed an onset of nonambulatory tetraparesis with weight loss inappetence neurologic signs and subsequently died. Necropsy revealed emaciation a firm yellow subcutaneous mass at the previous surgical site bilateral ureteral dilatation pelvic dilatation and displaced right testicle. A 2 mm. mass of bony consistency was attached to the ventral vertebral bodies at the thoracolumbar junction and a 7 mm. yellow hard mass was attached to the periosteum of the ventral aspect of the right ischium. A 1 cm. white spherical mass was in the splenic mesentery and the spleen was covered in small raised masses with splenic-like parenchyma. Multiple 2 mm. spherical white nodules were on the peritoneal surface of the left diaphragmatic crus.",0,0,1,-1,0,-1,"osteosarcoma","Respiratory","nose","Animalia","Chordata","Mammalia","Eulipotyphla","Erinaceidae","Atelerix","Atelerix albiventris","Four-toed Hedgehog","NWZP",0,0,0,-1,15669,2.76134122287968,3.82807363576594,1.15055884286654,1.44641683103222,1.44641683103222,3.98,-1,-1,10,-1,500,0.039,136.8,146.7
106563,NA,60,0,-1,0,565,"107435","AFRICAN FOUR-TOED HEDGEHOG","13-Nov",2015,"ASTROCYTOMA NEPHROSCLEROSIS DEGENERATIVE CARDIOVASCULAR DISEASE. This 5-year-old hedgehog had a history of progressive ataxia weakness inappetence and was euthanized for humane and diagnostic purposes. Necropsy revealed mature cataract in the right eye and early cataract in the left eye. Some mild bruising was in the ventral cervical area (venipuncture site) adipose stores were abundant two round symmetrical masses were on either side of the trachea in the ventral midcervical region. The masses were beige and homogeneous. Thyroid glands were subjectively enlarged and pale tan. The left pleural cavity was filled with cloudy fluid and the left lung was diffusely dark red and consolidated. The right pleural cavity contained a large blood clot (intracardiac euthanasia). The right lung was diffusely dark red and consolidated. The heart was subjectively enlarged and the left ventricle was subjectively thickened. The liver was diffusely pale brown. The stomach contained feed material and the intestines were basically empty. The kidneys were diffusely pale and the right kidney contained a large fluid-filled cyst in the cranial pole.",0,0,1,0,0,0,"astrocytoma","Respiratory","trachea","Animalia","Chordata","Mammalia","Eulipotyphla","Erinaceidae","Atelerix","Atelerix albiventris","Four-toed Hedgehog","NWZP",1,0,0,1,4201,2.76134122287968,3.82807363576594,1.15055884286654,1.44641683103222,1.44641683103222,3.98,-1,-1,10,-1,500,0.039,136.8,146.7
58930,"male",348,0,-1,0,569,"62979","SPIDER MONKEY","2-Apr",2010,"GASTRIC BLOAT ATHEROSCLEROSIS ENTEROCOLITIS WITH CILIATED PROTOZOA. This 29-year-old male spider monkey was diagnosed with presumptive lymphoma and died unexpectedly. Necropsy revealed edema and fibrin tags over the abdomen and thorax moderate perilaryngeal edema severe gastric distention with food (mainly lettuce) thin walled stomach and gas distended intestinal tract with petechiae in the small intestine. Lymph nodes were numerous and all were enlarged. The spleen was small rounded and congested. The liver had mottling with congestion and pallor. Air bubbles were under the capsules of the kidneys and both poles of the kidneys had a bruised or stippled appearance on the surface with associated perirenal edema. The adrenals were enlarged and yellowish. The pericardial sac was adhered to the heart in three spots near the apex. Rough areas of the mucosa were noted in the aorta. Numerous pinpoint black dots were in the lungs.",0,0,1,-1,0,-1,"lymphoma","Round Cell","lymph nodes","Animalia","Chordata","Mammalia","Primates","Cebidae","Ateles","Ateles paniscus","Spider Monkey","NWZP",1,1,0,1,14883,49.8356344510191,42.077580539119,7.52794214332676,26.1341222879684,26.1341222879684,-1,0.5,35.24,452.5,3790,7887.5,-1,552,-1
106016,NA,84,0,-1,0,743,"109293","FER-DE-LANCE SNAKE","30-Mar",2016,"FACIAL MELANOMA DEGENERATIVE CARDIAC DISEASE EUTHANASIA. This 7-year-old captive bred fer-de-lance was identified with an approximately 8 cm. irregular circular lesion on the right cheek with multiple small granular spheres resembling a papilloma. The right pupil was much smaller than the left. Severe vertebral fusion and spondylitic proliferation was in the caudal third of the spinal column and one large region of lordosis was noted. The right quadrate bone of the skull was fractured and deviated laterally. The caudal aspect of the cranial fragment was bulbus and osteolytic. Euthanasia was performed for humane and diagnostic purposes. Necropsy revealed yellow fluid in the coelom thickened atrioventricular valves gross thickening and irregularities to the caudal third of the vertebral column a firm callus at the junction of the right quadrate bone fracture and no other gross abnormalities.",1,0,1,0,0,0,"melanoma","Cardiac","heart","Animalia","Chordata","Reptilia","Squamata","Viperidae","Bothrops","Bothrops asper","Fer-de-lance","NWZP",1,0,0,1,1937,-1,-1,-1,-1,8.06966508957813,-1,-1,-1,-1,-1,1037,-1,244.8,-1
91050,"male",-1,0,-1,0,749,"97152","SPECTACLED FOREST PITVIPER","19-Jul",2013,"BACTERIAL OSTEOARTHRITIS EUTHANASIA. This adult male pitviper was noted to be inappetent and had dorsal spinal swelling two months prior to death. A previous mass was surgically excised and diagnosed as a fibrosarcoma. Radiographs of the spinal mass were consistent with a fracture. The swelling continued to increase with two additional enlargements noted cranial to the original swelling. Supportive care was administered but the snake lost function of the distal body and was euthanized for humane and diagnostic purposes. Necropsy revealed thin body condition and a 1 cm. in diameter spherical swelling in the dorsal spinal region approximately two-thirds distal from the head. The ventral aspect of the lesion ventral to the vertebra consisted entirely of friable caseous material. Two smaller firm swellings 0.3 cm. in diameter were present approximately 2 cm. proximal to the original mass. Only the dorsal spinal column appeared to be involved in these specimens.",0,0,1,-1,0,-1,"fibrosarcoma","Respiratory","nose","Animalia","Chordata","Reptilia","Squamata","Viperidae","Bothrops","Bothrops oligolepis",NA,"NWZP",1,1,0,1,711,-1,-1,-1,-1,-1,-1,-1,-1,-1,-1,-1,-1,-1,-1
20602,"male",396,0,-1,1,816,"22287","GREAT INDIAN HORNBILL","9-Jan",2004,"ATHEROSCLEROSIS VISCERAL GOUT BEAK NECROSIS. This approximately 33-year-old wild caught male hornbill died. It had a history of squamous cell carcinoma on the beak that was treated. It also had a history of depression and listlessness following its last surgery. At necropsy there was severe gout. There were deposits of urates on the serosal surfaces of coelomic viscera. The pericardium and coelomic membranes were completely covered in white deposits. There was severe zonal myositis. There was a large 4 cm. area of subcutaneous emphysema and hemorrhage in the mid pectoral region. The entire upper rostrum had been removed from surgery and excision. The remaining tissues showed no signs of recurrence of the squamous cell carcinoma. The right iris was discolored.",0,0,1,-1,0,-1,"carcinoma",NA,NA,"Animalia","Chordata","Aves","Bucerotiformes","Bucerotidae","Buceros","Buceros bicornis","Great Indian Hornbill","NWZP",0,0,0,-1,-1,-1,-1,-1,-1,13.2120987250936,-1,-1,-1,-1,-1,2798.5,-1,400.8,-1
7179,"female",420,0,-1,0,860,"7930","SULFUR CRESTED COCKATOO","1-Mar",1999,"CHRONIC CARDIOPULMONARY DISEASE MYOCARDIAL FIBROSIS ATHEROSCLEROSIS. This 35-year-old female captive bred cockatoo had a 2.5 year history of illness and was euthanized. The bird had a history of undifferentiated sarcoma (G98-1902 G97-1331) involving the wing. No additional information is provided (necropsy report to follow).",0,0,1,-1,0,-1,"sarcoma","Respiratory","lung","Animalia","Chordata","Aves","Psittaciformes","Cacatuidae","Cacatua","Cacatua sulphurea",NA,"NWZP",0,0,0,-1,-1,-1,-1,-1,-1,19.6599193603938,2.7,-1,-1,-1,-1,340,0.138,596.4,-1
54367,"male",156,0,-1,0,906,"58600","PREVOST SQUIRREL","18-Sep",2006,"MYOCARDIAL FIBROSIS EUTHANASIA. This 13-year-old male squirrel had a history of cutaneous amelanotic melanoma which was removed in August. The animal recently developed vomiting and was euthanized due to poor prognosis. At necropsy no evidence of tumor regrowth was noted. The stomach had an area of hyperemia along the greater curvature.",0,0,1,-1,0,-1,"melanoma","Epithelial","skin","Animalia","Chordata","Mammalia","Rodentia","Sciuridae","Callosciurus","Callosciurus prevostii","Prevosts Squirrel","NWZP",0,0,0,-1,-1,-1,-1,1.57790927021696,-1,8.34656536225973,1.8,-1,-1,16.35,-1,400,-1,253.2,-1
105540,"male",180,0,-1,0,935,"105577","COYOTE","27-Jul",2015,"INTERVERTEBRAL DISC DISEASE (CLINICAL DIAGNOSIS) SEMINOMA PERIVASCULAR AND PERIBRONCHIOLAR PULMONARY CUFFS EUTHANASIA. This 15-year-old male coyote had a four-month history of illness and had lost a substantial amount of muscle mass especially in the hind limbs. Euthanasia was performed for humane and diagnostic purposes. Necropsy revealed decreased range of motion in the lumbar vertebrae compression of the spinal cord at T13-L1 spondylosis slightly mottled liver severe degenerative joint disease in the shoulders mild vegetative lesions in the mitral valves empty stomach esophagus and small intestine and normal feces in the colon.",1,0,1,-1,1,-1,"seminoma","Respiratory","lung","Animalia","Chordata","Mammalia","Carnivora","Canidae","Canis","Canis latrans",NA,"NWZP",1,1,0,-1,905,9.00723208415516,9.00723208415516,2.07100591715976,1.9723865877712,1.9723865877712,5.72,1.1,12,250,1517,13250,0.0183,261.6,3699
14569,"female",72,0,-1,0,936,"10890","MEXICAN WOLF","30-Dec",1999,"INTRATHORACIC MESOTHELIOMA. This 6-year-old female wolf was introduced to another female on 11/16 and was started on antibiotics on 11/17 for multiple bite wounds that did not appear to be life-threatening. Keepers had noted recent weight gain and the animal appeared to be adjusting well to its cagemate. The animal developed a one day history of dyspnea and was found dead. Necropsy revealed bloated abdomen containing straw colored to serosanguineous fluid large mesenteric lymph nodes enlarged mediastinal lymph node pulmonary atelectasis small hard white foci in the lung fields bloody fluid in the pericardial sac with marked pericardial thickening and multiple raised nodular foci on the pericardial surface. The liver was firm with rounded edges and areas of tan discoloration. The omentum was icteric and emboli were seen in the mesentery.",1,0,1,-1,1,-1,"mesothelioma","Epithelial","gland","Animalia","Chordata","Mammalia","Carnivora","Canidae","Canis","Canis lupus","Gray Wolf","NWZP",1,0,0,1,619,21.9921104536489,21.9921104536489,2.03813280736358,1.54503616042078,1.54503616042078,4.98,0.8,12,450,5250,26625,0.0177,247.2,11254.2
55511,"female",180,0,-1,0,938,"59437","BLACK BACKED JACKAL","30-Jan",2008,"MYOCARDIAL FIBROSIS PUMONARY EDEMA INSULINOMA CHRONIC NEPHRITIS. This 15-year-old female jackal was found comatose. Treatment was initiated; however cardiopulmonary arrest ensued. At necropsy the animal was obese. Several lipomas were noted in the skin. The liver was enlarged friable and mottled. Kidneys were small and irregular. Pale tan streaks were present in the cortex.",1,0,1,0,0,0,"insulinoma","Respiratory","lung","Animalia","Chordata","Mammalia","Carnivora","Canidae","Canis","Canis mesomelas",NA,"NWZP",1,0,0,1,4201,10.1577909270217,8.25115055884287,1.9723865877712,1.9723865877712,1.9723865877712,3.89,1.27,9.01,159,-1,10250,0.0149,200.4,-1
63395,NA,144,0,-1,0,950,"73503","AFRICAN PYGMY GOAT","3-Aug",2004,"MESOTHELIOMA. This 12-year-old goat had a recent episode of dyspnea and hyperthermia following a hoof trim. The animal was found dead a few days later. At gross necropsy the abdominal cavity contained a large amount of cloudy fluid with white flocculent material. There were also numerous slightly raised masses on the omentum and severe serous atrophy of all adipose tissue.",1,0,1,-1,1,-1,"mesothelioma","Mesenchymal","fat","Animalia","Chordata","Mammalia","Artiodactyla","Bovidae","Capra","Capra hircus","San Clemente Goat","NWZP",1,1,0,1,579,13.3464825772518,22.5180802103879,5.09533201840894,5.25969756738987,5.25969756738987,1.5,1.1,14.83,2250,-1,61000,0.0041,249.6,-1
55094,"female",108,0,-1,0,1025,"59287","GUINEA PIG","18-Feb",2010,"HYDRONEPHROSIS CHRONIC NEPHRITIS URETERAL CALCULI CYSTITIS INSULINOMA MYOCARDIAL FIBROSIS ADRENALITIS. This 9-year-old female guinea pig underwent surgery to remove bladder stones. The animal recovered; however posterior paresis developed two weeks later. At necropsy erosions were noted on the plantar surface of the feet. Pinpoint brown foci were noted in the lungs. Ureters were dilated and contained calculi. Kidneys showed dilation of the renal pelvises with calculi.",0,0,1,0,0,0,"insulinoma","Urinary","bladder","Animalia","Chordata","Mammalia","Rodentia","Caviidae","Cavia","Cavia fulgida","Guinea Pig","NWZP",1,1,0,1,711,-1,-1,-1,0.686390532544379,0.686390532544379,1.34,-1,-1,-1,-1,282.5,-1,-1,-1
64963,"male",18,0,-1,0,1025,"69572","GUINEA PIG","26-Aug",2005,"HEPATIC LIPIDOSIS LYMPHOPLASMACYTIC ENTERITIS. This 1.5-year-old male guinea pig developed a chondrosarcoma in the hind leg requiring amputation. The cavy died four days after the surgical procedure. Necropsy revealed congested lungs markedly enlarged friable and yellow liver and gas in the stomach and small intestine.",0,0,1,-1,0,-1,"chondrosarcoma","Gastrointestinal","liver","Animalia","Chordata","Mammalia","Rodentia","Caviidae","Cavia","Cavia fulgida","Guinea Pig","NWZP",0,0,0,-1,-1,-1,-1,-1,0.686390532544379,0.686390532544379,1.34,-1,-1,-1,-1,282.5,-1,-1,-1
72808,"male",48,0,-1,0,1025,"78942","GUINEA PIG","19-Jul",2013,"SEPSIS PULMONARY ABSCESS. This 4-year-old male guinea pig had a mammary gland adenocarcinoma removed in February 2013. The animal had been clinically stable since other than mild nasal discharge of several days duration. The animal died unexpectedly and necropsy revealed a small discolored slightly raised area in the caudal hepatic lobe numerous brown spots in the lungs a small amount of clear pericardial fluid enlarged left submandibular lymph node and normal ingesta in the gastrointestinal tract.",0,0,1,-1,0,-1,"adenocarcinoma","Epithelial","gland","Animalia","Chordata","Mammalia","Rodentia","Caviidae","Cavia","Cavia fulgida","Guinea Pig","NWZP",1,0,0,-1,2598,-1,-1,-1,0.686390532544379,0.686390532544379,1.34,-1,-1,-1,-1,282.5,-1,-1,-1
106584,"male",120,0,-1,0,1026,"107067","PATAGONIAN CAVY","22-Oct",2015,"INTESTINAL AND COLONIC INTUSSUSCEPTIONS SPLENIC HEMATOMA LIMBIC MELANOMA. This 10-year-old male Patagonian cavy was a little off in the morning and found dead in the afternoon in rigor and bloated. Necropsy revealed a distended abdomen good body condition 200 ml. of hemorrhagic fluid in the peritoneal cavity tan/yellow liver a 1 cm. firm mass at the head of the spleen that was mottled black and white on cut surface bilaterally symmetrical large adrenals a 15-20 cm. intussusception of the jejunum with associated hemorrhage on the serosa a possible intussusception at the ileocecocolic junction with associated hemorrhage in the caecal serosa and approximately 4 cm. of ileum incarcerated inside the cecum although easily reducible. Small infarcts of both kidneys were noted.",1,0,1,-1,1,-1,"melanoma","Reproductive","testis","Animalia","Chordata","Mammalia","Rodentia","Caviidae","Cavia","Cavia porcellus",NA,"NWZP",1,1,0,1,15503,2.16962524654832,2.49835634451019,2.2353714661407,0.591715976331361,0.591715976331361,3.8,-1,3.16,85,228,728,0.0106,144,-1
104609,"male",36,0,-1,0,1155,"112475","VEILED CHAMELEON","5-Oct",2016,"STRESS MYOCARDIAL NECROSIS SEMINOMA POSSIBLE ANT BITE ENVENOMATION. This 3-year-old male veiled chameleon had recently become weak in the back legs and had an inability to climb and appears to have received bite wounds from crickets. Necropsy revealed thin body condition multiple small bite wounds on the tail and no other gross abnormalities.",1,0,1,-1,1,-1,"seminoma","Other","widespread","Animalia","Chordata","Reptilia","Squamata","Chamaeleonidae","Chamaeleo","Chamaeleo calyptratus","Veiled Chameleon","NWZP",1,1,0,1,711,4.43786982248521,4.50295857988166,-1,-1,13.599,35,2.4,-1,0.56,-1,200.215,-1,-1,-1
106264,"female",-1,0,-1,0,1222,"107671","WHITE SPOTTED BAMBOO SHARK","10-Dec",2015,"MELANOMA PAPILLOMA EUTHANASIA. This adult female shark has a history of skin lesions along the dorsal back. The lesions were nodular and coalescing gray/black scar-like lesions that slowly progressed over the last year and appear similar to previously diagnosed papillomatous skin disease in cohorts. The shark also had multiple areas of normal appearing skin that was completely pigmented black. In some of these areas there were thickened raised smooth nodules up to 3 cm. in greatest dimension scattered over the body in areas without black pigmentation as well. Euthanasia was performed for humane and diagnostic purposes and necropsy did not identify visceral nodules.",1,0,1,0,0,0,"melanoma","Epithelial","skin","Animalia","Chordata","Elasmobranchii","Orectolobiformes","Hemiscylliidae","Chiloscyllium","Chiloscyllium plagiosum",NA,"NWZP",1,0,0,-1,14481,-1,-1,-1,-1,9.88929545291438,-1,-1,-1,-1,-1,-1,-1,300,-1
56746,"female",96,0,-1,0,1302,"57369","MANED WOLF","28-Mar",2011,"DYSGERMINOMA EUTHANASIA GASTRITIS HYDRONEPHROSIS. This 8-year-old female maned wolf had a large discrete dysgerminoma removed from the abdomen in August 2009 (G09-4088). Regular growth of tumor was noted over the last year especially on the dorsal lower abdomen. The animal responded and acted normal until two weeks ago. Necropsy revealed massive bilateral tumor in the lower abdomen cystic ovaries enlarged vacuolated uterus with thin wall and enlarged mammary glands with secretory material. The left kidney was small and the right kidney was enlarged. Only the right ureter was found.",0,0,1,0,0,0,"dysgerminoma","Reproductive","ovary","Animalia","Chordata","Mammalia","Carnivora","Canidae","Chrysocyon","Chrysocyon brachyurus","Maned Wolf","NWZP",1,1,0,-1,9319,23.9973701512163,13.836620644313,2.10387902695595,7.46219592373438,7.46219592373438,3.09,-1,-1,368,-1,21500,0.0116,201.6,-1
57368,"female",180,0,-1,0,1302,"58895","MANED WOLF","3-Aug",2006,"EUTHANASIA OVARIAN DYSGERMINOMA BILIARY HYPERPLASIA MYOCARDIAL FIBROSIS ARTERIAL AMYLOIDOSIS AORTIC MINERALIZATION CHRONIC NEPHRITIS ENTERITIS. This 15-year-old female maned wolf had a history of weight loss and possible seizures. On physical exam a large mass was present in the mid abdomen. The animal was humanely euthanized. At necropsy a large mass was present effacing the right ovary. The mass measured 15 x 8 x 10 cm. and contained multiple small cystic foci. The liver also contained numerous 0.5-1.5 cm. in diameter cystic foci. A tubular cartilaginous 25 x 7 mm. piece of tissue was identified at the thoracic inlet adjacent to the trachea.",0,0,1,0,0,0,"dysgerminoma","Reproductive","ovary","Animalia","Chordata","Mammalia","Carnivora","Canidae","Chrysocyon","Chrysocyon brachyurus","Maned Wolf","NWZP",0,1,1,-1,2912,23.9973701512163,13.836620644313,2.10387902695595,7.46219592373438,7.46219592373438,3.09,-1,-1,368,-1,21500,0.0116,201.6,-1
103494,NA,180,0,-1,0,1304,"102661","GOLDEN PHEASANT","9-Feb",2015,"CATARACT RENAL TUBULAR ADENOMA SEMINOMA EUTHANASIA. This 15-year-old pheasant had been retired to an indoor heated bird aviary due to its age and vision impairment 1.5 years earlier. It subsequently presented with head bobbing behavior and appeared to be blind. Euthanasia was performed for humane and diagnostic purposes. No gross lesions were identified other than bilateral cataracts and the bird was in good nutritional status.",1,0,1,0,0,0,"seminoma","Reproductive","kidney","Animalia","Chordata","Aves","Galliformes","Phasianidae","Chrysolophus","Chrysolophus pictus",NA,"NWZP",1,0,0,1,1857,11.9986850756082,11.9986850756082,0.723208415516108,-1,36.5,10,-1,-1,14.1,-1,625,-1,160.8,-1
23276,"male",84,0,-1,0,1386,"30636","BOBWHITE QUAIL","9-Jun",2014,"DEGENERATIVE JOIN DISEASE CATARACT SEMINOMAS AMYLOIDOSIS EUTHANASIA. This 7-year-old male quail was euthanized due to age-related degenerative processes that included cataracts poor plumage and loose stools. Necropsy revealed a friable liver and no other abnormalities.",1,0,1,-1,1,-1,"seminoma","Gastrointestinal","liver","Animalia","Chordata","Aves","Galliformes","Odontophoridae","Colinus","Colinus virginianus",NA,"NWZP",1,1,0,-1,15620,11.9986850756082,11.9986850756082,0.756081525312295,-1,36.5,15,1.5,-1,-1,-1,194,-1,76.8,-1
1914,"male",60,0,-1,0,1418,"1973","LILAC BREASTED ROLLER","30-Aug",1996,"SEMINOMA TRAUMA. This 5-year-old male roller had a one day history of paresis. The bird was administered supportive therapy but died. Necropsy revealed cervical bruising and gas distended gastrointestinal tract. This bird is from an aviary with confirmed avian tuberculosis.",1,0,1,-1,1,-1,"seminoma","Reproductive","testis","Animalia","Chordata","Aves","Coraciiformes","Coraciidae","Coracias","Coracias caudatus",NA,"NWZP",0,0,0,-1,-1,-1,-1,0.690335305719921,-1,5.41933390819708,2.5,-1,-1,-1,-1,108,-1,164.4,-1
84977,"male",240,0,-1,0,1425,"90441","EMERALD TREE BOA","13-Sep",2005,"EUTHANASIA CHOLESTEROL GRANULOMA EPICARDIAL FIBROSIS HEMATOMA. This 20-year-old male tree boa had a history of neurologic signs for the past five years. A kidney was removed approximately one year prior to death due to adrenal adenocarcinoma. The animal was found on the floor of the exhibit and did not respond to external stimuli. The animal was humanely euthanized. At necropsy a small dark purple mass was identified anterior to the splenopancreas. Approximately 8 cc. of serosanguineous fluid was present within the caudal coelomic cavity.",0,0,1,-1,0,-1,"adenocarcinoma","Reproductive","kidney","Animalia","Chordata","Reptilia","Squamata","Boidae","Corallus","Corallus caninus","Emerald Tree boa","NWZP",1,1,0,1,165,-1,-1,-1,-1,7.3576358169683,8.5,-1,-1,-1,-1,-1,-1,223.2,-1
89872,"female",168,0,-1,0,1425,"96183","EMERALD TREE BOA","8-Feb",2001,"SEPTICEMIA. This approximately 14-year-old female boa was humanely euthanized. It had a history of chronic anorexia. It had been force fed since last October. It had both an adenocarcinoma associated with the bowel wall and a granuloma removed. It had colonic atony dilatation and gas distention. At necropsy there was a large hemorrhagic unorganized mass in the fat just cranial to the vent and dorsal to the colon. The mass felt firm but rubbery and had a lacy appearance. The mass was approximately 4-5 cm. in length and 1-2 cm. in diameter. The fat it was contained in was necrotic. There was also a very large amount of gas in the coelomic cavity entrapped around the fat in the caudal third of the body. The gas was accompanied with approximately 30 ml. of brown translucent fluid. There were very little fat deposits in the rest of the body. There was a small oval mass that was flat and dark red and firmly adhered to the body wall about 20 cm. cranial to the vent. It had a smooth surface and may have actually been outside of the coelomic cavity. There was a well organized encapsulated mass in the coelomic fat approximately 25 cm. cranial to the vent. The mass was surrounded by a few ml. of turgid salmon colored fluid. The mass had rounded borders a smooth surface dark red to purple and was homogeneous on cross section. The pericardial sac was thickened. There was an unorganized mass that conformed to the shape of the heart and pericardium within the pericardial sac. The epicardial surface was thickened gray and edematous.",0,0,1,-1,0,-1,"adenocarcinoma","Gastrointestinal","colon","Animalia","Chordata","Reptilia","Squamata","Boidae","Corallus","Corallus caninus","Emerald Tree boa","NWZP",1,1,0,1,165,-1,-1,-1,-1,7.3576358169683,8.5,-1,-1,-1,-1,-1,-1,223.2,-1
101283,"female",-1,0,-1,0,1435,"108954","SOLOMON ISLAND LEAF FROG","8-Mar",2016,"EPIDERMAL NECROSIS (VENTRAL DISTRIBUTION) RENAL TUBULAR NECROSIS SEPSIS MELANOMACROPHAGE INCLUSIONS INTESTINAL NEMATODIASIS. This adult frog was found dead on exhibit with no prior signs of illness. Necropsy revealed good body condition some hyperkeratosis on the midventral skin mild thickening of the medial aspect of the hind limbs mild erythema on the ventral skin a small white lesion in the left hepatic lobe active female reproductive tract and congestion of several ovarian follicles in the left ovary.",1,0,1,-1,0,-1,"melanoma","Epithelial","skin","Animalia","Chordata","Amphibia","Anura","Ceratobatrachidae","Cornufer","Cornufer guentheri","Solomon island leaf frog","NWZP",1,1,0,1,15498,-1,-1,-1,-1,-1,-1,-1,-1,-1,-1,-1,-1,-1,-1
34332,NA,24,0,-1,0,1587,"37043","KAKARIKI (NEW ZEALAND PARAKEET)","17-Jan",2008,"SEMINOMAS RENAL AND VISCERAL GOUT EMACIATION. This 2-year-old parakeet has a few week history of decreased appetite and distended coelom. The bird died and necropsy revealed yellow fluid in the coelomic cavity and a 3 cm. firm tan mass in the coelom originating on the left side near the adrenal/gonad/kidney or spleen. Some flat pale irregular lesions were in the liver and the carcass was emaciated.",1,0,1,-1,1,-1,"seminoma","Reproductive","kidney","Animalia","Chordata","Aves","Psittaciformes","Psittacidae","Cyanoramphus","Cyanoramphus novaezelandiae",NA,"NWZP",0,0,0,-1,4748,-1,-1,-1,-1,4.90509054464553,-1,-1,-1,-1,-1,92.6,-1,148.8,-1
1156,"female",120,0,-1,0,1620,"4257","KOI AQUARIUM","17-Nov",1997,"SEMINOMA. This 5- to 10-year-old female (presumed by curator) captive bred koi died spontaneously and was refrigerated four hours prior to necropsy. The koi was found dead in the duck pond with no previous history of illness. Necropsy revealed pinkish areas around the gill and tail. A mass of pink/gray tissue was adhered to and surrounding the gastrointestinal tract. The liver appeared small and cranially displaced by the abdominal mass.",1,0,1,-1,1,-1,"seminoma","Gastrointestinal","small intestine","Animalia","Chordata","Actinopteri","Cypriniformes","Cyprinidae","Cyprinus","Cyprinus carpio","Koi carp","NWZP",0,0,0,-1,-1,35.9960552268245,35.9960552268245,-1,-1,109.5,3e+05,-1,-1,-1,-1,10600,-1,564,-1
67640,"female",180,0,-1,0,1629,"73164","FALLOW DEER","20-Dec",2005,"MESOTHELIOMA. This 15-year-old female fallow deer was found dead. At necropsy the thoracic cavity contained 5 liters of clear yellow to orange fluid. A white mass approximately 12 cm. in diameter was present in the ventral thoracic cavity. The mass was cavitated with a central necrotic area containing purulent material. The pleura and pericardium had numerous white nodules ranging from 5 mm. to 3 cm. Similar nodules were present throughout the lungs.",1,0,1,-1,1,-1,"mesothelioma","Respiratory","lung","Animalia","Chordata","Mammalia","Artiodactyla","Cervidae","Dama","Dama dama",NA,"NWZP",0,1,1,-1,2912,16.0092044707429,16.6666666666667,7.6594345825115,6.01577909270217,6.01577909270217,1.07,1.1,12,4500,22570,70000,-1,253.2,-1
73555,"male",168,0,-1,0,1629,"76419","FALLOW DEER","24-May",2012,"MELANOMA EUTHANASIA. This 14-year-old male fallow deer had a melanoma removed from the left medial canthus in October 2011. The deer developed a firm subcutaneous mass near the jaw on February 16 2012. Supportive care was administered but the mass was larger at the time of second treatment and the animal’s quality of life was poor with thin body condition a decreased appetite and unthrifty haircoat. Euthanasia was performed for humane and diagnostic purposes. Necropsy revealed thin body condition scant fat stores a 10 cm. subcutaneous mass in the left jaw region extending deep into underlying connective tissues. The mass was dark black on cut surface and closely adhered to the ramus. Enlarged and dark retropharyngeal mandibular lymph nodes were noted and the mass appeared to extend into the left jugular vein. Multiple dark firm nodules up to 4 cm. in diameter were present in the lungs and the lungs were congested and edematous. Abomasal mucosa was hyperemic with areas resembling erosions.",1,0,1,-1,1,-1,"melanoma","Epithelial","skin","Animalia","Chordata","Mammalia","Artiodactyla","Cervidae","Dama","Dama dama",NA,"NWZP",0,1,0,-1,4177,16.0092044707429,16.6666666666667,7.6594345825115,6.01577909270217,6.01577909270217,1.07,1.1,12,4500,22570,70000,-1,253.2,-1
53349,"male",144,0,-1,0,1639,"57526","BRAZILIAN AGOUTI","12-Mar",2002,"CONGESTIVE HEART FAILURE. This approximately 12-year-old male agouti went into respiratory arrest and despite efforts to revive it died. It had been doing well since its arrival in 1999. It was housed with a female that died of bronchoalveolar carcinoma. This animal was moved to a new enclosure two weeks ago and seemed to be doing well. It was found the day of death on its side in extensor rigidity and gasping for breath. At necropsy there was blood coming out of the nostrils and copious amounts of foamy material in the oral cavity. The muscles were congested. The kidneys were swollen and grainy on the capsular surface. The pulmonary airways contained hemorrhage. The lungs had the appearance of hyperinflation. The heart was globoid and cardiac vessels were injected. There were some plaques on the leaflets of the mitral valve. There was a normal penis but no testis could be found. A structure shaped similar to a uterus but without the musculature was discovered dorsal to the bladder. The brain had some petechia.",0,0,1,-1,0,-1,"carcinoma","Mesenchymal","striated muscle","Animalia","Chordata","Mammalia","Rodentia","Dasyproctidae","Dasyprocta","Dasyprocta punctata","Red-rumped Agouti","NWZP",1,0,0,1,954,16.0092044707429,-1,3.68178829717291,4.60223537146614,4.60223537146614,1.25,1.87,4.17,227,-1,2150,-1,165.6,-1
30935,"male",168,0,-1,0,1652,"37481","WHITE FACED WHISTLING DUCK","23-Aug",2005,"EUTHANASIA SEMINOMA ENTERITIS. This 14-year-old male whistling duck had a history of stumbling and ataxia. The animal’s condition declined and it was humanely euthanized. At necropsy a 7 x 5 cm. soft tissue mass was present in the coelomic cavity (possible testis). Other organs had no significant gross lesions.",1,0,1,-1,1,-1,"seminoma","Reproductive","testis","Animalia","Chordata","Aves","Anseriformes","Anatidae","Dendrocygna","Dendrocygna autumnalis","Black-bellied Whistling duck","NWZP",0,0,0,-1,-1,11.9986850756082,11.9986850756082,0.887573964497041,-1,36.5,14,-1,-1,30.8,-1,828,0.17,98.4,-1
34383,"male",192,0,-1,0,1652,"36785","PLUMED WHISTLING DUCK","23-Aug",2004,"SEMINOMA DEGENERATIVE CARDIOMYOPATHY EUTHANASIA. This 16-year-old male duck has a history of lameness ataxia and elevated uric acid levels. The bird was euthanized for humane and diagnostic purposes. Necropsy revealed bilateral multilobular cystic structures in the testes. The heart was enlarged and the epicardium had an irregular surface.",0,0,1,0,0,0,"seminoma","Mesenchymal","striated muscle","Animalia","Chordata","Aves","Anseriformes","Anatidae","Dendrocygna","Dendrocygna autumnalis","Black-bellied Whistling duck","NWZP",1,0,0,1,746,11.9986850756082,11.9986850756082,0.887573964497041,-1,36.5,14,-1,-1,30.8,-1,828,0.17,98.4,-1
105443,"male",132,0,-1,0,1652,"105003","FULVOUS WHISTLING DUCK","18-Jun",2015,"SEMINOMA CEREBELLAR MICROGRANULOMAS (RESEMBLING TREMATODE EGGS) EUTHANASIA. This 11-year-old male whistling duck presented for acute lameness and incoordination. Examination revealed ataxia and stumbling or falling over when attempting to step. Blood work was within normal limits. Euthanasia was performed for humane and diagnostic purposes. Necropsy revealed thin body condition good feather condition a pinion in the right wing corneal opacity in the left eye pale liver pale kidneys and a firm mottle highly vascular 6 cm. space-occupying mass in the left cranial dorsal coelomic cavity.",1,0,1,-1,1,-1,"seminoma","Mesenchymal","blood","Animalia","Chordata","Aves","Anseriformes","Anatidae","Dendrocygna","Dendrocygna autumnalis","Black-bellied Whistling duck","NWZP",1,1,0,1,3111,11.9986850756082,11.9986850756082,0.887573964497041,-1,36.5,14,-1,-1,30.8,-1,828,0.17,98.4,-1
84740,"female",252,0,-1,0,1702,"90326","EASTERN INDIGO SNAKE","29-Aug",2005,"RENAL GOUT INANITION GASTRITIS. This 21-year-old female snake had a prior history of a liposarcoma which was surgically removed. Recently there has been a history of poor shedding and retained spectacles. The animal was found dead. At necropsy the body was in poor condition with marked muscle atrophy. Both eyes had retained spectacles. Kidneys were congested and contained large quantities of urates. A caudal coelomic fat body was reddish-brown on sectioning and was highly vascular.",0,0,1,-1,0,-1,"liposarcoma","Gastrointestinal","oral","Animalia","Chordata","Reptilia","Squamata","Colubridae","Drymarchon","Drymarchon couperi",NA,"NWZP",1,0,0,-1,15658,-1,2.56410256410256,-1,233.990795529257,233.990795529257,-1,-1,-1,25.9,-1,-1,-1,114,-1
96445,"male",-1,0,-1,0,1704,"96972","SPECKLED RACER","14-Mar",2012,"COLITIS WITH IMPLANTED BONE ENDOCARDIAL THROMBOSIS WITH PAPILLARY INFARCT MELANOMA. This adult male speckled racer is a long-time zoo resident that had refused its last three feedings and had a bloody discharge from the cloaca. A 6 mm. firm mass was on the dorsum 10 cm. behind the head. Radiographs showed a mass effect ventral and cranial to the heart and the snake died that day. Necropsy revealed edema around the heart and kidneys and intramural hemorrhage at the cloaca. The liver was pale and friable.",1,0,1,-1,1,-1,"melanoma","Bone","bone","Animalia","Chordata","Reptilia","Squamata","Colubridae","Psammophis","Drymobius margaritiferus",NA,"NWZP",1,1,0,1,697,-1,-1,-1,-1,1.70095881790127,5.5,-1,-1,-1,-1,790,-1,51.6,-1
29665,"male",84,0,-1,0,1706,"31602","NICOBAR PIGEON","24-Aug",2005,"SEMINOMA INANITION PNEUMOCONIOSIS. This 7-year-old male pigeon has a history of marked weight loss. The animal was found dead. At necropsy a 2 cm. in diameter mass was present near the anterior lobe of the left kidney.",1,0,1,-1,1,-1,"seminoma","Reproductive","kidney","Animalia","Chordata","Aves","Columbiformes","Columbidae","Ducula","Ducula forsteni",NA,"NWZP",1,0,0,1,746,-1,-1,-1,-1,1,-1,-1,-1,-1,-1,510,-1,-1,-1
5706,"male",180,0,-1,0,1734,"5505","RAT SNAKE","18-May",1998,"PROLAPSED HEMIPENE. This 15-year-old male rat snake had a renal adenocarcinoma two years prior to death. A prolapsed hemipene was removed on 4/23/98. A biopsy of this hemipene was submitted on 5/6 (as stated). Subsequently the snake died on 5/5. Necropsy revealed no abnormalities in the cloacal region to account for the prolapse. All tissues were autolyzed.",0,0,1,-1,0,-1,"adenocarcinoma","Reproductive","kidney","Animalia","Chordata","Reptilia","Squamata","Colubridae","Pantherophis","Elaphe obsoleta",NA,"NWZP",1,0,0,-1,-1,47.9947403024326,47.9947403024326,-1,-1,146,-1,-1,-1,-1,-1,-1,-1,406.8,-1
40298,"male",72,0,-1,0,1767,"37353","BLUE STREAKED LORY","18-Jan",2008,"SEMINOMA HEPATITIS. This 6-year-old male lory was found dead without premonitory signs. At necropsy areas of feather loss were noted over the pectoral region and legs (feather picking). Moderate atrophy of the pectoral muscles was also present. A large white lobulated mass was present in the coelomic cavity.",1,0,1,-1,1,-1,"seminoma","Gastrointestinal","liver","Animalia","Chordata","Aves","Psittaciformes","Psittaculidae","Eos","Eos bornea","Red lory","NWZP",1,1,0,1,579,-1,-1,-1,-1,9.7706239074794,-1,-1,-1,-1,-1,156,-1,296.4,-1
99938,"female",300,0,-1,0,1789,"107052","GRANT'S ZEBRA","21-Oct",2015,"CHRONIC ENTEROCOLITIS SUBOPTIMAL NUTRITIONAL STATUS GERIATRIC EUTHANASIA. This 25-yeary-old female zebra had a previous history of two different sarcomas (from 2007 and 2012) and had chronic loss of body condition. Physical examination revealed a left heart systolic murmur and blood work revealed anemia. Euthanasia was performed for humane and diagnostic purposes. Necropsy revealed dull fur (did not molt for the past two years) pale mucous membranes scars from previous surgeries on the right neck and right axilla a small nodule at the previous incision site of the right axilla (1 cm. in greatest dimension) a fibrotic nodule in the right scapular/humeral area not involving the muscular structures a large subcutaneous hematoma in the neck at a site of catheter placement globoid enlarged heart a moderate amount of clear pericardial fluid enlarged retropharyngeal lymph nodes a 1.5 cm. nodule in the left lung a moderate amount of clear fluid in the thoracic cavity malocclusion with overgrowth in the lingual aspects of the lower jaw teeth loose molars pockets of food between the 5th and 6th molars and between the 4th and 5th molars in the upper right maxillary arcade multiple small areas of congestion in the stomach congestion in the duodenum and jejunum and in the colon reddened and edematous pancreas bilaterally enlarged adrenal glands and no other gross abnormalities.",0,0,1,-1,0,-1,"sarcoma","Mesenchymal","striated muscle","Animalia","Chordata","Mammalia","Perissodactyla","Equidae","Equus","Equus quagga",NA,"NWZP",1,1,0,1,3111,29.585798816568,29.585798816568,11.9986850756082,12.9848783694938,12.9848783694938,-1,0.6,18.28,32000,205000,280000,0.0038,456,-1
59509,"male",144,0,-1,0,1790,"62678","HARTMANN'S ZEBRA","1-Jul",2010,"TRAUMA (CERVICAL LUXATION) INTESTINAL NEMATODIASIS ENDARTERITIS CUTANOUS SPINDLE CELL TUMOR IRIS MELANOMA. This approximately 12-year-old male zebra died shortly after arrival after throwing itself into walls. Necropsy revealed good body condition bot larvae in the margo plicatus large and small strongyles throughout the small intestine and severe bruising in the area of C1-C3 with associated subluxation of C1-C2.",1,0,1,0,0,0,"melanoma","Eye","iris","Animalia","Chordata","Mammalia","Perissodactyla","Equidae","Equus","Equus zebra",NA,"NWZP",1,1,0,1,711,33.1689677843524,42.0447074293228,11.9000657462196,9.99342537804076,9.99342537804076,-1,0.6,22.02,35000,117097.78,296000,-1,398.4,-1
106215,"female",156,0,-1,0,1822,"103861","LEOPARD GECKO","20-Apr",2015,"XANTHOMATOSIS DYSGERMINOMA BACTERIAL ABSCESS. This 13-year-old female gecko had a history of lethargy and weight loss and a mass was identified by ultrasound. Cytologic examination identified a neoplasm. Multiple masses were removed surgically and gout was noted during the surgical procedure. The animal subsequently died and necropsy revealed thin body condition white gritty material along ventral coelomic veins extending to the hepatic lobes and effacing approximately 50% of the lungs. Inspissated follicles were in the reproductive tract. The stomach contained cricket parts and the colon was moderately distended with fluid and ingesta. Adipose stores were atrophic.",1,0,1,0,0,0,"dysgerminoma","Other","widespread","Animalia","Chordata","Reptilia","Squamata","Gekkonidae","Eublepharis","Eublepharis macularius","Leopard Gecko","NWZP",1,1,0,1,597,13.1492439184747,13.1492439184747,1.80802103879027,-1,40,-1,2.25,-1,1.87,-1,35.53,-1,342,-1
96656,"male",324,0,-1,0,1830,"103319","SOUTHERN ROCKHOPPER PENGUIN","17-Mar",2015,"DEGENERATIVE ARTHRITIS CATARACTS EUTHANASIA. This 27-year-old male penguin had been on long-term pain management for severe chronic osteoarthritis in the coxofemoral and stifle joints causing markedly decreased mobility. This bird had a partial digital amputation due to digital melanoma in May 2008. This animal’s condition progressively worsened and euthanasia was performed for humane and diagnostic purposes. Necropsy identified thin body condition bilateral cataracts previously amputated portion of right digit #4 normal ingesta in the gastrointestinal tract testicular asymmetry with the left 1.5x larger than the right osteophyte accumulation and thickening of the joint capsule of the stifle and coxofemoral joints and no other abnormalities.",0,0,1,-1,0,-1,"melanoma","Gastrointestinal","oral","Animalia","Chordata","Aves","Sphenisciformes","Spheniscidae","Eudyptes","Eudyptes chrysocome","Rockhopper Penguin","NWZP",1,1,0,1,165,-1,-1,-1,-1,1,-1,-1,-1,-1,-1,2470,-1,-1,-1
23188,"male",240,0,-1,0,1860,"22696","SOUTHERN RED BISHOP","14-Sep",2009,"TRAUMA SEMINOMA VENTRICULAR CANDIDIASIS. This 20-year-old male bishop was found dead. At necropsy the left testicle was markedly enlarged.",1,0,1,-1,1,-1,"seminoma","Reproductive","testis","Animalia","Chordata","Aves","Passeriformes","Ploceidae","Euplectes","Euplectes orix",NA,"NWZP",1,0,0,1,746,-1,-1,-1,-1,1,3.1,-1,-1,-1,-1,21.1,-1,-1,-1
106091,"female",288,0,-1,0,1894,"103788","GYRFALCON","16-Apr",2015,"CIRRHOSIS HEPATOCELLULAR ADENOMA IRIS MELANOMA CATARACTS ATHEROSCLEROSIS EUTHANASIA. This 24-year-old female gyrfalcon had an intermittent history of lethargy and inappetence and weakness while flying. Radiographs revealed a large soft tissue opacity in the coelom and euthanasia was performed for humane and diagnostic purposes. At necropsy a large amount of clear yellow/orange fluid was present throughout the coelomic cavity air sacs were cloudy the liver was dark multilobular with multiple firm areas and areas of necrosis and liquefaction. The spleen was pale and the heart was subjectively enlarged. Ovarian material was small and inactive. Lungs were bright red. Bilateral cataracts were noted.",1,0,1,0,0,0,"melanoma","Gastrointestinal","liver","Animalia","Chordata","Aves","Falconiformes","Falconidae","Falco","Falco rusticolus",NA,"NWZP",1,0,0,-1,1773,23.9973701512163,23.9973701512163,1.15055884286654,-1,73,3.72,-1,-1,52.08,-1,1406.5,-1,162,-1
99503,"male",108,0,-1,0,1895,"102504","AMERICAN  KESTREL","3-Feb",2015,"BILATERAL SEMINOMAS EUTHANASIA. This 9-year-old male kestrel had experienced a voice change and weight loss over a four-month period. The animal was believed to have a coelomic mass and increased opacity in the left humerus. Aspergillus panels were negative. The mass effect radiographically has enlarged over time and was palpable. During exploratory surgery the mass was considered nonresectable and euthanasia was performed. Necropsy revealed that the mass was white vascular and friable and left a concave section of the left kidney when excised. A similar mass or enlarged testicle was on the right side. A large amount of subcutaneous and cavity fat was noted although the keel muscle was atrophied. Firm green debris was in the lumen of the left humerus.",1,0,1,-1,1,-1,"seminoma","Reproductive","kidney","Animalia","Chordata","Aves","Falconiformes","Falconidae","Falco","Falco sparverius","Kestrel","NWZP",1,1,0,1,760,11.9986850756082,11.9986850756082,0.953320184089415,-1,36.5,4.6,1.5,-1,-1,-1,117,0.285,204,-1
7633,"male",78,0,-1,0,1946,"4657","GREEN JUNGLEFOWL","30-Jan",1998,"ACUTE SHOCK SEMINOMA PROLIFERATIVE ENTERITIS WITH POSSIBLE CRYPTOSPORIDIA. This 6.5-year-old male junglefowl died a few minutes after being released into an exhibit following oral fenbendazole administration. Necropsy reveal a baseball-sized brown/purple mass found in the region of the left testicle. A walnut-sized similar mass was seen in this area as well. Masses were predominantly firm but also contained cavities of soft whitish necrotic tissue on cut surface.",1,0,1,-1,1,-1,"seminoma","Gastrointestinal","oral","Animalia","Chordata","Aves","Galliformes","Phasianidae","Gallus","Gallus gallus","Domestic chicken","NWZP",1,0,0,-1,-1,-1,-1,-1,-1,11.8671545434973,-1,-1,-1,25,-1,779.8,0.037,360,-1
23158,"male",180,0,-1,0,1946,"30634","BANDED RAIL","15-Aug",2014,"DEGENERATIVE ARTHRITIS BILATERAL SEMINOMAS EUTHANASIA. This 15-year-old male banded rail previously fractured its femur in 2006. It developed lameness in 2012 with some bone proliferation attributed to degenerative osteoarthritis. Supportive care was administered until the bird’s quality of life deteriorated and euthanasia was performed for humane and diagnostic purposes. Necropsy revealed bone proliferation at the previous fracture site fair body condition and a moderate amount of dark-colored fibrinonecrotic debris within the right stifle. Proliferative changes were noted in both stifle joints and tarsi. The great vessels were firm food was in the ventriculus both testes were enlarged and a core of debris was in the right testis.",1,0,1,-1,1,-1,"seminoma","Bone","bone","Animalia","Chordata","Aves","Galliformes","Phasianidae","Gallus","Gallus gallus","Domestic chicken","NWZP",1,0,0,1,9667,-1,-1,-1,-1,11.8671545434973,-1,-1,-1,25,-1,779.8,0.037,360,-1
33505,"female",84,0,-1,0,1946,"36441","CHICKEN","12-Sep",2002,"COELOMIC MELANOMA PROBABLE OVARIAN ORIGIN. This 7-year-old female chicken died. Necropsy revealed purulent material in the coelomic cavity and diffusely necrotic gastrointestinal tract.",1,0,1,-1,1,-1,"melanoma","Reproductive","ovary","Animalia","Chordata","Aves","Galliformes","Phasianidae","Gallus","Gallus gallus","Domestic chicken","NWZP",1,0,0,-1,-1,-1,-1,-1,-1,11.8671545434973,-1,-1,-1,25,-1,779.8,0.037,360,-1
106095,"male",120,0,-1,0,1946,"108112","WHITE LEGHORN CHICKEN","15-Jan",2016,"SEMINOMA EMACIATION OSTEOARTHRITIS NECROULCERATIVE DERMATITIS PNEUMOCONIOSIS. This 10-year-old male white leghorn chicken has a history of losing weight and falling over. The animal was euthanized for humane and diagnostic purposes. At necropsy the air sacs were thickened. There was some yellow discoloration of the left pulmonary lobe. The right testis was slightly larger than the left. There was a synovial cyst adjacent to the left metatarsus.",0,0,1,0,0,0,"seminoma","Epithelial","skin","Animalia","Chordata","Aves","Galliformes","Phasianidae","Gallus","Gallus gallus","Domestic chicken","NWZP",1,0,0,1,9667,-1,-1,-1,-1,11.8671545434973,-1,-1,-1,25,-1,779.8,0.037,360,-1
53047,NA,324,0,-1,0,2003,"50309","NURSE SHARK","1-Jun",2005,"EUTHANASIA BILIARY CYSTS ENTERITIS COELOMITIS URATE STASIS. This 27-year-old nurse shark developed anorexia and lethargy and has been treated for the past five months with antibiotics. Lobulated masses were identified on ultrasound exam adjacent to the liver. A dark skin lesion was diagnosed on biopsy as a melanoma. The animal was anesthetized for laparoscopy and exploratory surgery and was euthanized under anesthesia. At necropsy multiple firm pale or lightly pigmented skin lesions were identified over the body and fins. The liver was enlarged and contained lobular masses on the dorsal aspect ranging from 0.5 to 10 cm. in diameter. The kidney contained a 2 cm. diameter tan/white area. A duct-like structure was identified in the mesentery of the GI tract.",0,0,1,0,0,0,"melanoma","Gastrointestinal","liver","Animalia","Chordata","Chondrichthyes","Orectolobiformes","Ginglymostomatidae","Ginglymostoma","Ginglymostoma cirratum",NA,"NWZP",1,1,0,1,165,-1,-1,-1,-1,9.88929545291438,-1,-1,-1,-1,-1,60280,-1,300,-1
111443,"female",118.23,0,-1,0,2027,"1082120.0","Iguana","40511.0",-1,"Coelomic cavity: Mesothelial proliferation with yolk aggregates (suggestive of yolk coelomitis) Liver: Moderate melanomacrophage center hyperplasia Comments The histologic findings were most consistent with a florid mesothelial proliferation within the coelomic cavity and covering the surface of multiple coelomic organs. The presence of yolk associated with the areas of mesothelial proliferation was suggestive of an underlying yolk coelomitis. Yolk coelomitis is a well-recognized problem and a significant cause of death in captive adult female lizards; particularly Fiji Island Iguanas (see Stacy et al; J Zoo Wildl Med. 2008 Jun;39(2):161-9.Yolk coelomitis in Fiji Island banded iguanas (Brachylophus fasciatus).The proliferative mesothelial cell population was considered to be a reactive response to free intracoelomic yolk based on the signalment (mature female). The basis for the florid mesothelial response is not known; however it is thought to be influenced by the volume of yolk present ant the chronicity of coelomitis. Jennifer Lamoureux; D",1,0,1,0,0,0,"melanoma","Gastrointestinal","liver","Animalia","Chordata","Reptilia","Squamata","Agamidae","Gonocephalus","Gonocephalus chamaeleontinus","Chameleon Forest Dragon","MSU",1,0,0,1,-1,-1,-1,-1,-1,17.1994626517087,-1,4.6,-1,-1,0.58,-1,-1,521.76,-1
113920,"female",118.23,0,-1,0,2027,"1082120.0","Iguana","40511.0",-1,"Coelomic cavity: Mesothelial proliferation with yolk aggregates (suggestive of yolk coelomitis) Liver: Moderate melanomacrophage center hyperplasia Comments The histologic findings were most consistent with a florid mesothelial proliferation within the coelomic cavity and covering the surface of multiple coelomic organs. The presence of yolk associated with the areas of mesothelial proliferation was suggestive of an underlying yolk coelomitis. Yolk coelomitis is a well-recognized problem and a significant cause of death in captive adult female lizards; particularly Fiji Island Iguanas (see Stacy et al; J Zoo Wildl Med. 2008 Jun;39(2):161-9.Yolk coelomitis in Fiji Island banded iguanas (Brachylophus fasciatus).The proliferative mesothelial cell population was considered to be a reactive response to free intracoelomic yolk based on the signalment (mature female). The basis for the florid mesothelial response is not known; however it is thought to be influenced by the volume of yolk present ant the chronicity of coelomitis. Jennifer Lamoureux; D",1,0,1,0,0,0,"melanoma","Gastrointestinal","liver","Animalia","Chordata","Reptilia","Squamata","Agamidae","Gonocephalus","Gonocephalus chamaeleontinus","Chameleon Forest Dragon","MSU",1,0,0,1,-1,-1,-1,-1,-1,17.1994626517087,-1,4.6,-1,-1,0.58,-1,-1,521.76,-1
119497,"female",118.23,0,-1,0,2027,"1082120.0","Iguana","40511.0",-1,"Coelomic cavity: Mesothelial proliferation with yolk aggregates (suggestive of yolk coelomitis) Liver: Moderate melanomacrophage center hyperplasia Comments The histologic findings were most consistent with a florid mesothelial proliferation within the coelomic cavity and covering the surface of multiple coelomic organs. The presence of yolk associated with the areas of mesothelial proliferation was suggestive of an underlying yolk coelomitis. Yolk coelomitis is a well-recognized problem and a significant cause of death in captive adult female lizards; particularly Fiji Island Iguanas (see Stacy et al; J Zoo Wildl Med. 2008 Jun;39(2):161-9.Yolk coelomitis in Fiji Island banded iguanas (Brachylophus fasciatus).The proliferative mesothelial cell population was considered to be a reactive response to free intracoelomic yolk based on the signalment (mature female). The basis for the florid mesothelial response is not known; however it is thought to be influenced by the volume of yolk present ant the chronicity of coelomitis. Jennifer Lamoureux; D",1,0,1,0,0,0,"melanoma","Gastrointestinal","liver","Animalia","Chordata","Reptilia","Squamata","Agamidae","Gonocephalus","Gonocephalus chamaeleontinus","Chameleon Forest Dragon","MSU",1,0,0,1,-1,-1,-1,-1,-1,17.1994626517087,-1,4.6,-1,-1,0.58,-1,-1,521.76,-1
75269,"male",192,0,-1,0,2158,"81010","MALAYAN SUN BEAR","9-Jun",2010,"COCCIDIODOMYCOSIS. This 16-year-old male Malayan sun bear has a four week history of inappetence and lethargy with intermittent cough facial swelling and nasal discharge. Supportive care was administered but the condition worsened and radiographic signs of pneumonia and pulmonary infiltrates were noted. The bear recovered from anesthesia but died overnight. Necropsy revealed pneumonia a hematoma in the tongue cervical hemorrhage and pulmonary hemorrhage. This bear has a history of recurrent squamous cell carcinoma on the lower lip but no current gross lesions in this regard.",0,0,1,-1,0,-1,"carcinoma","Respiratory","lung","Animalia","Chordata","Mammalia","Carnivora","Ursidae","Helarctos","Helarctos malayanus",NA,"NWZP",1,1,0,1,597,77.9750164365549,-1,3.12294543063774,2.9585798816568,2.9585798816568,1.1,-1,-1,325,-1,46000,-1,430.8,-1
98262,"female",336,0,-1,0,2158,"105021","SUN BEAR","19-Jun",2015,"ASPIRATION PNEUMONIA CHRONIC GINGIVITIS DIC GASTRIC AIR EMBOLI EUTHANASIA. This 28-year-old female sun bear has a 10-year history of oral squamous cell carcinoma associated with herpesvirus infection. The condition has been mostly in remission at rechecks. The animal had been treated with various anti-inflammatories and painkillers for arthritis and antibiotics for dental disease. One month earlier the animal had an episode of inappetence with loose stools and became lethargic with slightly elevated respiratory effort. The bear’s condition gradually deteriorated and radiographs revealed extensively consolidated pulmonary fields. Brown flocculent foul-smelling fluid was on the endotracheal tube. Endoscopic exam of the trachea revealed brown fluid at the tracheal bifurcation of the left lung. The animal did not fully recover from anesthesia and euthanasia was performed for humane and diagnostic purposes. Necropsy revealed severe arthritis in the hips approximately 200 ml. of brown foul-smelling fluid in a bulla of the left middle pulmonary lobe and approximately two-thirds of the remaining lungs also affected. Severe chronic dental disease was also noted. The pylorus appeared inflamed. A cataract was also noted.",0,0,1,-1,0,-1,"carcinoma","Gastrointestinal","oral","Animalia","Chordata","Mammalia","Carnivora","Ursidae","Helarctos","Helarctos malayanus",NA,"NWZP",1,0,0,1,4035,77.9750164365549,-1,3.12294543063774,2.9585798816568,2.9585798816568,1.1,-1,-1,325,-1,46000,-1,430.8,-1
102360,"female",360,0,-1,0,2158,"110142","MALAYAN SUN BEAR","19-May",2016,"DEGENERATIVE JOINT DISEASE OBESITY NEPHROSCLEROSIS. This 30-year-old female sun bear had a history of chronic progressive decline in mobility forelimb lameness and did not respond to supportive care. Euthanasia was performed for humane and diagnostic purposes. Necropsy revealed good to excessive nutritional condition mild subcutaneous emphysema around the scapula and lateral to the cranial thorax several small scars on the nasal planum and left oral commissure (previously resected squamous cell carcinomas) a small amount of brown-tinged fluid throughout the right sinus cavity 100 ml. of serosanguineous fluid in each pleural space a small amount of serous pericardial effusion thin right ventricular wall severely advanced osteoarthritic changes in the left elbow with cartilage erosion and many osteophytes. The joint was unstable and bone anatomy was distorted particularly the junction of the ulnar and humeral regions. The left shoulder had moderate erosive osteoarthritis. The right elbow had advanced osteoarthritis but less than the left. Cartilage erosion and osteophytes were noted but the joint was more stable. The right should had severe osteoarthritic changes with cartilage erosions osteophytes and irregular articular surfaces. The stifle joints had moderate erosion of articular cartilage. This bear had a history of oral squamous cell carcinoma and a resected mammary gland adenocarcinoma with no evidence of local recurrence regarding either of the lesions and no evidence of metastases.",0,0,1,-1,0,-1,"adenocarcinoma","Mammary","mammary","Animalia","Chordata","Mammalia","Carnivora","Ursidae","Helarctos","Helarctos malayanus",NA,"NWZP",1,1,0,1,760,77.9750164365549,-1,3.12294543063774,2.9585798816568,2.9585798816568,1.1,-1,-1,325,-1,46000,-1,430.8,-1
91492,"female",360,0,-1,0,2160,"97705","GILA MONSTER","23-Jun",2009,"DISSEMINATED INFECTIOUS DISEASE PROCESS BACTERIAL OR YEAST. This greater than 30-year-old female Gila monster was diagnosed in 2002 with chronic lymphocytic leukemia and had been under treatment for weight loss and general decline. The lizard died and necropsy revealed approximately 100 cc. of flocculent brown/yellow colored fluid that was malodorous in the coelomic cavity. Active folliculogenesis and adhesions of the reproductive tract to related soft tissues and body wall were also noted.",0,0,1,-1,0,-1,"leukemia","Round Cell","lymph nodes","Animalia","Chordata","Reptilia","Squamata","Helodermatidae","Heloderma","Heloderma suspectum","Gila Monster","NWZP",0,0,0,-1,-1,-1,-1,-1,-1,11.432025543569,5.3,-1,-1,45.39,-1,553.41,-1,346.8,-1
62554,"male",180,0,-1,0,2433,"65221","NILE LECHWE","20-Oct",2003,"EUTHANASIA SEMINOMA ARTHRITIS. This 15-year/10-month-old male lechwe was humanely euthanized. It had a history of not doing right weight loss and lameness. At necropsy its body condition was 1. The hip joint surfaces appeared roughened. The animal was extremely thin with no fat present. The bladder was empty. There were possible worm-like raised lesions in the small intestine.",1,0,1,-1,1,-1,"seminoma","Urinary","bladder","Animalia","Chordata","Mammalia","Artiodactyla","Bovidae","Kobus","Kobus megaceros",NA,"NWZP",1,0,0,1,746,23.9973701512163,23.9973701512163,7.72518080210388,-1,73,-1,-1,11.6,5100,-1,90000,-1,253.2,-1
81209,"male",180,0,-1,0,2470,"86834","SONORAN BLACK KINGSNAKE","5-Jun",2006,"EUTHANASIA HEMATOMA MYOCARDIAL FIBROSIS RENAL GOUT HEPATIC LIPIDOSIS INANITION. This 15-year-old male kingsnake had a previous history of renal adenocarcinoma. Recently the animal has lost weight and begun regurgitating. Masses were noted consistent with a hematoma. The animal was humanely euthanized. At necropsy minimal body fat was identified. A 2 x 3 cm. in diameter mass was present near the splenopancreas and a smaller mass was adjacent to the pancreas. The kidney contained gouty deposits.",0,0,1,-1,0,-1,"adenocarcinoma","Gastrointestinal","liver","Animalia","Chordata","Reptilia","Squamata","Colubridae","Lampropeltis","Lampropeltis getula",NA,"NWZP",1,1,0,1,1861,35.9960552268245,35.9960552268245,2.00525969756739,-1,109.5,11,-1,-1,-1,-1,2041,-1,399.6,-1
52495,"male",-1,0,-1,0,2506,"49485","NILE PERCH","16-Dec",2001,"EUTHANASIA SEMINOMA. This adult male perch was humanely euthanized due to chronic coelomic distention. Two diagnostic cytologic aspirates radiographs and ultrasound suggested neoplastic disease. At necropsy an approximately 1 lb. white multilobulated mass was in the coelomic cavity. On cut section the mass oozed white creamy fluid. Several areas were cystic and several areas were cavitated. The gall bladder was distended with thin yellow/brown bile. There were several 2-3 mm. white nodules on the serosa of the intestine and within the coelomic cavity. The cranial kidney oozed white fluid on cut section and the caudal kidney was highly pigmented.",0,0,1,0,0,0,"seminoma","Gastrointestinal","gall bladder","Animalia","Chordata","Actinopterygii","Perciformes","Latidae","Lates","Lates niloticus",NA,"NWZP",1,1,0,1,711,29.9802761341223,-1,-1,-1,912,-1,-1,-1,-1,-1,110000,-1,93.6,-1
63157,"male",192,0,-1,0,2526,"68037","OCELOT","25-Aug",2003,"CHRONIC RENAL DISEASE AMYLOIDOSIS MEMBRANOPROLIFERATIVE GLOMERULONEPHROPATHY HEPATIC NECROSIS. This 16-year-old male ocelot died. It was previously diagnosed with an oral fibrosarcoma in conjunction with azotemia (chronic renal failure). The ocelot’s clinical signs worsened in severity recently. At necropsy the kidneys were firm and fibrotic with irregular margins. The gall bladder was difficult to express. The pancreas appeared inflamed adjacent to the proximal duodenum. The duodenum was thickened proximally. There was diffuse yellow stained abdominal fat.",0,0,1,-1,0,-1,"fibrosarcoma","Gastrointestinal","liver","Animalia","Chordata","Mammalia","Carnivora","Felidae","Leopardus","Leopardus pardalis","Ocelot","NWZP",0,0,0,-1,-1,19.723865877712,19.723865877712,2.53122945430638,3.48454963839579,3.48454963839579,1.66,0.75,14.86,255.5,3400,8800,-1,338.4,3682.8
75531,"male",11,0,0,0,2548,"81352","SERVAL","31-Dec",2013,"PROBABLE FIP EUTHANASIA. This 11-month-old intact male serval has a four month history of illness that included constipation cavitary ascites depressed mentation and diarrhea. The cat initially responded to treatment but the condition would return when treatment was discontinued. The cat has tested negative by PCR and antibody titer to feline infectious peritonitis and has also tested negative for feline immunodeficiency virus and feline leukemia virus. Euthanasia was performed for humane and diagnostic purposes and in addition to the ascites numerous coalescing white nodules were in the kidneys.",0,0,1,-1,0,-1,"leukemia","Reproductive","testis","Animalia","Chordata","Mammalia","Carnivora","Felidae","Leptailurus","Leptailurus serval","Serval","NWZP",0,0,1,-1,15291,26.9888231426693,29.189677843524,2.30111768573307,4.2077580539119,4.2077580539119,2.5,2.5,5.79,263,-1,13350,-1,268.8,258.06
15603,NA,180,0,-1,0,2551,"15556","SMOKY JUNGLE FROG","5-May",2004,"SEMINOMA. This greater than 15-year-old smoky jungle frog was hospitalized for supportive care due to emaciated condition but was found dead the following morning. Necropsy revealed thin body condition and a 3 cm. pale firm yellow mass in the coelomic cavity adjacent to the pancreas. Adhesions of the mass to the gastrointestinal tract were noted.",1,0,1,-1,1,-1,"seminoma","Endocrine","pancreas","Animalia","Chordata","Amphibia","Anura","Leptodactylidae","Leptodactylus","Leptodactylus pentadactylus",NA,"NWZP",1,1,0,1,165,-1,-1,-1,-1,7.43675018059161,-1,-1,-1,-1,-1,-1,-1,225.6,-1
80442,"male",-1,0,-1,0,2571,"79046","WONGA PIGEON","2-Oct",2000,"SEMINOMA INANITION ANTHRACOSIS. This adult male pigeon was found dead on exhibit. The keepers reported seeing this pigeon fluffed at the PM check the day prior to death. At necropsy there was a large defect within the left body wall. The head and neck appeared chewed on by a predator. Some internal organs were missing. The left lung was absent and the right lung was dark and friable. The thoracic air sacs had white foci. The liver was mostly missing and the remaining tissue was dark. The kidneys were uniformly pale and mottled. The left testis was three times larger than the right testis and was creamy white colored. On the serosal surface there were multiple purplish foci and a large central discolored region on the cut surface. The gastrointestinal tract was filled with light tan ingesta and gas.",1,0,1,-1,1,-1,"seminoma","Respiratory","lung","Animalia","Chordata","Aves","Columbiformes","Columbidae","Leucosarcia","Leucosarcia melanoleuca",NA,"NWZP",1,1,0,1,15101,-1,-1,-1,-1,6.44782063530017,-1,-1,-1,-1,-1,429,-1,195.6,-1
16685,NA,60,0,-1,0,2726,"15575","GOLDEN MANTELLA","17-Mar",2011,"HEPATIC MELANOMACROPHAGE HYPERPLASIA. This 5-year-old golden mantella was found dead on February 8 2011. Gross necropsy revealed no significant lesions.",1,0,1,0,0,0,"melanoma","Gastrointestinal","liver","Animalia","Chordata","Amphibia","Anura","Mantellidae","Mantella","Mantella aurantiaca","Golden Mantella","NWZP",1,0,0,1,4201,-1,-1,0.460223537146614,-1,4.31173281747067,40,-1,-1,-1,-1,-1,-1,130.8,-1
6427,"male",120,0,-1,0,2804,"7068","WILD TURKEY","16-Nov",1998,"HEPATOXINS SEMINOMA. This 10-year-old male turkey had a history of lameness and ataxia that did not respond to treatment. Euthanasia was performed for humane reasons. Necropsy revealed a prominent keel with pressure sores possible abscesses in the liver pale spleen and erosions on the articular surfaces of the stifles with associated thickening of the joint capsules.",1,0,1,-1,1,-1,"seminoma","Gastrointestinal","liver","Animalia","Chordata","Aves","Galliformes","Phasianidae","Meleagris","Meleagris gallopavo","Domestic Lavender Turkey","NWZP",1,0,0,-1,-1,9.99342537804076,11.9986850756082,0.920447074293228,-1,33.45,11,-1,-1,47,-1,6050,0.023,156,-1
33783,"male",-1,0,-1,0,2807,"36577","BUDGERIGAR","1-Jul",2011,"SEMINOMA. This adult male budgerigar exhibited weight loss and regurgitation. Gross necropsy revealed dissimilar testes and a thickened right hepatic lobe. The bird is from a home with a history of proventricular dilatation disease.",1,0,1,-1,1,-1,"seminoma","Reproductive","testis","Animalia","Chordata","Aves","Psittaciformes","Psittaculidae","Melopsittacus","Melopsittacus undulatus","Budgerigar","NWZP",0,0,0,-1,15649,5.91715976331361,5.91715976331361,0.591715976331361,-1,18,-1,-1,-1,1.44,-1,30,0.231,252,-1
37744,NA,72,0,-1,0,2807,"41303","BUDGERIGAR","16-Mar",2010,"MACRORHABDIOSIS EUTHANASIA. This approximately 6-year-old budgerigar had a high grade poorly differentiated sarcoma on the right leg. The lesion was nonresectable and euthanasia was performed for humane and diagnostic purposes. No external or gross abnormalities were noted at necropsy other than the leg tumor.",0,0,1,-1,0,-1,"sarcoma",NA,NA,"Animalia","Chordata","Aves","Psittaciformes","Psittaculidae","Melopsittacus","Melopsittacus undulatus","Budgerigar","NWZP",0,0,0,-1,-1,5.91715976331361,5.91715976331361,0.591715976331361,-1,18,-1,-1,-1,1.44,-1,30,0.231,252,-1
41637,"male",108,0,-1,0,2807,"41490","BUDGERIGAR","13-Sep",2013,"SEMINOMA MACRORHABDIOSIS EMACIATION. This 9-year-old male budgerigar has a one month history of increased respiratory rate higher than normal body weight sharp keel and a possible mass effect. Euthanasia was performed for humane and diagnostic purposes. Necropsy revealed a tumor in the liver.",1,0,1,0,0,0,"seminoma","Gastrointestinal","liver","Animalia","Chordata","Aves","Psittaciformes","Psittaculidae","Melopsittacus","Melopsittacus undulatus","Budgerigar","NWZP",1,1,0,1,15333,5.91715976331361,5.91715976331361,0.591715976331361,-1,18,-1,-1,-1,1.44,-1,30,0.231,252,-1
105298,"male",24,0,-1,0,2807,"107046","BUDGERIGAR","21-Oct",2015,"SEMINOMA EUTHANASIA. This 2-year-old budgerigar of undetermined gender presented one month earlier with increased respiratory rate and received supportive care. On day #7 of treatment the bird was accidentally released from its cage into the aviary and treatment at that time was discontinued. The bird subsequently represented with tachypnea and inability to fly and was euthanized for humane and diagnostic purposes. Necropsy revealed slight overconditioning reddened gastrointestinal tract abnormally small and empty proventriculus normal ingesta in the small intestine male reproductive tract and a small cyst in the left testicle.",0,0,1,0,0,0,"seminoma","Gastrointestinal","small intestine","Animalia","Chordata","Aves","Psittaciformes","Psittaculidae","Melopsittacus","Melopsittacus undulatus","Budgerigar","NWZP",0,1,0,-1,4177,5.91715976331361,5.91715976331361,0.591715976331361,-1,18,-1,-1,-1,1.44,-1,30,0.231,252,-1
8285,"female",180,0,0,0,2866,"10090","AMETHYSTINE PYTHON","30-Sep",1999,"SEPSIS SURGICAL COMPLICATION. This approximately 15-year-old female python was found dead with blood in its cage. It had a history of a coelomic/pulmonary fibrosarcoma that was surgically removed (G99-2606) as well as pneumonia. At necropsy the body was swollen at the site of surgery but sutures were intact. The right eye was large and dark. There was pooled blood at the site of surgery. There was torn small vessel off of the vena cava as the only obvious open vessel. The cranial lung was very congested and there was blood within the lung and trachea. The caudal lung was full of foam. There were small encysted structures within the parenchyma and multiple black areas of black pigment within the serosa. The pericardial sac was filled with fluid. Both ovaries had multiple cystic structures of varying sizes shapes firmness and colors. The gall bladder was very large but easily expressed.",0,0,1,-1,0,-1,"fibrosarcoma","Respiratory","lung","Animalia","Chordata","Reptilia","Squamata","Pythonidae","Morelia","Morelia amethistina",NA,"NWZP",0,0,0,-1,-1,-1,-1,-1,-1,5.45889109000874,-1,-1,-1,-1,-1,-1,-1,165.6,-1
90995,NA,144,0,-1,0,2869,"95098","CARPET PYTHON","11-Aug",2011,"MELANOMA GRANULOSA CELL TUMOR EUTHANASIA. This approximately 12-year-old carpet python was donated from Ringling. It had a history of recurrent neoplasia involving the skin. Euthanasia was performed for humane and diagnostic purposes. Necropsy revealed a mass on the left lateral body wall to 67 cm. from the rostrum that was firm and in the skin and subcutis. The mass was 9 cm. long 7 cm. wide and 4 cm. in depth. A granulomatous or collagenous mass surrounded a firmer layer of necrotic tissue near the ovaries.",1,0,1,0,0,0,"melanoma","Reproductive","ovary","Animalia","Chordata","Reptilia","Squamata","Pythonidae","Morelia","Morelia spilota","Diamond Python","NWZP",1,1,0,1,3111,-1,-1,2.07100591715976,-1,7.75320763508487,21.6,-1,-1,25.9,-1,15926,-1,235.2,-1
95384,NA,-1,0,-1,0,2869,"97485","DIAMOND PYTHON","24-Jun",2002,"PROLIFERATIVE OSTEOARTHROSIS SEMINOMA. This adult python was found dead. It was noted the day prior to death with swelling of the spine and flaccid tail. It died before diagnostics were performed. At necropsy there were moderate coelomic fat bodies. The lungs appeared congested. The heart appeared enlarged. There was bruising of tissues around the heart. The liver appeared grossly enlarged. There were occasional small light tan areas in the parenchyma. There was no food in the upper gastrointestinal tract. The large intestine was distended with a number of fecal boluses. The adrenals appeared enlarged. The majority of the spine was fused. There were areas of osseous proliferation at the bodies of the vertebrae that varied in size and shape. There was a section of spine approximately 12 cm. long that was completely transected from the rest of the spine. The caudal aspect of this fragment had macerated the underlying musculature and into the coelomic cavity. The skin above this area was thin and bruised. The cranial aspect of this fragment had macerated and bruised underlying musculature.",1,0,1,-1,1,-1,"seminoma","Nervous","spinal cord","Animalia","Chordata","Reptilia","Squamata","Pythonidae","Morelia","Morelia spilota","Diamond Python","NWZP",1,1,0,1,711,-1,-1,2.07100591715976,-1,7.75320763508487,21.6,-1,-1,25.9,-1,15926,-1,235.2,-1
90248,"female",204,0,-1,0,2871,"94862","GREEN TREE PYTHON","25-Aug",2004,"CUTANEOUS MELANOMA WITH VISCERAL METASTASIS. This 17-year-old female green tree python had a history of cutaneous melanoma that was partially excised on two different occasions. The animal died and necropsy revealed swelling just caudal to the old incision site where the melanoma was debulked multifocal white masses in the lung liver and kidney.",1,0,1,-1,1,-1,"melanoma","Epithelial","skin","Animalia","Chordata","Reptilia","Squamata","Pythonidae","Morelia","Morelia viridis","Green Tree Python","NWZP",1,0,0,1,576,-1,-1,1.82445759368836,-1,8.14877945320145,16,-1,-1,9.4,-1,3113,-1,247.2,-1
65479,"female",60,0,-1,0,2886,"68492","BLACK-FOOTED FERRET","9-Mar",2012,"EUTHANASIA MESOTHELIOMA CHRONIC NEPHRITIS. This 5-year-old female ferret was euthanized due to chronic renal disease and abdominal neoplasia. At necropsy a large quantity of milky fluid was present in the abdomen. Numerous small coalescing nodular masses were present on the diaphragm and throughout the mesentery. A mass of material was overlying the pleural surface of the lungs.",1,0,1,0,0,0,"mesothelioma","Reproductive","kidney","Animalia","Chordata","Mammalia","Carnivora","Mustelidae","Mustela","Mustela nigripes","Black Footed Ferret","NWZP",1,1,0,-1,11543,11.9986850756082,11.9986850756082,1.41354372123603,1.9612097304405,1.9612097304405,3.36,1.1,12,7.4,-1,1021,-1,112.8,-1
103988,"female",72,0,1,0,2886,"111568","BLACK-FOOTED FERRET","9-Aug",2016,"SUSPECT NEPHROTOXICITY DUE TO CISPLATIN EUTHANASIA. This 6-year-old spayed female black-footed ferret had hepatic carcinoma with surgical removal in the right hepatic lobe. This animal received a regimen of chemotherapy which was stopped due to worsening renal values. The animal was euthanized six months later for humane and diagnostic purposes.",0,0,1,-1,0,-1,"carcinoma","Gastrointestinal","liver","Animalia","Chordata","Mammalia","Carnivora","Mustelidae","Mustela","Mustela nigripes","Black Footed Ferret","NWZP",1,1,0,1,10238,11.9986850756082,11.9986850756082,1.41354372123603,1.9612097304405,1.9612097304405,3.36,1.1,12,7.4,-1,1021,-1,112.8,-1
54532,"female",96,0,-1,0,2888,"58631","FERRET","21-Apr",2006,"EUTHANASIA MYOCARDIAL FIBROSIS. This 8-year-old female ferret had a prior diagnosis of lymphoma and was treated with chemotherapeutics for the past six months. The animal’s condition declined acutely approximately four days following the last chemotherapy treatment. The animal was humanely euthanized.",0,0,1,-1,0,-1,"lymphoma","Round Cell","lymph nodes","Animalia","Chordata","Mammalia","Carnivora","Mustelidae","Mustela","Mustela putorius","Ferret","NWZP",0,0,0,-1,12035,10.2564102564103,10.5851413543721,1.38067061143984,2.07100591715976,2.07100591715976,7.5,1.5,4.6,9.5,-1,809,0.0328,133.2,847.8
55253,"male",48,0,-1,0,2888,"59883","FERRET","28-Aug",2006,"EUTHANASIA PERITONITIS ENTERITIS GASTRITIS MYOCARDIAL FIBROSIS VACUOLAR DEGENERATION. This 4-year-old male ferret had a history of anorexia weight loss and lethargy. The animal presented acutely with bile peritonitis. Laparotomy revealed enlarged mesenteric lymph nodes and severe peritonitis. Lymph node cytology was consistent with lymphoma and the animal was humanely euthanized. At necropsy the anterior mediastinum was expanded by pale pink to tan soft tissue. The abdomen contained 10 ml. of flocculent yellow/tan fluid. The jejunum had a 4 cm. length of thickened wall consisting of firm yellow/white tissue. A pinpoint perforation was identified within the jejunum. The spleen contained a 1 mm. in diameter raised firm white nodule.",0,0,1,-1,0,-1,"lymphoma","Round Cell","lymph nodes","Animalia","Chordata","Mammalia","Carnivora","Mustelidae","Mustela","Mustela putorius","Ferret","NWZP",1,0,0,1,619,10.2564102564103,10.5851413543721,1.38067061143984,2.07100591715976,2.07100591715976,7.5,1.5,4.6,9.5,-1,809,0.0328,133.2,847.8
55896,"female",96,0,-1,0,2888,"59584","EUROPEAN FERRET","28-Aug",2008,"EUTHANASIA CHRONIC NEPHRITIS CHRONIC CYSTITIS MYOCARDIAL FIBROSIS ATELECTASIS INSULINOMA. This 8-year-old female ferret has a recent history of weight loss and stranguria. The animal was humanely euthanized. At necropsy tan to white foci were present in the lungs. Kidneys were irregular and contained fluid filled cysts.",0,0,1,0,0,0,"insulinoma","Respiratory","lung","Animalia","Chordata","Mammalia","Carnivora","Mustelidae","Mustela","Mustela putorius","Ferret","NWZP",1,1,0,1,597,10.2564102564103,10.5851413543721,1.38067061143984,2.07100591715976,2.07100591715976,7.5,1.5,4.6,9.5,-1,809,0.0328,133.2,847.8
56247,"male",84,0,1,0,2888,"60787","DOMESTIC FERRET","13-Apr",2012,"MYOCARDIAL FIBROSIS DERMATOPHYTOSIS INFLAMMATORY BOWEL DISEASE. This 7-year-old male/castrated ferret had a history of chronic adrenal disease and a deslorelin implant placed two months earlier. An insulinoma was managed clinically. The ferret had chronic atelectasis of the cranial segment of the left cranial pulmonary lobe and chronic progressive dermatitis or pyoderma of the face and tail. A resected sebaceous epithelioma of the second digit was also performed in January 2012. The ferret had morbid obesity weakness and may have been immunosuppressed. Euthanasia was performed for humane and diagnostic purposes.",0,0,1,-1,0,-1,"insulinoma","Epithelial","skin","Animalia","Chordata","Mammalia","Carnivora","Mustelidae","Mustela","Mustela putorius","Ferret","NWZP",1,1,0,1,15503,10.2564102564103,10.5851413543721,1.38067061143984,2.07100591715976,2.07100591715976,7.5,1.5,4.6,9.5,-1,809,0.0328,133.2,847.8
58401,"male",72,0,-1,0,2888,"60590","DOMESTIC FERRET","8-Feb",2005,"EUTHANASIA INSULINOMA PULMONARY HEMORRHAGE ENTERITIS. This 6-year-old male ferret has a history of suspected insulinoma. Gross necropsy findings were not provided.",1,0,1,0,1,0,"insulinoma","Respiratory","lung","Animalia","Chordata","Mammalia","Carnivora","Mustelidae","Mustela","Mustela putorius","Ferret","NWZP",1,1,0,1,579,10.2564102564103,10.5851413543721,1.38067061143984,2.07100591715976,2.07100591715976,7.5,1.5,4.6,9.5,-1,809,0.0328,133.2,847.8
61394,"female",36,0,1,0,2888,"66284","FERRET","11-Nov",2008,"NO PATHOLOGIC DIAGNOSIS VISCERA. This 3-year-old female/spayed ferret has a history of possible multiple myeloma (G08-5453). Euthanasia was performed and tissues are submitted to check for tumor.",0,0,1,-1,0,-1,"multiple myeloma","Other","widespread","Animalia","Chordata","Mammalia","Carnivora","Mustelidae","Mustela","Mustela putorius","Ferret","NWZP",0,0,0,-1,-1,10.2564102564103,10.5851413543721,1.38067061143984,2.07100591715976,2.07100591715976,7.5,1.5,4.6,9.5,-1,809,0.0328,133.2,847.8
62676,"male",96,0,-1,0,2888,"60573","FERRET","17-Sep",2007,"DEGENERATIVE CARDIAC DISEASE RENAL CORTICAL ADENOMA HEMANGIOMYELOLIPOMA INFLAMMATORY BOWEL DISEASE. This approximately 8-year-old male captive bred ferret has a history of insulinomas and associated therapy followed by diabetes mellitus that required insulin therapy. The ferret was gradually weaned off of insulin but developed cardiopulmonary disease with thoracic effusion. The ferret died and necropsy revealed bloody fluid in the thoracic cavity enlarged heart with pericardial effusion enlarged mediastinal lymph nodes ascites hemorrhagic mass at the root of the mesentery adhesions to the left pancreatic lobe mottled liver enlarged spleen dilated stomach and semifirm masses adjacent to the colon.",1,0,1,0,0,0,"insulinoma","Gastrointestinal","oral","Animalia","Chordata","Mammalia","Carnivora","Mustelidae","Mustela","Mustela putorius","Ferret","NWZP",0,0,0,-1,12035,10.2564102564103,10.5851413543721,1.38067061143984,2.07100591715976,2.07100591715976,7.5,1.5,4.6,9.5,-1,809,0.0328,133.2,847.8
64301,NA,60,0,-1,0,2888,"69409","FERRET","21-Sep",2006,"EUTHANASIA INSULINOMA SPLENIC MYELOLIPOMA GLOMERULONEPHRITIS. This 5-year-old ferret had a suspected insulinoma. The animal was humanely euthanized. At necropsy the distal spleen had a hard raised nodule. A raised red to brown nodule was present in the pancreas.",1,0,1,0,0,0,"insulinoma","Gastrointestinal","oral","Animalia","Chordata","Mammalia","Carnivora","Mustelidae","Mustela","Mustela putorius","Ferret","NWZP",1,0,0,1,912,10.2564102564103,10.5851413543721,1.38067061143984,2.07100591715976,2.07100591715976,7.5,1.5,4.6,9.5,-1,809,0.0328,133.2,847.8
64716,"female",72,0,1,0,2888,"70215","FERRET","17-Jan",2002,"ISLET CELL VACUOLAR DEGENERATION (POSSIBLE DIABETES MELLITUS) HEPATIC LIPIDOSIS DEGENERATIVE CARDIOMYOPATHY ASPIRATION PNEUMONIA. This 6-year-old female/spayed ferret had a history of periurethral adenocarcinoma islet carcinoma follicular demodicosis and lymphoplasmacytic gastroenteritis. The ferret had recently been listless and had tarry stools. The owner had syringe fed soft food and the ferret regurgitated the food with a small amount of blood. The ferret died shortly thereafter. Necropsy revealed a pale liver and spleen congested lungs coffee ground colored liquid contents in the stomach and areas of gastric ulceration and an ulcer in the proximal duodenum.",0,0,1,-1,0,-1,"adenocarcinoma","Gastrointestinal","liver","Animalia","Chordata","Mammalia","Carnivora","Mustelidae","Mustela","Mustela putorius","Ferret","NWZP",0,0,0,-1,12035,10.2564102564103,10.5851413543721,1.38067061143984,2.07100591715976,2.07100591715976,7.5,1.5,4.6,9.5,-1,809,0.0328,133.2,847.8
64727,"female",72,0,-1,0,2888,"70216","FERRET","15-Oct",2010,"DIABETES MELLITUS ISLET CELL VACUOLAR DEGENERATION PANCREATITIS INFLAMMATORY BOWEL DISEASE HEPATIC LIPIDOSIS ENDOCRINE DERMATOPATHY EUTHANASIA. This 6-year-old female domestic ferret was diagnosed with insulinoma in 2009 and had been managed with prednisolone since. The ferret also has clinical signs suggestive of adrenal disease but this was not substantiated with blood work. The ferret developed a one week history of lethargy hyperglycemia ketonuria and glucosuria. A midabdominal mass was palpated. Insulin was administered and glucose level returned to level over a two day period. The ferret’s condition subsequently worsened developing diarrhea and partial rectal prolapse and euthanasia was performed for humane and diagnostic purposes. Necropsy revealed emaciation fecal staining around the rectum and tail generalized alopecia multiple dark mottled areas on the skin of the legs attributed to hematoma formation associated with venipuncture dark red right caudal and right middle lung lobes moderate periodontal disease digested blood in the stomach trichobezoar in the stomach a 3 cm. mass in the mesentery adjacent to the stomach resembling adipose tissue pale liver large spleen multiple firm round masses in the mesentery adjacent to the jejunum. The right adrenal gland appeared grossly normal and the left adrenal gland could not be located.",0,0,1,-1,0,-1,"insulinoma","Gastrointestinal","liver","Animalia","Chordata","Mammalia","Carnivora","Mustelidae","Mustela","Mustela putorius","Ferret","NWZP",1,1,0,1,15503,10.2564102564103,10.5851413543721,1.38067061143984,2.07100591715976,2.07100591715976,7.5,1.5,4.6,9.5,-1,809,0.0328,133.2,847.8
67053,"male",60,0,-1,0,2888,"72124","FERRET","28-Apr",2006,"NODULAR ACINAR CELL HYPERPLASIA PANCREAS. This 5-year-old male captive bred ferret has a history of insulinoma obese body condition thin haircoat and thin skin possibly due to prednisolone therapy. Surgical palpation of the pancreas revealed two small hard nodules 2 mm. in diameter that were bluntly dissected and submitted.",1,0,1,0,0,0,"insulinoma","Endocrine","pancreas","Animalia","Chordata","Mammalia","Carnivora","Mustelidae","Mustela","Mustela putorius","Ferret","NWZP",1,0,0,1,912,10.2564102564103,10.5851413543721,1.38067061143984,2.07100591715976,2.07100591715976,7.5,1.5,4.6,9.5,-1,809,0.0328,133.2,847.8
67694,"female",84,0,-1,0,2888,"68308","DOMESTIC FERRET","17-Sep",2008,"EUTHANASIA CHRONIC NEPHRITIS HEPATITIS NODULAR HEPATOCELLULAR HYPERPLASIA ADRENAL CORTICAL ADENOMA LYMPHADENOPATHY ENDOCRINE DERMATOPATHY MYCOBACTERIOSIS. This 7-year-old female ferret was euthanized due to a suspected insulinoma and poor quality of life. At necropsy lymph nodes were enlarged and edematous. Kidneys had a finely nodular capsular surface.",1,0,1,0,0,0,"insulinoma","Gastrointestinal","liver","Animalia","Chordata","Mammalia","Carnivora","Mustelidae","Mustela","Mustela putorius","Ferret","NWZP",1,1,0,1,14014,10.2564102564103,10.5851413543721,1.38067061143984,2.07100591715976,2.07100591715976,7.5,1.5,4.6,9.5,-1,809,0.0328,133.2,847.8
70908,"female",72,0,-1,0,2888,"76346","FERRET","15-Sep",2005,"HEPATOMA INSULINOMA (CLINICAL DIAGNOSIS) EUTHANASIA. This 6-year-old female ferret has a history of treatment for insulinoma and obesity. The ferret was euthanized for humane and diagnostic purposes.",1,0,1,0,0,0,"insulinoma","Gastrointestinal","liver","Animalia","Chordata","Mammalia","Carnivora","Mustelidae","Mustela","Mustela putorius","Ferret","NWZP",0,0,0,-1,-1,10.2564102564103,10.5851413543721,1.38067061143984,2.07100591715976,2.07100591715976,7.5,1.5,4.6,9.5,-1,809,0.0328,133.2,847.8
71178,NA,72,0,-1,0,2888,"76501","EUROPEAN POLECAT","24-Aug",2005,"EUTHANASIA INSULINOMA TRICHOEPITHELIOMA. This 6-year-old polecat was euthanized due to poor body condition. A necropsy a 3 x 4 mm. mass was present in the caudal lobe of the pancreas. Several white nodules were present on the left lung. A 1 cm. proliferative mass was present on the left side of the neck.",1,0,1,0,0,0,"insulinoma","Endocrine","pancreas","Animalia","Chordata","Mammalia","Carnivora","Mustelidae","Mustela","Mustela putorius","Ferret","NWZP",1,0,0,1,746,10.2564102564103,10.5851413543721,1.38067061143984,2.07100591715976,2.07100591715976,7.5,1.5,4.6,9.5,-1,809,0.0328,133.2,847.8
73149,"male",84,0,-1,0,2888,"77805","FERRET","28-Jul",2006,"EUTHANASIA INSULINOMA LYMPHOID HYPERPLASIA BRONCHOPNEUMONIA HEPATITIS ADRENAL CORTICAL HYPERPLASIA. This 7-year-old male ferret developed seizures and hypoglycemic episodes. The animal was humanely euthanized. At necropsy the spleen was markedly enlarged and contained a small soft nodule. A firm mass was present within the pancreas. Small white foci were present in the liver.",1,0,1,0,0,0,"insulinoma","Round Cell","lymph nodes","Animalia","Chordata","Mammalia","Carnivora","Mustelidae","Mustela","Mustela putorius","Ferret","NWZP",1,0,0,1,1321,10.2564102564103,10.5851413543721,1.38067061143984,2.07100591715976,2.07100591715976,7.5,1.5,4.6,9.5,-1,809,0.0328,133.2,847.8
73417,"female",60,0,1,0,2888,"77836","FERRET","3-Nov",2003,"ISLET CELL TUMOR INFLAMMATORY BOWEL DISEASE FATTY LIVER. This 5-year-old spayed female ferret as humanely euthanized. It had a history of insulinoma that was treated and then became diabetic and then developing normoglycemia.",1,0,1,0,0,0,"insulinoma","Gastrointestinal","liver","Animalia","Chordata","Mammalia","Carnivora","Mustelidae","Mustela","Mustela putorius","Ferret","NWZP",0,0,0,-1,9691,10.2564102564103,10.5851413543721,1.38067061143984,2.07100591715976,2.07100591715976,7.5,1.5,4.6,9.5,-1,809,0.0328,133.2,847.8
77342,"male",60,0,1,0,2888,"82820","FERRET","10-Jan",2005,"GASTRIC EROSIONS SEPSIS LOW GRADE INFLAMMATORY BOWEL DISEASE. This 5-year-old neutered male ferret had a left adrenalectomy and partial cryotherapy of the right adrenal gland on 4/16/04. In July 04 it was diagnosed with hypoglycemia/possible insulinoma. It was treated with prednisolone twice daily. The ferret subsequently developed a three day history of diarrhea and died. Three other ferrets in the group are affected. Necropsy revealed 2 mm. foci in the lungs possible right atrial enlargement and bloody mucus in the stomach.",0,0,1,-1,0,-1,"insulinoma","Respiratory","nose","Animalia","Chordata","Mammalia","Carnivora","Mustelidae","Mustela","Mustela putorius","Ferret","NWZP",0,0,0,-1,-1,10.2564102564103,10.5851413543721,1.38067061143984,2.07100591715976,2.07100591715976,7.5,1.5,4.6,9.5,-1,809,0.0328,133.2,847.8
77692,NA,84,0,-1,0,2888,"77802","DOMESTIC FERRET","6-Nov",2006,"EUTHANASIA PANCREATIC INSULINOMA CYSTIC BILIARY HYPERPLASIA INFLAMMATORY BOWEL DISEASE SPLENIC EXTRAMEDULLARY HEMATOPOIESIS SUPPURATIVE PANCREATITIS ENTERITIS. This 7-year-old ferret had been treated medically for an insulinoma. Control was no longer possible medically and the animal was euthanized. At necropsy numerous nodules were present in the pancreas and a 1 cm. in diameter nodule was present in the liver.",0,0,1,0,0,0,"insulinoma","Gastrointestinal","bile duct","Animalia","Chordata","Mammalia","Carnivora","Mustelidae","Mustela","Mustela putorius","Ferret","NWZP",1,0,0,-1,-1,10.2564102564103,10.5851413543721,1.38067061143984,2.07100591715976,2.07100591715976,7.5,1.5,4.6,9.5,-1,809,0.0328,133.2,847.8
78103,NA,72,0,-1,0,2888,"76092","DOMESTIC FERRET","18-May",2012,"ISLET AND ADRENAL CORTICAL ADENOMAS INFLAMMATORY BOWEL DISEASE WITH FLAGELLATED PROTOZOA CATARACT AND POSSIBLE GLAUCOMA MYOCARDIAL FIBROSIS EUTHANASIA. This 6-year-old ferret had a history of adrenal disease with deslorelin implant and an insulinoma managed with prednisolone. The ferret also had complete cataracts and was blind. It had a recent history of progressive hair loss and diarrhea. Euthanasia was performed for humane and diagnostic purposes. Necropsy revealed severe muscle wasting and potbellied appearance alopecia over the cervical right dorsal and ventral regions and thin remaining coat marked intrathoracic fat congested lungs small amount of intra-abdominal fat reddened gastric mucosa with luminal black mucus hepatomegaly three firm nodules in the pancreas and adhesion to the duodenum red/purple spleen reddening of several mesenteric lymph nodes firm round irregular yellow to red left adrenal gland bilateral cataracts and a 2.5 cm. irregular flat white tissue adhered to the right proximal ribcage.",1,0,1,0,0,0,"insulinoma","Epithelial","hair follicle","Animalia","Chordata","Mammalia","Carnivora","Mustelidae","Mustela","Mustela putorius","Ferret","NWZP",1,1,0,1,15503,10.2564102564103,10.5851413543721,1.38067061143984,2.07100591715976,2.07100591715976,7.5,1.5,4.6,9.5,-1,809,0.0328,133.2,847.8
79197,NA,72,0,-1,0,2888,"84660","FERRET","19-Mar",2009,"INFLAMMATORY BOWEL DISEASE CHRONIC RENAL DISEASE DEGENERATIVE CARDIAC DISEASE EUTHANASIA. This 6-year-old ferret has a history of inflammatory bowel disease and insulinomas and has recently become diabetic following a second insulinoma surgery. The ferret did poorly despite insulin therapy with associated gastrointestinal upsets and anorexia.",0,0,1,-1,0,-1,"insulinoma",NA,NA,"Animalia","Chordata","Mammalia","Carnivora","Mustelidae","Mustela","Mustela putorius","Ferret","NWZP",0,0,0,-1,12035,10.2564102564103,10.5851413543721,1.38067061143984,2.07100591715976,2.07100591715976,7.5,1.5,4.6,9.5,-1,809,0.0328,133.2,847.8
80028,"male",78,0,1,0,2888,"77658","FERRET","2-Jul",2003,"ASTROCYTOMA ADRENAL CORTICAL ADENOMA PANCREATITIS INFLAMMATORY BOWEL DISEASE. This 6.5-year-old neutered male ferret has a history of adrenal disease ataxia and elevated serum enzymes that suggest liver disease and/or inflammatory bowel disease. Euthanasia was performed for humane and diagnostic purposes. Necropsy revealed a raised focus in the cerebellum that exuded creamy white material on cut surface.",1,0,1,0,0,0,"astrocytoma","Endocrine","adrenal medulla","Animalia","Chordata","Mammalia","Carnivora","Mustelidae","Mustela","Mustela putorius","Ferret","NWZP",0,0,0,-1,12035,10.2564102564103,10.5851413543721,1.38067061143984,2.07100591715976,2.07100591715976,7.5,1.5,4.6,9.5,-1,809,0.0328,133.2,847.8
80383,"female",72,0,1,0,2888,"77838","FERRET","30-Dec",2013,"ISLET CELL TUMOR HEPATIC LIPIDOSIS CHOLEMIC NEPHROSIS INFLAMMATORY BOWEL DISEASE EUTHANASIA. This 6-year-old female/spayed ferret was diagnosed with insulinoma nine months earlier and had been well managed on oral prednisolone. It presented for rapid weight loss despite normal appetite of three weeks duration with elevated hepatic values and hypoglycemia. Supportive care was administered but the animal’s condition continued to decline and euthanasia was performed for humane and diagnostic purposes. Necropsy revealed thin body condition. The liver was diffusely yellow/tan. A 2 mm. nodule was in the pancreas. The spleen seemed small for the species.",1,0,1,0,0,0,"insulinoma","Gastrointestinal","liver","Animalia","Chordata","Mammalia","Carnivora","Mustelidae","Mustela","Mustela putorius","Ferret","NWZP",1,1,0,1,15101,10.2564102564103,10.5851413543721,1.38067061143984,2.07100591715976,2.07100591715976,7.5,1.5,4.6,9.5,-1,809,0.0328,133.2,847.8
80519,"male",84,0,-1,0,2888,"77386","DOMESTIC FERRET","9-Oct",2012,"BILATERAL CORTICAL ADENOMAS ISLET CELL ADENOMA INFLAMMATORY BOWEL DISEASE. This 7-year-old male ferret was previously diagnosed with an insulinoma and two nodules had been removed surgically. The ferret has a two day history of nausea foaming and lethargy with inappetence. Supportive care was administered but the animal did not improve and was found dead in its cage. Necropsy revealed a 2 cm. mass adhered to the fundus of the stomach the lungs were diffusely reddened and some small white smooth areas were in the pulmonary parenchyma increasing in the caudal lobes on the ventral aspect. The right adrenal was 8 mm. in length and had an irregular bumpy appearance. The left adrenal was 1 cm. in length slightly rounder and was filled with white caseous material on cut surface.",1,0,1,0,0,0,"insulinoma","Respiratory","nose","Animalia","Chordata","Mammalia","Carnivora","Mustelidae","Mustela","Mustela putorius","Ferret","NWZP",1,1,0,1,760,10.2564102564103,10.5851413543721,1.38067061143984,2.07100591715976,2.07100591715976,7.5,1.5,4.6,9.5,-1,809,0.0328,133.2,847.8
90853,"male",72,0,1,0,2888,"85675","FERRET","21-Oct",2009,"ISLET ADENOMAS PANCREATITIS. This 6-year-old male/neutered ferret has been treated six months with prednisolone for insulinoma and has a two month history of hair loss and aggression. During surgery two masses were found in the pancreas. The right adrenal gland was enlarged. The ferret was grossly obese with a large amount of intra-abdominal and subcutaneous fat. The ferret died 36 hours after surgery and had black tarry stools and hypoglycemia prior to death. Necropsy revealed no hemorrhage at the surgical sites yellow liver thickening of the pancreas and white/yellow discoloration of the pancreas and surrounding fat.",1,0,1,0,0,0,"insulinoma","Endocrine","pancreas","Animalia","Chordata","Mammalia","Carnivora","Mustelidae","Mustela","Mustela putorius","Ferret","NWZP",0,0,0,-1,-1,10.2564102564103,10.5851413543721,1.38067061143984,2.07100591715976,2.07100591715976,7.5,1.5,4.6,9.5,-1,809,0.0328,133.2,847.8
93336,NA,-1,0,-1,0,2888,"85571","FERRET","19-Jan",2011,"CHRONIC GASTROENTERITIS HEPATIC ABSCESS WITH SEPSIS ATYPICAL MYELOID HYPERPLASIA IN BONE MARROW EUTHANASIA. This adult domestic ferret was being treated for chronic adrenal disease (Lupron) and presumptive insulinoma (prednisolone and diazoxide). The patient developed diarrhea shortly after treatment with diazoxide so this was stopped. The patient decompensated quickly after developing the diarrhea and euthanasia was performed for humane and diagnostic purposes. It is also noted that this animal had an arrhythmia. Necropsy revealed dark green fluid on the perineum tail and caudal thighs alopecia on the dorsum lateral abdomen and tail bruising at the thoracic inlet and two pinpoint wounds in the intercostal space corresponding to euthanasia injections. Some circular red flat areas were noted in the lungs. There were 15 ml. of opaque serosanguineous fluid noted in the abdominal cavity. Some trichobezoars were noted in the stomach and gastric fluid was opaque and black. Black stringy material was adhered to the mucosal lining of the fundus and a singular circular erosion of the mucosa was noted in the fundus. The liver was diffusely enlarged with yellow reticulated pattern and the cranial surface of the left medial hepatic lobe had a smooth flat 2 x 2 cm. mass elevating the serosa. A multilobulated yellow and red mass 1.5 cm. in greatest dimension was noted on the caudal surface of the right lateral lobe of the lung. The spleen had two well demarcated domed dark red masses elevating the serosa the larger being 2 cm. Adrenal glands could not be located.",1,0,1,0,0,0,"insulinoma","Bone","bone","Animalia","Chordata","Mammalia","Carnivora","Mustelidae","Mustela","Mustela putorius","Ferret","NWZP",1,1,0,1,15503,10.2564102564103,10.5851413543721,1.38067061143984,2.07100591715976,2.07100591715976,7.5,1.5,4.6,9.5,-1,809,0.0328,133.2,847.8
96200,"female",60,0,1,0,2888,"102275","FERRET","20-Jan",2015,"INFLAMMATORY BOWEL DISEASE EUTHANASIA. This 5-year-old female/spayed ferret has a history of chronic intermittent diarrhea recent melena and hematochezia and alopecia attributed to adrenal disease. There is also a history of insulinoma. A previous abdominal lymph node aspirate identified suspected lymphoma. Euthanasia was performed for humane and diagnostic purposes. Necropsy identified hemorrhagic abdominal effusion yellow/tan liver with 4 mm. raised red focus on the right lobe a 1 cm. raised red/purple mass on the spleen a right adrenal mass hemorrhagic gastrointestinal contents a 10 cm. flat red/brown structure resembling a parasite in the small intestine and a 6 mm. red/brown mass near the previous pancreatectomy site. Lungs were reddened.",0,0,1,-1,0,-1,"lymphoma","Mesenchymal","striated muscle","Animalia","Chordata","Mammalia","Carnivora","Mustelidae","Mustela","Mustela putorius","Ferret","NWZP",0,0,0,-1,5342,10.2564102564103,10.5851413543721,1.38067061143984,2.07100591715976,2.07100591715976,7.5,1.5,4.6,9.5,-1,809,0.0328,133.2,847.8
96297,"male",60,0,1,0,2888,"102297","FERRET","21-Jan",2015,"COCCIDIOSIS EUTHANASIA. This 5-year-old male/neutered ferret is from a household in which there are four other ferrets. A new 4-month-old ferret had been introduced but isolated to a different room. Four others lived together. Three of the four had developed inappetence diarrhea bruxism weight loss and dehydration. Supportive care was administered and one with concurrent insulinoma was hospitalized. The ferret of this report received supportive care as above but continued to decline and was euthanized for humane and diagnostic purposes. Necropsy revealed gastric ulcers and petechiae in the serosa of the jejunum and colon.",0,0,1,-1,0,-1,"insulinoma","Gastrointestinal","colon","Animalia","Chordata","Mammalia","Carnivora","Mustelidae","Mustela","Mustela putorius","Ferret","NWZP",0,0,1,-1,14983,10.2564102564103,10.5851413543721,1.38067061143984,2.07100591715976,2.07100591715976,7.5,1.5,4.6,9.5,-1,809,0.0328,133.2,847.8
100252,"male",84,0,1,0,2888,"107002","FERRET","20-Oct",2015,"PULMONARY EDEMA PERIVASCULAR BRONCHIOLAR AND VASCULAR CUFFING BRONCHIECTASIS EUTHANASIA. This 7-year-old male/neutered ferret has a several year history of insulinoma and heart disease had been diagnosed four months ago. Radiographs revealed pulmonary edema one month ago. Euthanasia was performed for humane and diagnostic purposes and necropsy revealed reddened lungs that sank in formalin a marked pulmonary and abdominal effusion that was serosanguineous and a 1 cm. in diameter mass in the pancreas. Fewer smaller masses were in the abdomen and the omentum appeared “tangled” and had a small mass at one end.",0,0,1,-1,0,-1,"insulinoma","Respiratory","lung","Animalia","Chordata","Mammalia","Carnivora","Mustelidae","Mustela","Mustela putorius","Ferret","NWZP",0,0,0,-1,15600,10.2564102564103,10.5851413543721,1.38067061143984,2.07100591715976,2.07100591715976,7.5,1.5,4.6,9.5,-1,809,0.0328,133.2,847.8
100553,"male",84,0,1,0,2888,"108262","FERRET","26-Jan",2016,"INFLAMMATORY BOWEL DISEASE EUTHANASIA. This 7-year-old male/neutered ferret was diagnosed with inflammatory bowel disease and insulinoma approximately one year earlier and was managed with prednisolone omeprazole and a hypoallergenic diet. Over the past few weeks the ferret’s condition has slowly declined and more recently it developed a recurrent urinary tract infection with bilirubinuria. Euthanasia was performed for humane and diagnostic purposes. Necropsy revealed muscle wasting substantial adipose stores in the abdominal cavity small smooth pancreas with a red smooth lesion along the body absence of ingesta from the alimentary tract pale yellow liver and a firm consolidated lesion that extends through the parenchyma of one lobe. The kidneys were surrounded by a large amount of retroperitoneal fat and identification of the adrenal glands was difficult. The adrenals could not be located. A focus of alopecia was on the top of the head. Cataracts were bilateral.",0,0,1,-1,0,-1,"insulinoma","Respiratory","nose","Animalia","Chordata","Mammalia","Carnivora","Mustelidae","Mustela","Mustela putorius","Ferret","NWZP",1,1,0,1,760,10.2564102564103,10.5851413543721,1.38067061143984,2.07100591715976,2.07100591715976,7.5,1.5,4.6,9.5,-1,809,0.0328,133.2,847.8
101220,"male",84,0,1,0,2888,"108574","FERRET","16-Feb",2016,"ASPIRATION PNEUMONIA DILATED LEFT VENTRICULAR CARDIOMYOPATHY COAGULOPATHY RENAL TUBULAR NECROSIS. This 7-year-old male/neutered ferret has a one-year history of insulinoma cardiac disease inappetence and hematochezia. The ferret subsequently died and necropsy revealed cardiomegaly possible cranial mediastinal mass congested lungs lobulated liver with several 5 mm. tan foci and several firm green/brown nodules at the base of the lobes multiple 3-4 mm. pancreatic nodules a 1 cm. red/brown firm splenic mass segmental distention of the duodenum and jejunum with red/brown serosal discoloration and multiple trichobezoars in the stomach. At the time of death medications had included prednisolone diazoxide and various cardiac medications.",0,0,1,-1,0,-1,"insulinoma","Cardiac","heart","Animalia","Chordata","Mammalia","Carnivora","Mustelidae","Mustela","Mustela putorius","Ferret","NWZP",0,0,0,-1,5342,10.2564102564103,10.5851413543721,1.38067061143984,2.07100591715976,2.07100591715976,7.5,1.5,4.6,9.5,-1,809,0.0328,133.2,847.8
102576,"female",84,0,1,0,2888,"110332","FERRET","1-Jun",2016,"NEPHROSCLEROSIS PYELONEPHRITIS MYOCARDIAL FIBROSIS DIABETES MELLITUS (CLINICAL DIAGNOSIS). This 7-year-old female/spayed ferret has a history of insulinoma and right adrenalectomy. The animal was being managed medically and had recent decline with renal failure urinary tract infection and hyperglycemia with glucosuria. A possible pancreatic mass was identified by ultrasound. Euthanasia was performed for humane and diagnostic purposes. Necropsy revealed slightly thin body condition a 6 mm. nodule in the pancreas small kidneys endocrine alopecia enlarged and slightly rounded liver with some 1 mm. white foci.",0,0,1,-1,0,-1,"insulinoma","Endocrine","adrenal medulla","Animalia","Chordata","Mammalia","Carnivora","Mustelidae","Mustela","Mustela putorius","Ferret","NWZP",0,0,0,-1,-1,10.2564102564103,10.5851413543721,1.38067061143984,2.07100591715976,2.07100591715976,7.5,1.5,4.6,9.5,-1,809,0.0328,133.2,847.8
103839,"female",60,0,-1,0,2888,"111371","DOMESTIC FERRET","26-Jul",2016,"EUTHANASIA INFLAMMATORY BOWEL DISEASE ISLET CELL VACUOLATION HEPATIC LIPIDOSIS. This 5-year-old female domestic ferret had adrenal disease diagnosed in early 2014 that was treated with deslorelin. An insulinoma was removed in 2014 with resolution of hypoglycemia; however clinical signs of insulinoma returned in 2016. The animal has an approximate two-year history of progressive diarrhea anorexia and weight loss. The animal has been treated supportively with prednisone metronidazole and famotidine. The animal became increasingly lethargic with weight loss and was euthanized for humane and diagnostic purposes. At necropsy there was an approximately 1 mm. raised mass on the visceral surface of the liver. There were several pinpoint areas throughout the pancreas that were firm.",0,0,1,-1,0,-1,"insulinoma","Gastrointestinal","liver","Animalia","Chordata","Mammalia","Carnivora","Mustelidae","Mustela","Mustela putorius","Ferret","NWZP",1,0,0,1,206,10.2564102564103,10.5851413543721,1.38067061143984,2.07100591715976,2.07100591715976,7.5,1.5,4.6,9.5,-1,809,0.0328,133.2,847.8
105392,"male",72,0,1,0,2888,"114260","FERRET","8-Feb",2017,"ISLET CELL TUMORS BLADDER DENERVATION EUTHANASIA. This 6-year-old male/neutered ferret had a three-year history of enteric disease and a two-year history of heart disease. The ferret also had a 1.5-year history of insulinoma and hind limb weakness with elevated hepatic enzymes. The ferret recently had bladder distention. Euthanasia was performed for humane and diagnostic purposes.",1,0,1,0,0,0,"insulinoma","Endocrine","pancreas","Animalia","Chordata","Mammalia","Carnivora","Mustelidae","Mustela","Mustela putorius","Ferret","NWZP",0,0,0,-1,15600,10.2564102564103,10.5851413543721,1.38067061143984,2.07100591715976,2.07100591715976,7.5,1.5,4.6,9.5,-1,809,0.0328,133.2,847.8
105790,"male",60,0,1,0,2888,"107482","FERRET","19-Nov",2015,"ADRENAL CORTICAL ADENOMA ISLET CELL VACUOLAR DEGENERATION DIABETES MELLITUS HEPATIC LIPIDOSIS. This 5-year-old castrated male ferret had a one-month history of lethargy decreased activity level and decreased appetite. The animal had mild hypoglycemia and was treated with insulinoma with no change in clinical signs. The animal subsequently developed coughing sneezing vomiting and diarrhea and died within 24 hours. Necropsy revealed bilateral pulmonary congestion generalized reddening of the small and large intestine some reddening of the pancreas a few small masses in the pancreas moderate hepatic lipidosis moderate renal hyperemia possibly enlarged mesenteric lymph nodes and thin body condition.",1,0,1,0,0,0,"insulinoma","Gastrointestinal","liver","Animalia","Chordata","Mammalia","Carnivora","Mustelidae","Mustela","Mustela putorius","Ferret","NWZP",0,0,1,-1,15228,10.2564102564103,10.5851413543721,1.38067061143984,2.07100591715976,2.07100591715976,7.5,1.5,4.6,9.5,-1,809,0.0328,133.2,847.8
106330,"male",60,0,1,0,2888,"114261","FERRET","8-Feb",2017,"INSULINOMAS ADRENAL GLAND CYST REACTIVE LYMPH NODES. This 5-year-old male/neutered ferret has an approximately 4-month history of hypoglycemia starting last September with a glucose of 47. At that time the animal had a slightly elevated globulin of 3.3 a subluxated tail and splenomegaly and was started on diazoxide. In early November 2016 the animal remained hypoglycemic at 50 and the right adrenal gland was palpable. In January left popliteal lymph node was slightly enlarged an oral ulcer was identified behind the incisors and the animal was hypoglycemic at 41. Additionally at this time the animal had slightly increased normal eosinophils at 7%. The animal had exploratory surgery and an approximately 3 mm. pancreatic mass was identified in the right section of the pancreas. The left section of the pancreas had multiple masses that were incised en block with half of the distal aspect of the pancreatic lobe. The right adrenal gland had a cystic nodule and one hard nodule that was dissected out in fragments. Gastrointestinal lymph nodes were slightly enlarged and edematous one of which was biopsied.",0,0,1,0,0,0,"insulinoma","Endocrine","adrenal medulla","Animalia","Chordata","Mammalia","Carnivora","Mustelidae","Mustela","Mustela putorius","Ferret","NWZP",0,0,0,-1,15369,10.2564102564103,10.5851413543721,1.38067061143984,2.07100591715976,2.07100591715976,7.5,1.5,4.6,9.5,-1,809,0.0328,133.2,847.8
161999,"male",75.7,0,-1,0,2888,"B05/11","Ferret","8/2",2011,NA,1,0,1,0,1,0,"insulinoma","Endocrine","pancreas","Animalia","Chordata","Mammalia","Carnivora","Mustelidae","Mustela","Mustela putorius","Ferret","LZ",1,-1,-1,1,67626,10.2564102564103,10.5851413543721,1.38067061143984,2.07100591715976,2.07100591715976,7.5,1.5,4.6,9.5,-1,809,0.0328,133.2,847.8
162960,"male",-1,0,-1,0,2888,"10644","Ferret (domestic polecat)","03/07/19",2019,"adult. Weight: 1066.8 g.  Euth. Obese. Insulinoma? Spleno- & lymphadenomegaly.",1,0,1,-1,0,0,"insulinoma","Round Cell","lymph nodes","Animalia","Chordata","Mammalia","Carnivora","Mustelidae","Mustela","Mustela putorius","Ferret","LZ",1,-1,-1,1,67626,10.2564102564103,10.5851413543721,1.38067061143984,2.07100591715976,2.07100591715976,7.5,1.5,4.6,9.5,-1,809,0.0328,133.2,847.8
84670,"female",168,0,-1,0,2921,"90777","RED SPITTING COBRA","17-Nov",2005,"EUTHANASIA RENAL GOUT STEATITIS STOMATITIS. This 14-year-old female cobra was diagnosed in May of 2005 with renal adenocarcinoma. Recently the snake became inappetent and less active. Recurrence of the renal mass was identified and the animal was humanely euthanized. At necropsy the kidney was effaced by neoplastic tissue.",0,0,1,-1,0,-1,"adenocarcinoma","Respiratory","nose","Animalia","Chordata","Reptilia","Squamata","Elapidae","Naja","Naja pallida","Red spitting cobra","NWZP",1,0,0,-1,-1,-1,0.664036817882972,0.762656147271532,-1,20.2,-1,14.5,-1,-1,-1,-1,-1,242.4,-1
60588,"male",168,0,-1,0,2953,"65113","CLOUDED LEOPARD","1-Aug",2001,"EUTHANASIA MESOTHELIOMA BILIARY CYSTADENOMA. This 14-year-old male leopard was humanely euthanized due to respiratory distress. At necropsy there was a mass in the thoracic cavity that occupied the entire mediastinum. The lungs were severely atelectatic and congested. There was moderate myocardial congestion. There was thoracic and abdominal serosanguineous effusion.",1,0,1,0,0,0,"mesothelioma","Gastrointestinal","bile duct","Animalia","Chordata","Mammalia","Carnivora","Felidae","Neofelis","Neofelis nebulosa","Clouded Leopard","NWZP",0,0,0,-1,12302,23.9973701512163,35.9960552268245,2.92570677186062,4.27350427350427,4.27350427350427,2.25,-1,-1,170,5427.5,19500,-1,237.6,-1
71062,"male",144,0,-1,0,2953,"76727","CLOUDED LEOPARD","3-Oct",2006,"MESOTHELIOMA ISLET AMYLOIDOSIS ANESTHETIC COMPLICATIONS. This 12-year-old male clouded leopard had a sudden onset of lethargy inappetence and dyspnea and died while anesthetized for examination. Necropsy revealed a proliferative disease process on the pleural surfaces of the lung and remaining visceral and parietal surfaces of the thoracic cavity. The pleural cavity was filled with slightly cloudy fluid. Some erosions were noted in the stomach and the liver was moderately to markedly enlarged.",1,0,1,-1,1,-1,"mesothelioma","Endocrine","pancreas","Animalia","Chordata","Mammalia","Carnivora","Felidae","Neofelis","Neofelis nebulosa","Clouded Leopard","NWZP",1,0,0,-1,-1,23.9973701512163,35.9960552268245,2.92570677186062,4.27350427350427,4.27350427350427,2.25,-1,-1,170,5427.5,19500,-1,237.6,-1
95001,"female",144,0,-1,0,2953,"87224","CLOUDED LEOPARD","1-Nov",2000,"MESOTHELIOMA GASTRITIS CHRONIC RENAL DISEASE. This 12-year-old female leopard died. It had a history of acute pulmonary distress with inspiratory stridor caused by pleural effusion. At necropsy there was a large tumor within the pleural cavity. There was bloody pleural effusion. The tumor was attached to the left caudal lung lobe. There were smaller metastases on all surfaces of the pleural cavity. There were metastases covering the pericardial sac.",1,0,1,0,0,0,"mesothelioma","Reproductive","kidney","Animalia","Chordata","Mammalia","Carnivora","Felidae","Neofelis","Neofelis nebulosa","Clouded Leopard","NWZP",0,0,0,-1,12302,23.9973701512163,35.9960552268245,2.92570677186062,4.27350427350427,4.27350427350427,2.25,-1,-1,170,5427.5,19500,-1,237.6,-1
50914,"male",120,0,-1,0,3013,"37044","HELMETED GUINEAFOWL","20-Oct",2003,"SEMINOMA URATE NEPHROSIS INANITION. This male approximately 10-year/9-month-old guineafowl was found dead in the afternoon. The bird regurgitated that morning and was found to have a doughy consistency mass in the crop that was assumed to be congealed tube feeding formula. The bird also had a two week history of poor doing and had lost weight over the last few months. It had a poor appetite. It had been hospitalized for diagnostics observation and treatment. At necropsy the bird was cachectic. There were green pasty stools around the vent. The spleen was enlarged soft and pale tan. It was irregular on cut section. There were petechiae on the capsular surface. The crop was distended with approximately 35 ml. of thick pasty white ingesta (Emer-Aid). The gall bladder contents were dark green to black and solidified. The cecum contained solid gray/green material.",1,0,1,-1,1,-1,"seminoma","Round Cell","spleen","Animalia","Chordata","Aves","Galliformes","Numididae","Numida","Numida meleagris","Guinea Fowl","NWZP",1,0,0,-1,-1,-1,-1,0.887573964497041,-1,1,8.75,-1,-1,24.5,-1,1299,-1,-1,-1
162021,"female",170.1,0,-1,0,3016,"B32/07","Pygmy slow loris","1/4",2011,NA,1,0,1,-1,1,-1,"dysgerminoma","Reproductive","ovary","Animalia","Chordata","Mammalia","Primates","Loridae","Nycticebus","Nycticebus pygmaeus","Pygmy Slow Loris","LZ",1,-1,-1,1,67626,8.97435897435897,-1,6.1801446416831,4.37212360289283,4.37212360289283,1.75,-1,14.73,23,520,419,-1,231.6,-1
19148,"male",72,0,-1,0,3019,"21440","COCKATIEL","29-Jul",2010,"ATHEROSCLEROSIS AORTIC MINERALIZATION COELOMITIS PULMONARY EDEMA. This 6-year-old male cockatiel was previously diagnosed with osteosarcoma of the ulna. Two years later a mass was noted in the caudoventral coelom. Acute dyspnea developed and the animal died. At necropsy the heart was enlarged. Lungs were consolidated and contained fluid. The liver was pale.",0,0,1,-1,0,-1,"osteosarcoma","Respiratory","lung","Animalia","Chordata","Aves","Psittaciformes","Cacatuidae","Nymphicus","Nymphicus hollandicus","Cockatiel","NWZP",0,0,0,-1,11219,14.9800788954635,13.008547008547,-1,-1,42.5707,4.5,-1,-1,-1,-1,90,-1,420,-1
19936,"male",300,0,-1,0,3019,"22007","COCKATIEL","2-Dec",2011,"PULMONARY SHOCK PROBABLE AEROSOLIZED TOXIN SEMINOMA HEPATIC LIPIDOSIS. This 25-year-old male cockatiel and its cagemate died unexpectedly. Necropsy revealed firm smooth swelling of the left hard palate millet seed in the choanal slit dark yellow and firm duodenum congested lungs with hemorrhagic fluid and good body condition.",1,0,1,-1,1,-1,"seminoma","Respiratory","lung","Animalia","Chordata","Aves","Psittaciformes","Cacatuidae","Nymphicus","Nymphicus hollandicus","Cockatiel","NWZP",0,0,0,-1,5342,14.9800788954635,13.008547008547,-1,-1,42.5707,4.5,-1,-1,-1,-1,90,-1,420,-1
26143,"male",108,0,-1,0,3019,"28575","COCKATIEL","24-Jun",2002,"EUTHANASIA INANITION SEMINOMA MYOCARDIAL FIBROSIS NEPHROSIS. This adult (approximately 9-year-old) male cockatiel was humanely euthanized. This bird had a history of glucosuria. It was drinking on average between 8-20 ml. of water daily. In late May it fell off its perch and remained recumbent. It was brought to the hospital and propped up in an incubator. Over the next few days his breathing became more labored and he was unable to support himself. At necropsy the bird was in thin body condition. The liver was small and slightly friable. The pancreas was light firm and enlarged.",1,0,1,-1,1,-1,"seminoma","Gastrointestinal","liver","Animalia","Chordata","Aves","Psittaciformes","Cacatuidae","Nymphicus","Nymphicus hollandicus","Cockatiel","NWZP",1,1,0,1,711,14.9800788954635,13.008547008547,-1,-1,42.5707,4.5,-1,-1,-1,-1,90,-1,420,-1
32547,"male",132,0,-1,0,3019,"34698","COCKATIEL","14-Nov",2011,"SEMINOMA SPINAL COLUMN EMACIATION. This 10- to 11-year-old male cockatiel had a six month history of slowly progressive paresis starting on the left and progressing rapidly to the right with a clinical appearance of “curly toe”. A single elevation of bile acid and serum AST was noted in the bird’s history but these return to normal with no nerve deficits. Necropsy revealed an enlarged left kidney with compression of the sciatic nerve.",1,0,1,-1,1,-1,"seminoma","Nervous","spinal cord","Animalia","Chordata","Aves","Psittaciformes","Cacatuidae","Nymphicus","Nymphicus hollandicus","Cockatiel","NWZP",0,0,0,-1,5112,14.9800788954635,13.008547008547,-1,-1,42.5707,4.5,-1,-1,-1,-1,90,-1,420,-1
33678,"male",240,0,-1,0,3019,"36118","COCKATIEL","4-Jan",2005,"SEMINOMA. This 20-year-old male captive bred cockatiel had a 3-5 day history of illness and died. Necropsy revealed a mass in the coelomic cavity.",1,0,1,-1,1,-1,"seminoma",NA,NA,"Animalia","Chordata","Aves","Psittaciformes","Cacatuidae","Nymphicus","Nymphicus hollandicus","Cockatiel","NWZP",0,0,0,-1,4829,14.9800788954635,13.008547008547,-1,-1,42.5707,4.5,-1,-1,-1,-1,90,-1,420,-1
41958,NA,132,0,-1,0,3019,"36900","COCKATIEL","19-May",2009,"SEMINOMA EUTHANASIA. This 11-year-old cockatiel has a history of progressive loss of use paresis and paralysis of the legs. Decreased motility of the gastrointestinal tract was also noted. Euthanasia was performed for humane and diagnostic purposes. Necropsy revealed megacolon and a mass present that was pressing on the left sciatic nerve and causing the left kidney to bulge.",1,0,1,-1,1,-1,"seminoma","Gastrointestinal","small intestine","Animalia","Chordata","Aves","Psittaciformes","Cacatuidae","Nymphicus","Nymphicus hollandicus","Cockatiel","NWZP",0,0,0,-1,-1,14.9800788954635,13.008547008547,-1,-1,42.5707,4.5,-1,-1,-1,-1,90,-1,420,-1
88761,"male",144,0,-1,0,3019,"95234","COCKATIEL","29-Nov",2000,"SEMINOMA. This 12-year-old male captive bred cockatiel had a 1.5 week history of illness and was euthanized for humane reasons. The bird appeared “droopy” and developed respiratory distress. Approximately 10 ml. of fluid was in the abdomen and a large mass was present over the kidneys. A yellow spot was in the right lung.",1,0,1,-1,1,-1,"seminoma","Reproductive","kidney","Animalia","Chordata","Aves","Psittaciformes","Cacatuidae","Nymphicus","Nymphicus hollandicus","Cockatiel","NWZP",0,0,0,-1,12095,14.9800788954635,13.008547008547,-1,-1,42.5707,4.5,-1,-1,-1,-1,90,-1,420,-1
62561,"male",192,0,-1,0,3056,"62502","MOUNTAIN GOAT","21-Oct",2014,"PULMONARY ABSCESS/ASPIRATION NEPHROSCLEROSIS HEPATOCELLULAR ADENOMA THYROID ADENOMA SEMINOMA CHRONIC ABOMASITIS AND ENTEROCOLITIS. This 16-year-old male mountain goat was euthanized due to declining mobility and weakness and poor body condition. Necropsy revealed consolidated cranial left lung with adhesion to the chest wall. Some faint pale streaking was in the myocardium. A 6 cm. encapsulated hepatic mass with a necrotic center was in one lobe. The reticulum contains some foreign material (fabric). The kidneys had a subtle orange peel texture and the left testicle was firmer than the right. Ankylosing spondylosis was in the thoracic spine and osteoarthritis was in multiple joints.",1,0,1,0,0,0,"seminoma","Respiratory","lung","Animalia","Chordata","Mammalia","Artiodactyla","Bovidae","Oreamnos","Oreamnos americanus",NA,"NWZP",1,1,0,1,760,29.9802761341223,29.9802761341223,6.04865220249836,4.01051939513478,4.01051939513478,1.2,1.1,12,3200,-1,90000,-1,249.6,8320
64122,"male",192,0,-1,0,3056,"68715","MOUNTAIN GOAT","19-Aug",2009,"EUTHANASIA GRANULOMATOUS PNEUMONIA HEPATITIS AORTITIS MYOCARDIAL FIBROSIS CHRONIC NEPHRITIS DERMAL FIBROSIS BACTERIAL PNEUMONIA. This 16-year-old male mountain goat had a history of chronic respiratory disease presumed to be atypical mycobacteriosis. Annual TB testing has been negative. Eyelid masses consistent with benign melanomas were previously removed. Recently weight loss has developed. A transtracheal wash was positive for Mycobacterium kansasii. The animal was humanely euthanized. At necropsy 5 mm. in diameter black masses were present on both the left and right eyelids. A 2 cm. chalky mass was present in the abdomen. Granulomas were noted in the abdominal lymph nodes. Lung was dark purple consolidated and contained firm yellow foci. Smaller granulomas were noted in the liver.",1,0,1,0,1,0,"melanoma","Gastrointestinal","liver","Animalia","Chordata","Mammalia","Artiodactyla","Bovidae","Oreamnos","Oreamnos americanus",NA,"NWZP",0,0,0,-1,-1,29.9802761341223,29.9802761341223,6.04865220249836,4.01051939513478,4.01051939513478,1.2,1.1,12,3200,-1,90000,-1,249.6,8320
62734,"female",144,0,1,0,3076,"67578","RABBIT","17-Dec",2013,"NEPHROSCLEROSIS SYSTEMIC LYMPHOCYTIC INFLAMMATION (ENCEPHALITOZOON-LIKE) ERYTHROID CONSUMPTIVE ANOMALY STRESS EUTHANASIA. This 12-year-old female/spayed rabbit has a greater than 14 month history of chronic lymphocytic leukemia. The leukemia responded to prednisolone therapy and did not recur. The animal was subsequently euthanized due to other diseases.",0,0,1,-1,0,-1,"leukemia","Round Cell","lymph nodes","Animalia","Chordata","Mammalia","Lagomorpha","Leporidae","Oryctolagus","Oryctolagus cuniculus","Domestic Rabbit","NWZP",0,0,0,-1,11183,23.9973701512163,6.10157790927022,0.986193293885602,0.854700854700855,0.854700854700855,5.24,4.3,0.95,45,214,1800,0.0228,216,-1
70947,"male",120,0,-1,0,3076,"76464","OLD WORLD RABBIT","2-Aug",2013,"EYELID MELANOMA WITH METASTASIS BILIARY CYST ANESTHETIC COMPLICATIONS. This 10-year-old male rabbit died while anesthetized for removal of a mass under the right eye. Necropsy revealed scarring on the hocks from previous episodes of “sore hock” a cluster of many cystic structures surrounding the liver and adhered to the lobes blood filled trachea wet lungs that oozed blood on cut surface and no other abnormalities other than a mass on the lower palpebra.",0,0,1,0,0,0,"melanoma","Mesenchymal","striated muscle","Animalia","Chordata","Mammalia","Lagomorpha","Leporidae","Oryctolagus","Oryctolagus cuniculus","Domestic Rabbit","NWZP",1,1,0,1,760,23.9973701512163,6.10157790927022,0.986193293885602,0.854700854700855,0.854700854700855,5.24,4.3,0.95,45,214,1800,0.0228,216,-1
29663,"male",96,0,-1,0,3100,"32398","NAVAJO SHEEP","31-Mar",2000,"SYSTEMIC ABSCESSES. This approximately 8-year-old male sheep has had a cough for approximately three years. Tracheal culture and sensitivity and blood work in 1998 were within normal limits. The animal was euthanized for humane reasons following radiographic evidence of multiple lung masses. Necropsy revealed masses throughout the lungs spleen pericardial sac liver exudate in the airways serosanguineous fluid in the peritoneum serous fluid in the pericardium white plaques in the epicardium and petechiae on the epicardium thickening of the AV valves osteoarthrosis of the coxofemoral joints and an ulcer on the prepuce. Lung cultures were obtained. Analysis of pericardial fluid revealed a possible mesothelioma based on cytologic evaluation.",0,0,1,-1,0,-1,"mesothelioma","Respiratory","lung","Animalia","Chordata","Mammalia","Artiodactyla","Bovidae","Ovis","Ovis aries","Sheep","NWZP",1,1,0,1,1861,18.0144641683103,30.0460223537147,4.79947403024326,5.98290598290598,5.98290598290598,1.58,1.1,12,2370,17500,80000,-1,273.6,-1
63577,"female",144,0,-1,0,3100,"68109","GULF COAST SHEEP","18-Sep",2006,"EUTHANASIA DENTAL DISEASE (GROSS DIAGNOSIS) HEPATIC LIPIDOSIS. This 12-year-old female sheep had a history of progressive weight loss despite supportive care. The animal also had a melanoma of the right forelimb that was removed several months previously. At necropsy the body was thin but contained adequate fat depots. Several premolars were fractured and purulent material and food were present in the gingiva.",0,0,1,-1,0,-1,"melanoma","Gastrointestinal","liver","Animalia","Chordata","Mammalia","Artiodactyla","Bovidae","Ovis","Ovis aries","Sheep","NWZP",0,0,0,-1,-1,18.0144641683103,30.0460223537147,4.79947403024326,5.98290598290598,5.98290598290598,1.58,1.1,12,2370,17500,80000,-1,273.6,-1
63618,"female",156,0,-1,0,3100,"67980","DOMESTIC SHEEP","18-Dec",2008,"EUTHANASIA ARTHRITIS (CLINICAL DIAGNOSIS) MESENTERIC MINERALIZATION RENAL MINERALIZATION ABOMASITIS INSULINOMA. This 13-year-old female sheep has a history of chronic arthritis and weight loss. The animal was humanely euthanized due to declining quality of life. At necropsy a firm tan nodule was present in the pancreas. A mineralized pink to tan mass was present in the mesentery.",1,0,1,0,1,0,"insulinoma","Reproductive","kidney","Animalia","Chordata","Mammalia","Artiodactyla","Bovidae","Ovis","Ovis aries","Sheep","NWZP",1,1,0,1,597,18.0144641683103,30.0460223537147,4.79947403024326,5.98290598290598,5.98290598290598,1.58,1.1,12,2370,17500,80000,-1,273.6,-1
56407,"male",216,0,-1,0,3135,"60426","AFRICAN LION","4-Apr",2008,"MESOTHELIOMA (LUNG THORAX) BILIARY CYST HEPATIC HEMORRHAGE ARTERIOSCLEROSIS. This 18-year-old male lion died under anesthesia. At necropsy several liters of serosanguineous fluid were present in the pleural cavity. Numerous proliferative masses were present on the pleura diaphragm and lungs. The liver contained globular cyst-like masses containing serous fluid. The GI tract was diffusely thickened and firm and contained hemorrhagic and mucoid material.",0,0,1,0,0,0,"mesothelioma","Respiratory","lung","Animalia","Chordata","Mammalia","Carnivora","Felidae","Panthera","Panthera leo","Masai Lion","NWZP",1,1,0,1,711,35.9960552268245,35.9960552268245,3.58316896778435,7.10059171597633,7.10059171597633,2.75,0.66,21.33,1300,8480,175000,0.0035,324,27420.6
62528,"male",336,0,-1,0,3135,"59559","AFRICAN LION","14-Jun",2010,"BRONCHIOLOALVEOLAR ADENOMA MESOTHELIOMA BILIARY CYSTS HEPATITIS CHRONIC NEPHRITIS MYOCARDIAL FIBROSIS. This 28-year-old male lion presented with anorexia lethargy and fever. Treatment was initiated; however the animal’s condition failed to improve. Ultrasound revealed enlargement of the liver with marked cystic changes. The animal was humanely euthanized. At necropsy the animal was thin. Multiple large fluid filled cysts replaced extensive portions of the liver. Cystic tissue was also noted in the mediastinum. Firm masses were present on the pleura and within the lung.",0,0,1,0,0,0,"mesothelioma","Respiratory","lung","Animalia","Chordata","Mammalia","Carnivora","Felidae","Panthera","Panthera leo","Masai Lion","NWZP",0,0,0,-1,3071,35.9960552268245,35.9960552268245,3.58316896778435,7.10059171597633,7.10059171597633,2.75,0.66,21.33,1300,8480,175000,0.0035,324,27420.6
65235,"female",264,0,-1,0,3135,"70611","AFRICAN LION","23-Dec",2014,"ARTHRITIS AND CENTRAL NERVOUS SYSTEM SIGNS (CLINICAL DIAGNOSIS) OBESITY DEGENERATIVE CARDIAC DISEASE EUTHANASIA. This 22-year-old female African lion had a history of chronic osteoarthritis with progressive hind limb ataxia. The animal developed a possible cerebral episode on 12/6 with transient head tilt and circling. The animal’s condition did not improve and euthanasia was performed for humane and diagnostic purposes. This animal had a sebaceous carcinoma removed from the right upper eyelid in June 2014. Necropsy revealed obese body condition unkempt haircoat pulmonary congestion mineralization of the aortic valve cusps and the ascending aorta dark striations on the mucosal surface of the pylorus three large masses in the right hepatic lobe and two smaller masses that were cystic containing dark brown clear fluid. No other abnormalities were noted.",0,0,1,-1,0,-1,"carcinoma","Epithelial","skin","Animalia","Chordata","Mammalia","Carnivora","Felidae","Panthera","Panthera leo","Masai Lion","NWZP",1,1,0,1,165,35.9960552268245,35.9960552268245,3.58316896778435,7.10059171597633,7.10059171597633,2.75,0.66,21.33,1300,8480,175000,0.0035,324,27420.6
84299,"female",288,0,-1,0,3135,"76425","AFRICAN LION","13-Dec",2012,"MESOTHELIOMA EUTHANASIA. This 24-year-old female lion was recently euthanized due to declining quality of life and body condition. Necropsy revealed 800 ml. of clear straw-colored fluid and fibrin in the thoracic cavity numerous firm white coalescing plaques on the pericardial surface fibrous adhesions of the apex of the heart and the left ventricle to the pericardium few other fibrous pericardial attachments 30 ml. of serosanguineous fluid in the pericardial sac clear cysts on the surface of the left ventricle plaques on the thoracic surface of the diaphragm and on the pleural surfaces of the lungs lymphatic dilatation on the serosal surfaces of the stomach omentum and mesentery and a tortuous common bile duct. Degenerative joint disease was in both stifles the ventral aspect of vertebral body T4 was thickened and had nodular bony proliferation bridging to T5 and T6 and the disk material from T3 through T8 had varying degrees of degeneration with associated narrowing of the intervertebral disk space.",0,0,1,0,0,0,"mesothelioma","Mesenchymal","fibrous","Animalia","Chordata","Mammalia","Carnivora","Felidae","Panthera","Panthera leo","Masai Lion","NWZP",1,1,0,1,15448,35.9960552268245,35.9960552268245,3.58316896778435,7.10059171597633,7.10059171597633,2.75,0.66,21.33,1300,8480,175000,0.0035,324,27420.6
1881,"female",-1,0,-1,0,3140,"1969","CORN SNAKE","30-Aug",1996,"MESOTHELIOMA. This adult female was found dead four days after a physical exam revealed poor body condition. Necropsy revealed coelomic hemorrhage plaque-like areas in the liver and an enlarged uterus containing necrotic material.",1,0,1,-1,1,-1,"mesothelioma","Gastrointestinal","liver","Animalia","Chordata","Reptilia","Squamata","Colubridae","Pantherophis","Pantherophis guttatus","Corn snake","NWZP",1,0,0,-1,-1,19.723865877712,18.8678500986193,1.69296515450362,-1,58.698,12,-1,-1,-1,-1,900,-1,387.6,-1
64745,"female",108,0,-1,0,3247,"69978","KOALA","28-Feb",2003,"POSTSURGICAL DEATH SHOCK. This 9-year/11-month-old female koala went into respiratory arrest postsurgery and was unable to be resuscitated and was euthanized. It had amputation of the right radius and ulna due to osteosarcoma of the distal right radius and ulna. Recovery was slow but appeared uneventful. After extubation it started having episodes of muscle rigidity and excitement. In the PM the animal was evaluated and still appeared weak and disoriented. Nystagmus was present. Hematocrit dropped from 20 to 15% since presurgery. Supplemental oxygen was provided with oxyglobin. The koala had agonal breathing and emergency procedures were started. At necropsy the koala was in good nutritional condition. There was a hematoma present around the amputation site. There was a moderate amount of free blood in the abdominal cavity. The lungs were pale. There was hemorrhage present in the small intestine localized to the jejunum.",0,0,1,-1,0,-1,"osteosarcoma","Mesenchymal","striated muscle","Animalia","Chordata","Mammalia","Diprotodontia","Phascolarctidae","Phascolarctos","Phascolarctos cinereus","Koala","NWZP",1,0,0,-1,-1,21.2360289283366,35.9960552268245,1.01906640368179,11.2426035502959,11.2426035502959,1.01,-1,15.48,0.36,1155,9300,0.0028,265.2,1034.1
99257,"female",240,0,-1,0,3247,"106647","KOALA","23-Sep",2015,"DEGENERATIVE VASCULAR RENAL JOINT AND LENTICULAR DISEASE ENDOMETRITIS PANCREATIC ATROPHY RETROVIRUS INFECTION EUTHANASIA. This 20-year-old female koala had a history of successful breeding that resulted in multiple nonviable or shortly lived joeys prior to her arrival at Zoo Miami in 2007. The koala was suspected to be in early stages of retroviral-induced leukemia/lymphoma in 2009. The animal was in thin body condition so supplemental nutrition was offered daily in addition to supportive care that included anti-inflammatory drugs for osteoarthritis. In 2013 the koala developed intermittent periods of inappetence weight loss and low fecal output. Supportive care was administered during these episodes. In April 2015 an antiviral drug was administered for two months but the koala became leukopenic so the medication was discontinued. The koala failed to respond to supportive treatment and euthanasia was performed for humane and diagnostic purposes. Necropsy revealed fair body condition light yellow colored ridge within the tracheal lumen congested right lung a 2 cm. region of white discoloration along the cranial aspect of the right lung roughened texture to the epicardial surface of the right ventricle proliferative tricuspid valve that was granular and thickened white nonraised foci on the serosal surface of the kidneys a focus of dark discoloration in the right renal medulla and a darkened area around the left renal pelvis. The adrenal glands were small. An ectopic spleen was identified. The right acetabulum was rough and erosion was present along both femoral heads. White semitransparent fluid was within the uterus. Klebsiella pneumoniae was cultured from the fluid in the uterus. A eucalyptus gruel was in the stomach and the pylorus was thickened.",0,0,1,-1,0,-1,"leukemia","Round Cell","lymph nodes","Animalia","Chordata","Mammalia","Diprotodontia","Phascolarctidae","Phascolarctos","Phascolarctos cinereus","Koala","NWZP",1,0,0,1,9667,21.2360289283366,35.9960552268245,1.01906640368179,11.2426035502959,11.2426035502959,1.01,-1,15.48,0.36,1155,9300,0.0028,265.2,1034.1
25982,"male",384,0,-1,0,3278,"28306","CHILEAN FLAMINGO","24-Nov",2003,"EUTHANASIA ATHEROSCLEROSIS SEMINOMA HEPATIC HEMOSIDEROSIS TRACHEITIS AIR SACCULITIS PORTAL HEPATITIS. This 32-year-old male flamingo was humanely euthanized. It had a history of ataxia and was unable to stand or walk normally. At necropsy the left testis was 5 x 4.5 cm. The liver was dark brown and friable. The aorta was thickened and irregular near the kidneys.",1,0,1,-1,1,-1,"seminoma","Gastrointestinal","liver","Animalia","Chordata","Aves","Phoenicopteriformes","Phoenicopteridae","Phoenicopterus","Phoenicopterus chilensis","Chilean flamingo","NWZP",1,0,0,1,1857,59.9934253780408,66.017422748192,-1,-1,191.6625,-1,1.5,0.75,85,-1,2277,-1,440.4,-1
26358,"male",240,0,-1,0,3278,"28372","CHILEAN FLAMINGO","24-Mar",2003,"EUTHANASIA TRAUMA MYOSITIS CONJUNCTIVITIS. This male greater than 20-year-old flamingo was humanely euthanized. It had a history of corneal rupture and enucleation. Lacrimal gland adenocarcinoma was found. Radiation treatment was done at TUSVM for four weeks. The flamingo was returned to the zoo and integrated back into the flock. It was keeping good weight but was somewhat aloof from the flock. It seemed a little disoriented from time to time. It had a high titer to West Nile virus during screening in the summer. It was found acutely sternal on exhibit. It appeared weak and could not hold its head up. It had decreased mentation. It was treated with supportive care. The flamingo remained recumbent and was not eating. There was no change in its status. At necropsy there was severe bruising on the lower one-third of the neck. There was muscle tissue hemorrhage that was edematous and purple-green. There was possible luxation of the cervical vertebrae. The pancreas had several pinpoint red foci on the surface.",0,0,1,-1,0,-1,"adenocarcinoma","Epithelial","gland","Animalia","Chordata","Aves","Phoenicopteriformes","Phoenicopteridae","Phoenicopterus","Phoenicopterus chilensis","Chilean flamingo","NWZP",1,1,0,1,15101,59.9934253780408,66.017422748192,-1,-1,191.6625,-1,1.5,0.75,85,-1,2277,-1,440.4,-1
105827,"male",-1,0,-1,0,3294,"112377","LEAFY SEADRAGON","3-Oct",2016,"UROLITHIASIS (CLINICAL DIAGNOSIS) SWIM BLADDER MINERALIZATION RENAL FIBROSIS CHRONIC ENTERITIS SEROSAL GRANULOMA BILATERAL SEMINOMAS EUTHANASIA. This adult male seadragon had progressive inappetence and finally anorexia of one day’s duration was found weak and lying at the bottom of the exhibit with a large wound on the ventral snout and a skin erosion on the entire finlet of the left side of the cloaca. Euthanasia was performed for humane and diagnostic purposes. Necropsy revealed many 1-2 mm. white encysted nodules along the serosa of the intestine scant adipose that was discolored yellow/gold two irregular tan/white bladder stones up to 0.5 cm. in greatest dimension and no other gross abnormalities. A wet amount of the finlet skin erosion revealed many elongated ciliated protozoa and bacteria.",0,0,1,0,0,0,"seminoma","Reproductive","kidney","Animalia","Chordata","Actinopterygii","Syngnathiformes","Syngnathidae","Phycodurus","Phycodurus eques",NA,"NWZP",1,0,0,-1,14481,-1,-1,-1,-1,-1,-1,-1,-1,-1,-1,-1,-1,-1,-1
15682,NA,96,0,-1,0,3299,"13806","BOLIVIAN MONKEY FROG","1-Feb",2012,"HEPATIC HEMOSIDEROSIS WITH MELANOMACROPHAGE HYPERPLASIA. This 8-year-old frog was found dead with no previous abnormalities noted. Gross necropsy revealed a single 2 x 1.5 cm. urinary calculus within the bladder. No other abnormalities were found.",0,0,1,-1,0,-1,"melanoma","Gastrointestinal","liver","Animalia","Chordata","Amphibia","Anura","Hylidae","Phyllomedusa","Phyllomedusa bicolor","Giant Waxy Tree Frog","NWZP",1,1,0,1,711,-1,-1,-1,-1,4.07438972660072,-1,-1,-1,-1,-1,-1,-1,123.6,-1
106037,"female",96,0,-1,0,3324,"107548","SURINAM TOAD","27-Nov",2015,"BACTERIAL TUBULOINTERSTITIAL NEPHRITIS ASCITES MELANOMA CHOLELITHIASIS. This 8-year-old female toad presented with bloat and was spending an unusual amount of time at the surface of the tank. The toad subsequently died and necropsy revealed moderate ascites a 5 mm. raised soft tissue nodule on the right dorsal forelimb consolidated lungs that sank in formalin rounded hepatic margins a lobe-like appendage to the gallbladder with firm bile-stained material in the center three rocks in the pyloric region of the stomach a thin-walled dilated sac distal to the stomach containing luminal brown fluid empty urinary bladder mild follicular development and a cone-shaped structure in the oviduct. Adipose stores were atrophic.",1,0,1,-1,1,-1,"melanoma","Mesenchymal","striated muscle","Animalia","Chordata","Amphibia","Anura","Pipidae","Pipa","Pipa pipa","Surinam toad","NWZP",1,1,0,1,579,-1,-1,-1,-1,3.04590299949763,-1,-1,-1,-1,-1,-1,-1,92.4,-1
58093,"male",60,0,-1,0,3470,"59308","ROCK HYRAX","18-Feb",2014,"DEGENERATIVE CARDIAC AND RENAL DISEASE PANCREATIC FIBROSIS IRIS MELANOMA ANESTHETIC COMPLICATIONS. This 5-year-old male rock hyrax was sedated for blood collection recovered well in its crate but then developed an abnormal respiratory pattern and hiccups. The animal then arrested twice in which case resuscitation efforts were successful the first time but not the second time. This animal had a deslorelin implant for aggression control. Necropsy revealed adequate adipose stores marked atrophy of the testes shrunken spleen and no other abnormalities.",1,0,1,-1,1,-1,"melanoma","Eye","iris","Animalia","Chordata","Mammalia","Hyracoidea","Procaviidae","Procavia","Procavia capensis","Rock Hyrax","NWZP",1,1,0,1,711,16.4365548980934,16.4365548980934,7.06771860618014,3.81328073635766,3.81328073635766,2.5,-1,12,205,500,3600,0.0112,177.6,780
73817,"female",48,0,1,0,3470,"79365","ROCK HYRAX","4-Feb",2013,"SEPSIS IRON STORAGE DISEASE CHRONIC CARDIAC AND RENAL DISEASE (POSSIBLY DIABETIC). This 4-year-old female/spayed rock hyrax has a history of pyometra and uterine sarcoma diagnosed a few weeks earlier. The animal subsequently died and necropsy revealed enlarged mesenteric lymph nodes few white nodules in the liver and swollen kidneys with adhered capsule. The previously excised uterus was filled with thick yellow purulent material with thickened firm walls.",0,0,1,-1,0,-1,"sarcoma","Reproductive","uterus","Animalia","Chordata","Mammalia","Hyracoidea","Procaviidae","Procavia","Procavia capensis","Rock Hyrax","NWZP",0,0,1,-1,-1,16.4365548980934,16.4365548980934,7.06771860618014,3.81328073635766,3.81328073635766,2.5,-1,12,205,500,3600,0.0112,177.6,780
56426,"male",0.62,0,-1,0,3482,"51969","LUNGFISH","5-Apr",2001,"EUTHANASIA SEMINOMA SEPSIS. This adult male lungfish was humanely euthanized. It presented 2.5 weeks prior to euthanasia for a bulge in the abdomen that was demarcated by a small area of pink skin caudal to the vent at the right pelvic fin. The abdomen was aspirated and cloudy light brown fluid was recovered. Similar fluid was released when the pink area was biopsied. Cytology suggested neoplasia or severe inflammatory disease. Antibiotics were started pending a curator’s decision. The animal declined in health over the next two days. At necropsy the fish appeared to have adequate body muscling but no normal fat deposits. Both brille were clouded. The skin that contained the orange/pink discoloration was located directly caudal to the right pelvic fin. There were two other areas of pink discoloration (3 mm. in diameter) noted on the right lateral side between the pelvic and pectoral fins. A third area of skin was ulcerated in the same location. Additional fluid was released when samples were collected from the caudal most lesion. The abnormal skin coincided with masses found intracoelomically. The masses were complex and multilobed. On cut section they seemed fatty but denser in consistency. The largest mass was 7 cm. in diameter located in the right coelom directly caudal to the liver. The liver seemed similarly hardened and potentially attached to the masses. On cut section portions of the liver contain the same material found in the masses. The lungs were moist and congested. The gastrointestinal tract contained substantial contents in the caudal tract.",1,0,1,0,0,0,"seminoma","Respiratory","lung","Animalia","Chordata","Sarcopterygii","Lepidosireniformes","Protopteridae","Protopterus","Protopterus aethiopicus",NA,"NWZP",1,1,0,1,711,-1,-1,-1,-1,-1,-1,-1,-1,-1,-1,-1,-1,-1,-1
106511,"female",312,0,-1,0,3528,"106078","DERBYAN PARAKEET","21-Aug",2015,"GRANULOMATOUS ENTERITIS AND PNEUMONIA PERFORATED CROP DYSGERMINOMA SEPSIS ATHEROSCLEROSIS WITH DISSECTING ANEURYSM. This 26-year-old female parakeet had a history of inability to fly due to a previous wing fracture but could navigate the enclosure well. The bird had been treated one month earlier for Sarcocystis neurona after an enclosure mate died due to sarcocystosis. At the time of treatment the bird had a markedly elevated white blood cell count and elevated bile acids remained clinically stable through treatment and was released back into the aviary. The bird presented one month later after falling from a perch and examination revealed weakness and thin body condition. Supportive care was administered but the bird developed neurologic signs and died several hours later. Necropsy revealed emaciation emphysema under the skin over the keel absence of adipose tissue white and red discoloration in the lungs a small amount of fluid in the trachea mottled areas of tan discoloration in the liver.",0,0,1,0,0,0,"dysgerminoma","Mesenchymal","blood","Animalia","Chordata","Aves","Psittaciformes","Psittacidae","Psittacula","Psittacula derbiana",NA,"NWZP",1,1,0,1,15498,-1,-1,-1,-1,1,-1,-1,-1,-1,-1,251,-1,-1,-1
4773,"female",120,0,-1,0,3534,"4793","CONGO AFRICAN GRAY #1","12-Feb",1998,"PORVENTRICULAR DILATATION DISEASE CUTANEOUS MELANOMA. This female approximately 10-year-old parrot was found dead. The bird had a history of wanting to be fed by its mate. The bird had not been closely monitored. Necropsy revealed dark purple lungs and food throughout the gastrointestinal tract.",1,0,1,-1,1,-1,"melanoma","Epithelial","skin","Animalia","Chordata","Aves","Psittaciformes","Psittacidae","Psittacus","Psittacus erithacus",NA,"NWZP",0,0,0,-1,-1,-1,-1,-1,-1,19.6599193603938,-1,-1,-1,-1,-1,333,0.128,596.4,-1
102477,"male",222,0,-1,0,3566,"109761","RODRIGUEZ FLYING FOX","27-Apr",2016,"EUTHANASIA DEGENERATIVE JOINT DISEASE DEGENEARATIVE CARDIAC DISEASE RENOLITH. This 18.5-year-old male Rodriguez flying fox had a digit amputation in June 2015 with a diagnosis of spindle cell sarcoma and complete excision (G15-3179). The patient was clinically normal and was found unable to use its hind limbs the day of death. Radiographs revealed lysis of the pelvis and proximal femurs bilaterally and destruction of both hip joints. The animal was euthanized for humane and diagnostic purposes. At necropsy the liver had multifocal white pinpoint nodules. The kidneys were subjectively pale and enlarged.",0,0,1,-1,0,-1,"sarcoma","Cardiac","heart","Animalia","Chordata","Mammalia","Chiroptera","Pteropodidae","Pteropus","Pteropus rodricensis","Rodrigues Fruit Bat","NWZP",1,0,0,1,4035,24.8241288625904,24.8241288625904,6.50887573964497,4.922419460881,4.922419460881,-1,-1,-1,45,-1,350,-1,336,134.9
55707,"female",18,0,-1,0,3593,"60131","COUGAR","12-Oct",2006,"SHOCK RENAL TUBULAR PIGMENT DEPOSITION. This subadult (approximately 16- to 18-month-old) female 82 lb. cougar was captured in excellent condition in January 2006. Mortality signal was received and the cougar was recovered in early April 2006 and appeared to have been dead 2-3 days. The cougar was found in Riparian Habitat less than one meter from a creek. No clear signs of trauma were noted and there was some evidence of weight loss. The remains of a domestic cat recently eaten were found 8-10 meters from the cougar. The weight of the cougar at necropsy was 67 lbs. and necropsy revealed low to moderate fat reserves. Water-like blood was collected from the heart and body cavity and stored in a refrigerator in red and lavender top vials. The movements and behaviors of this cougar were normal up until the time of mortality. This cougar is the offspring of a cougar that was confirmed to have died due to complications of feline leukemia virus infection in August 2006. Telemetry data suggested that they were a functional family group up until one week before mortality.",0,0,1,-1,0,-1,"leukemia","Cardiac","heart","Animalia","Chordata","Mammalia","Carnivora","Felidae","Panthera","Puma concolor",NA,"NWZP",0,0,0,-1,-1,29.9802761341223,29.9802761341223,3.02432610124918,2.9585798816568,2.9585798816568,2.5,0.45,25.84,400,3500,63000,0.0061,285.6,13300.8
97659,"male",30,0,-1,0,3593,"103677","FLORIDA PANTHER","7-Apr",2015,"EPICARDIAL HEMORRHAGE AUTOLYZED TISSUE. This 2.5-year-old male Florida panther was found dead. Thoracic blood tested positive for feline leukemia virus. The carcass was autolyzed and had been frozen prior to necropsy. The cause of death was not determined.",0,0,1,-1,0,-1,"leukemia","Reproductive","testis","Animalia","Chordata","Mammalia","Carnivora","Felidae","Panthera","Puma concolor",NA,"NWZP",0,0,0,-1,-1,29.9802761341223,29.9802761341223,3.02432610124918,2.9585798816568,2.9585798816568,2.5,0.45,25.84,400,3500,63000,0.0061,285.6,13300.8
56173,NA,12,0,-1,0,3645,"60414","DOMESTIC RAT","9-Feb",2009,"ASTROCYTOMA PULMONARY EDEMA. This 1-year-old rat was found dead without premonitory signs. At necropsy lungs were nearly completely effaced by consolidation and inspissated material.",1,0,1,-1,1,-1,"astrocytoma","Respiratory","lung","Animalia","Chordata","Mammalia","Rodentia","Muridae","Rattus","Rattus norvegicus","Typical Rat","NWZP",0,0,0,-1,-1,2.9585798816568,2.30111768573307,0.690335305719921,0.821827744904668,0.821827744904668,9.9,3.7,-1,5.81,63.8,300,-1,45.6,-1
60518,"male",24,0,0,0,3645,"64630","RAT","23-Sep",2010,"EUTHANASIA (PROBABLE INSULINOMA). This approximately 2-year-old intact male rat had a one day history of seizures associated with profound hypoglycemia elevated hepatic values and bilirubinuria. Euthanasia was performed for humane and diagnostic purposes and a 6 mm. red irregular round mass was noted at the tip of the splenic limb of the pancreas.",1,0,1,-1,0,0,"insulinoma","Gastrointestinal","liver","Animalia","Chordata","Mammalia","Rodentia","Muridae","Rattus","Rattus norvegicus","Typical Rat","NWZP",0,0,0,-1,-1,2.9585798816568,2.30111768573307,0.690335305719921,0.821827744904668,0.821827744904668,9.9,3.7,-1,5.81,63.8,300,-1,45.6,-1
70379,"female",12,0,1,0,3645,"75535","DOMESTIC RAT","15-Jun",2006,"BRAIN TUMOR (PROBABLE ASTROCYTOMA). This 1-year-old female/spayed captive bred domestic rat has an approximately two week history of severe weight loss with circling to the left. No abnormalities were known on physical examination. A brain lesion was suspected and euthanasia was performed for humane and diagnostic purposes.",1,0,1,0,0,0,"astrocytoma","Nervous","brain","Animalia","Chordata","Mammalia","Rodentia","Muridae","Rattus","Rattus norvegicus","Typical Rat","NWZP",1,0,0,-1,-1,2.9585798816568,2.30111768573307,0.690335305719921,0.821827744904668,0.821827744904668,9.9,3.7,-1,5.81,63.8,300,-1,45.6,-1
71182,"male",24,0,-1,0,3645,"76502","NORWAY RAT","20-Sep",2004,"EUTHANASIA ASTROCYTOMA. This 2-year-old male rat had a history of seizures and was euthanized. At gross necropsy the left cerebrum was discolored and a small 1-2 mm. mass was located just rostral to the cerebellum on the dorsal midline.",1,0,1,-1,1,-1,"astrocytoma",NA,NA,"Animalia","Chordata","Mammalia","Rodentia","Muridae","Rattus","Rattus norvegicus","Typical Rat","NWZP",1,0,0,1,746,2.9585798816568,2.30111768573307,0.690335305719921,0.821827744904668,0.821827744904668,9.9,3.7,-1,5.81,63.8,300,-1,45.6,-1
74784,"male",24,0,-1,0,3645,"80075","RAT","10-Jan",2014,"CHRONIC MURINE PNEUMONIA MYOCARDIAL FIBROSIS ASTROCYTOMA EUTHANASIA. This 2-year-old male rat has a three month history of respiratory tract disease and was euthanized for humane and diagnostic purposes. Necropsy revealed diffusely hemorrhagic pulmonary fields and an enlarged liver. The liver and kidney were reddened.",1,0,1,-1,1,-1,"astrocytoma","Respiratory","lung","Animalia","Chordata","Mammalia","Rodentia","Muridae","Rattus","Rattus norvegicus","Typical Rat","NWZP",0,0,0,-1,14675,2.9585798816568,2.30111768573307,0.690335305719921,0.821827744904668,0.821827744904668,9.9,3.7,-1,5.81,63.8,300,-1,45.6,-1
77863,"male",24,0,-1,0,3645,"80278","DOMESTIC RAT","31-Dec",2012,"CHRONIC MURINE PNEUMONIA WITH OTITIS MEDIA INTRATHORACIC NEOPLASM (BRONCHOGENIC OR MESOTHELIOMA). This greater than 2-year-old male domestic rat was found dead. Necropsy revealed a thick caseating infiltrate in the lungs congested meninges and no other abnormalities. This animal periodically had nose bleeds head tilt and a long history of respiratory problems. Head tilt was severe one day prior to death.",1,0,1,0,0,0,"mesothelioma","Respiratory","lung","Animalia","Chordata","Mammalia","Rodentia","Muridae","Rattus","Rattus norvegicus","Typical Rat","NWZP",0,0,1,1,9023,2.9585798816568,2.30111768573307,0.690335305719921,0.821827744904668,0.821827744904668,9.9,3.7,-1,5.81,63.8,300,-1,45.6,-1
79791,"male",144,0,-1,0,3694,"85438","EGYPTIAN FRUIT BAT","13-Jan",2014,"LYMPHOCYTIC DERMATITIS AND DERMAL VASCULITIS VACUOLAR HEPATOPATHY EUTHANASIA. This 12-year-old male Egyptian fruit bat had a few week history of ulcerative ventral cervical dermatitis that responded moderately but transiently to conservative topical treatment. Biopsies identified an atypical lymphoid infiltrate suggestive of lymphoma and the bat was euthanized for humane and diagnostic purposes. Necropsy revealed fair nutritional condition moderate dehydration and a 3.5 cm. area of alopecia with ulceration and thickened skin overlying the ventral mandible and ventral cervical region.",0,0,1,-1,0,-1,"lymphoma","Round Cell","lymph nodes","Animalia","Chordata","Mammalia","Chiroptera","Pteropodidae","Rousettus","Rousettus aegyptiacus","Egyptian fruit bat","NWZP",1,1,0,1,760,11.9986850756082,11.9986850756082,3.81328073635766,4.01051939513478,4.01051939513478,1.07,-1,-1,21.06,73.8,125,0.0149,274.8,122.64
7338,"female",144,0,-1,0,3706,"8298","MUSTACHE TAMARIN","7-Apr",1999,"SEVERE INTERSTITIAL NEPHRITIS AND GLOMERULONEPHRITIS POSSIBLE LEPTOSPIROSIS PERITONITIS. This 12-year-old female mustache tamarin was found dead in its enclosure. It had a recent history of abdominal distention dyspnea hepatomegaly and jaundice. It had a recent tail amputation surgery and liver and skin biopsy in conjunction with an ovariohysterectomy. A adenocarcinoma (G99-0097) was noted histologically. Recent clinical pathologic data included hypoproteinemia uremia increased creatinine and monocytosis. At necropsy the thoracic cavity contained approximately 5 ml. of pink clear fluid. There were small yellow nodules on the atrioventricular valve. There was approximately 5 ml. of straw pink fluid within the abdominal cavity. There was no digesta present within the stomach. The descending colon was adhered to the urinary bladder and left abdominal wall. The liver was large congested firm and had rounded edges. The spleen was contracted. Mesenteric lymph nodes were enlarged. The urinary bladder was adhered to the descending colon and vagina. The kidneys had irregular small cysts in the cortex. The gall bladder was thickened and irregular with adhesions to the body wall.",0,0,1,-1,0,-1,"adenocarcinoma","Reproductive","ovary","Animalia","Chordata","Mammalia","Primates","Callitrichidae","Saguinus","Saguinus imperator","Emperor Tamarins","NWZP",1,1,0,1,697,17.9487179487179,23.9973701512163,4.76660092044707,-1,63.8,-1,-1,-1,47,-1,518.5,-1,284.4,-1
91042,"female",120,0,-1,0,3725,"97370","MADAGASCAR TREE BOA","14-Mar",2008,"POSTOPERATIVE SEPSIS COLON REPRODUCTIVE TRACT INCISION SITE. This greater than 10-year-old female tree boa has a previous history of intestinal resection and anastomosis due to adenocarcinoma (G08-0532). Three weeks after surgery the surgical skin wound was noted to be dehiscing and the patient was taken to surgery again for exploration. Surgery revealed apparent infection in the coelomic cavity and severe necrosis of the large intestine anterior and posterior to the anastomosis site. Euthanasia was performed for humane and diagnostic purposes.",0,0,1,-1,0,-1,"adenocarcinoma","Gastrointestinal","small intestine","Animalia","Chordata","Reptilia","Squamata","Boidae","Sanzinia","Sanzinia madagascariensis","Madagscar Tree Boa","NWZP",0,0,0,-1,-1,-1,0.378040762656147,0.716633793556871,-1,11.5,-1,9.5,-1,-1,-1,-1,-1,261.6,-1
83192,"male",96,0,-1,0,3750,"88712","BLUE SPINY LIZARD","5-Jul",2012,"EUTHANASIA NO PATHOLOGIC DIAGNOSIS BARBITURATE ARTIFACT. This greater than 8-year-old male blue spiny lizard had been eating well the past three months. It developed a three week episode of decreased appetite and lethargy became obtunded and was euthanized for humane and diagnostic purposes. Necropsy revealed thin body condition dull skin with urates adhered to the vent dilated cecum filled with thick brown material full gallbladder dark liver with few tan spots on the edges and hyperpigmentation of the body wall and one kidney. This group of lizards has a history of lymphoma.",0,0,1,-1,0,-1,"lymphoma","Round Cell","lymph nodes","Animalia","Chordata","Reptilia","Squamata","Phrynosomatidae","Sceloporus","Sceloporus cyanogenys","Blue spiny lizard","NWZP",1,0,0,1,206,-1,-1,-1,-1,2.65033118138105,13,-1,-1,1.15,-1,35.59,-1,80.4,-1
8192,"male",336,0,-1,1,3923,"8132","HUMBOLDT PENGUIN","20-Mar",1999,"MELANOMA COELOMIC VISCERA SOURCE UNDETERMINED; IMPACTED UROPYGIAL GLAND. This 28-year-old male wild caught penguin died spontaneously and was refrigerated six hours prior to necropsy. The animal had been found dead. Necropsy revealed a greatly enlarged black and gray liver congested lungs with palpable nodules and an enlarged heart.",1,0,1,-1,1,-1,"melanoma","Epithelial","gland","Animalia","Chordata","Aves","Sphenisciformes","Spheniscidae","Spheniscus","Spheniscus humboldti","Humboldt Penguin","NWZP",1,0,0,-1,-1,36.0207100591716,36.0207100591716,-1,-1,109.575,-1,-1,-1,-1,-1,4379,-1,360,-1
53513,"male",168,0,-1,0,3923,"37470","HUMBOLDT PENGUIN","2-Jun",2008,"HEPATIC MELANOMA SYSTEMIC NONSUPPURATIVE INFLAMMATION EUTHANASIA. This 14-year-old male Humboldt penguin has a history of weight loss and regurgitation with a firm irregular soft tissue mass and elevated hepatic enzymes. Exploratory laparotomy revealed a nonresectable cystic hepatic mass affecting multiple hepatic lobes and associated with severe compression of the stomach and intestines and the bird was subsequently euthanized. Necropsy revealed a hyperkeratotic mass in the inner inguinal area bilaterally two 2 cm. in diameter black masses in the right lung lobe one 1 cm. black mass in the left lung lobe and multiple coalescing black masses throughout the liver. A 4 cm. white mass was in the area of the gall bladder.",0,0,1,0,0,0,"melanoma","Gastrointestinal","liver","Animalia","Chordata","Aves","Sphenisciformes","Spheniscidae","Spheniscus","Spheniscus humboldti","Humboldt Penguin","NWZP",1,1,0,1,14014,36.0207100591716,36.0207100591716,-1,-1,109.575,-1,-1,-1,-1,-1,4379,-1,360,-1
100795,"female",192,0,-1,0,4010,"108047","POTBELLY PIG","13-Jan",2016,"ENDOCARDIOSIS ADRENAL CORTICAL CARCINOMA COLONIC CARCINOMA IN SITU CHRONIC RENAL DISEASE HEPATIC NODULAR HYPERPLASIA. This 16-year-old female potbelly pig was euthanized due to hyporexia weight loss lethargy and a recent seizure-like episode. Additionally the animal had a systolic heart murmur. At necropsy multiple masses were identified including papillomatous masses extending from the colonic mucosa masses associated with the right adrenal gland and enlarged pituitary.",0,0,1,-1,0,-1,"carcinoma","Gastrointestinal","colon","Animalia","Chordata","Mammalia","Artiodactyla","Suidae","Sus","Sus scrofa","Guinea Forest Hog","NWZP",1,1,0,1,711,10.9796186719264,25.2465483234714,3.78040762656147,1.84089414858646,1.84089414858646,4.52,1.5,7.56,960,5700,130000,0.0095,324,-1
38200,"male",96,0,-1,0,4035,"44840","REEVE'S PHEASANT","3-May",2013,"CHRONIC COELOMITIS. This 8-year-old male pheasant had been acting normally one day prior to death and was subsequently found dead in the morning. It had no prior signs of illness. The animal had been in the same area as a few birds with some unusual bleeding issues. One of these birds had aspergillosis. A golden pheasant from this group had vascular necrosis with hemorrhage and aspergillosis (G12-5890) and a Lady Amherst’s pheasant had Heterakis infection zygomycosis and a renal tubular adenocarcinoma (G12-5897). Necropsy for the bird of this report identified clear slightly yellow mucoid material on the serosal surfaces of the viscera. The liver was reddened. The intestine was congested and the serosa was hemorrhagic. Hemorrhage was also present on the mucosal surface of the proventriculus. The spleen was reddened and the vessels of the heart were injected. A few pale areas were in the heart. The lungs were severely hemorrhagic on cut surface.",0,0,1,-1,0,-1,"adenocarcinoma","Reproductive","kidney","Animalia","Chordata","Aves","Galliformes","Phasianidae","Syrmaticus","Syrmaticus reevesii",NA,"NWZP",1,1,0,1,14883,-1,-1,-1,-1,3.63926072667249,9.5,-1,-1,22,-1,1239,-1,110.4,-1
30564,"male",120,0,-1,0,4041,"32791","WHITE LINED TANAGER","12-Jul",2010,"SEMINOMA URATE STASIS HEPATITIS. This 10-year-old male tanager presented with dyspnea and abdominal distention. A surgical exploratory was attempted but the bird died under anesthesia. At necropsy a large irregular tan mass was present adherent to the liver and GI tract.",1,0,1,-1,1,-1,"seminoma","Gastrointestinal","liver","Animalia","Chordata","Aves","Passeriformes","Thraupidae","Tachyphonus","Tachyphonus rufus",NA,"NWZP",1,1,0,1,597,-1,-1,-1,-1,1,2.5,-1,-1,-1,-1,34.25,-1,-1,-1
66338,"male",480,0,-1,0,4086,"68548","SOUTH AMERICAN TAPIR","12-Jul",2010,"OSTEOARTHRITIS CUTANEOUS MELANOMA EUTHANASIA. This approximately 40-year-old male South American tapir had a history of chronic arthritis and melanoma. The melanoma had appeared to resolve grossly after treatment with cryotherapy. The tapir was found dead in its exhibit. Necropsy revealed osteoarthritic lesions in the coxofemoral joints sand in the stomach and hard plastic foreign bodies in the cecum.",1,0,1,-1,1,-1,"melanoma","Epithelial","skin","Animalia","Chordata","Mammalia","Perissodactyla","Tapiridae","Tapirus","Tapirus terrestris",NA,"NWZP",1,0,0,1,746,35.9960552268245,35.9960552268245,13.0834976988823,9.50032873109796,9.50032873109796,-1,-1,0.177960301,6000,86260,250000,-1,475.2,-1
83231,"male",216,0,-1,0,4123,"88728","RUSSIAN TORTOISE","14-Apr",2014,"EUTHANASIA NO PATHOLOGIC DIAGNOSIS. This approximately 18-year-old captive bred male Russian tortoise was euthanized. The tortoise had been rescued in August 2013 from a home with terrible husbandry. The tortoise had hind limb paraparesis and constipation that never improved. Necropsy revealed possible disseminated melanomacrophage staining in the liver and a dilated large intestine with subjectively thin walls.",0,0,1,-1,0,-1,"melanoma","Other","widespread","Animalia","Chordata","Reptilia","Testudines","Testudinidae","Testudo","Testudo horsfieldii",NA,"NWZP",0,0,0,-1,13591,-1,-1,-1,-1,1,-1,-1,-1,-1,-1,1018,-1,-1,-1
8549,"female",108,0,-1,1,4151,"7948","SAN FRANCISCO GARTER SNAKE","2-Mar",1999,"GRANULOSA CELL TUMOR MELANOMA BACTERIAL COELOMITIS AND SEPTICEMIA. This 9-year-old female wild caught garter snake was submitted with no additional history (necropsy report to follow).",1,0,1,0,0,0,"melanoma","Reproductive","ovary","Animalia","Chordata","Reptilia","Squamata","Colubridae","Thamnophis","Thamnophis sirtalis",NA,"NWZP",0,0,0,-1,-1,23.9973701512163,23.9973701512163,3.28731097961867,-1,73,12.6,-1,-1,-1,-1,150,-1,168,-1
90239,NA,252,0,-1,0,4180,"95079","BLUE-TONGUED SKINK","13-Dec",2013,"SEMINOMA POSSIBLE HERMAPHRODITE. This 21-year-old eastern blue-tongued skink has a history of gingivitis and was found dead unexpectedly. Necropsy revealed a large mass in the coelomic cavity occupying approximately 80% of the coelomic space. Pulmonary lobes were collapsed and compressed cranially. The liver was dark green and compressed cranially against the coelomic wall. The pylorus and duodenum felt firm and thickened. Three to four focal discrete slightly raised white nodular structures were in the mesentery. The mass appeared to arise from the reproductive tract and was cystic containing approximately 90 ml. of clear yellow proteinaceous fluid. Several smaller structures were present on the surface of the mass and also filled with fluid. The inner surface of the mass was white with thickened areas and occasionally irregular raised small white bumps.",0,0,1,0,0,0,"seminoma","Mesenchymal","striated muscle","Animalia","Chordata","Reptilia","Squamata","Scincidae","Tiliqua","Tiliqua scincoides","Eastern Blue Tongued Skink","NWZP",1,1,0,1,15333,-1,-1,0.0230111768573307,16.3182117028271,16.3182117028271,10,-1,-1,14,-1,493,-1,319.2,-1
95665,NA,168,0,-1,0,4180,"91586","EASTERN BLUE TONGUED SKINK","10-Aug",2006,"OVARIAN DYSGERMINOMA XANTHOMATOSIS INANITION. This 14-year-old skink had a history of weight loss. Recent fecal exams were positive for yeast and oxyurids. The animal was under treatment but was found dead. At necropsy the skink was thin with marked muscle wasting and no observable fat depots. A large quantity of straw colored fluid was present in the coelomic cavity. Numerous white masses were present on the serosal surface of several organs. A cluster of cystic masses was present in the mid coelom surrounded by firm yellow material.",0,0,1,0,0,0,"dysgerminoma","Reproductive","ovary","Animalia","Chordata","Reptilia","Squamata","Scincidae","Tiliqua","Tiliqua scincoides","Eastern Blue Tongued Skink","NWZP",0,0,0,-1,-1,-1,-1,0.0230111768573307,16.3182117028271,16.3182117028271,10,-1,-1,14,-1,493,-1,319.2,-1
96835,"male",312,0,-1,0,4180,"88917","BLUE TONGUE SKINK","27-Apr",2003,"EUTHANASIA SEMINOMA MICROSPOIRDIAN COLITIS RENAL CYSTADENOMA RENAL GOUT. This approximately 26-year-old male skink was humanely euthanized. The skink had a history of decreased appetite. At necropsy there were significant accumulations of fat in the caudal aspects of the body cavity. The bladder had accumulations of yellow/gold to greenish debris. The bladder wall thickness seemed normal. There was a moderate amount (approximately 15 cc.) of fluid in the body cavity. The heart appeared larger than expected. One of the atrial chambers seemed to have a large scar tissue infarct area. The kidneys were smaller than expected and irregular in their surface texture. On section there were fine whitish nodules throughout. Near the area of thyroid there appeared to be a 0.7 cm. round mass.",1,0,1,0,0,0,"seminoma","Reproductive","kidney","Animalia","Chordata","Reptilia","Squamata","Scincidae","Tiliqua","Tiliqua scincoides","Eastern Blue Tongued Skink","NWZP",1,0,0,-1,-1,-1,-1,0.0230111768573307,16.3182117028271,16.3182117028271,10,-1,-1,14,-1,493,-1,319.2,-1
62961,"male",300,0,-1,0,4247,"67784","ANDEAN BEAR","14-Mar",2012,"DEGENERATIVE SPINAL CORD LESIONS EUTHANASIA. This 25-year-old male bear had a several month history of hind leg lameness and occasional weakness with sudden onset of hind leg paresis three weeks earlier. It showed initial improvement but remained unable to stay standing and tended to crawl on its knees and drag its legs. Euthanasia was performed for humane and diagnostic purposes. Necropsy revealed moderate overweight body condition minor abrasions and scabbing over the cranial stifle joints linear scar with crusting over the mid back from a site of previous squamous cell carcinoma worn teeth symmetrical homogeneous but large thyroids globoid heart with some dilatation of the right ventricle gray discoloration of the entire heart irregularity of the mitral valve leaflets pitted intimal surfaces of the aorta and pulmonary artery rounding of the right lobe of the liver ingesta in the stomach and intestines thick walled pylorus gritty texture to the adrenals on cut surface possible mild narrowing of the spinal canal and compression over the caudal cord at L5-L6 and narrowing of the disk space at L6-L7 but no evidence of disk protrusion.",0,0,1,-1,0,-1,"carcinoma","Endocrine","thyroid","Animalia","Chordata","Mammalia","Carnivora","Ursidae","Tremarctos","Tremarctos ornatus","Andean Bear","NWZP",1,0,0,-1,2598,48.0276134122288,48.0276134122288,7.49506903353057,2.9585798816568,2.9585798816568,1.5,-1,-1,320,-1,109250,-1,468,-1
101454,"male",36,0,-1,0,4272,"104064","RAINBOW LORIKEET","29-Apr",2015,"SEMINOMA PARABRONCHITIS URATE STASIS CHRONIC HEPATOPATHY. This 3-year-old male lorikeet was found dead. Necropsy revealed a contusion on the skull and in the muscle near the left leg good body condition slightly enlarged liver empty alimentary tract and a markedly enlarged left testicle with adhesion to the kidney.",1,0,1,-1,1,-1,"seminoma","Gastrointestinal","liver","Animalia","Chordata","Aves","Psittaciformes","Psittaculidae","Trichoglossus","Trichoglossus haematodus","Coconut lorikeet","NWZP",0,1,0,-1,4177,-1,-1,-1,-1,6.36870627167686,-1,-1,-1,-1,-1,115.1,-1,193.2,-1
105882,"male",48,0,-1,0,4340,"107493","NORTHERN TREE SHREW","19-Nov",2015,"SEMINOMA EUTHANASIA. This 4-year-old male tree shrew had a history of enlargement of the right scrotum and the right testicle was removed surgically. The animal did not recover well from anesthesia and was euthanized.",1,0,1,-1,1,-1,"seminoma","Reproductive","testis","Animalia","Chordata","Mammalia","Scandentia","Tupaiidae","Tupaia","Tupaia belangeri","Northern Tree Shrew","NWZP",0,0,1,-1,15670,4.01923076923077,4.00262984878369,1.51216305062459,1.18343195266272,1.18343195266272,-1,7.5,0.123613963,10,100,200,0.0351,133.2,-1
58350,"female",204,0,-1,0,4374,"59017","SNOW LEOPARD","14-Jul",2008,"EUTHANASIA CHRONIC NEPHRITIS CHRONIC CYSTITIS MYCOTIC RHINITIS PNEUMONIA DYSGERMINOMA (OVARY) GASTRIC MINERALIZAITON MYOCARDIAL FIBROSIS. This 17-year-old female snow leopard had a history of chronic renal disease and hematuria. No response was seen with treatment and the animal was humanely euthanized. At necropsy the ribs were noted to be soft and pliable. The left ovary was markedly enlarged and contained hemorrhagic fluid. Granular white material was present in the urinary bladder. The stomach contained multiple small firm nodular masses. An abscess was identified in the lung. A black to green mass containing purulent material was present in the left nasal sinus. Dark discoloration was noted over the cerebrum and cerebellum.",0,0,1,0,0,0,"dysgerminoma","Reproductive","ovary","Animalia","Chordata","Mammalia","Carnivora","Felidae","Panthera","Panthera uncia","Snow Leopard","NWZP",1,1,0,1,2373,23.9973701512163,23.9973701512163,3.15581854043392,2.53122945430638,2.53122945430638,2.12,1.1,12,475,7500,50000,-1,254.4,-1
14497,"male",240,0,-1,0,4421,"10885","KODIAK BEAR","29-Dec",1999,"MESOTHELIOMA SARCOCYSTIS CYST (HEART) EUTHANASIA. This approximately 20-year-old male Kodiak bear developed a sudden onset of dyspnea associated with a hemorrhagic pleural effusion. The animal was humanely euthanized and necropsy revealed a hemorrhagic pleural effusion grape-like clusters of masses involving the outside of the entire mediastinum on both sides of the chest with no involvement of the lungs mild arthritis.",0,0,1,0,0,0,"mesothelioma","Cardiac","heart","Animalia","Chordata","Mammalia","Carnivora","Ursidae","Ursus","Ursus arctos","Brown Bear","NWZP",1,0,0,-1,-1,43.1623931623932,43.1623931623932,3.38593030900723,7.00197238658777,7.00197238658777,2.24,0.4,28.01,510,26000,277500,-1,480,20790.6
106065,"male",168,0,-1,0,4463,"108089","CROCODILE MONITOR","14-Jan",2016,"VERTEBRAL DEGENERATIVE JOINT DISEASE EUTHANASIA EMACIATION EPICARDIAL MELANOMA. This 14-year-old male crocodile monitor was euthanized for humane and diagnostic purposes secondary to marked vertebral fusion and bony proliferation. At necropsy there were several firm nodules on the skin. The heart had thickening of the atrioventricular valves. There was marked bony proliferation throughout the spine.",1,0,1,-1,1,-1,"melanoma","Epithelial","skin","Animalia","Chordata","Reptilia","Squamata","Varanidae","Varanus","Varanus salvadorii",NA,"NWZP",1,0,0,1,4201,-1,-1,3.50230111768573,-1,7.9114363623315,7.14,-1,-1,55,-1,51500,-1,240,-1
8414,"male",120,0,-1,0,4544,"8273","WHITE WINGED DOVE","5-Apr",1999,"ASTROCYTOMA EUTHANASIA. This greater than 10-year-old male white winged dove was euthanized following a one month history of ocular discharge and irritation within the right eye. The eye responded initially to antibiotics but then the discharge returned. The bird then developed a right-sided head tilt and stopped eating several days priori to euthanasia. At necropsy the bird was in body condition. The left side of the cranium appeared slightly larger than the right. The right eyelid margin appeared irregular and there was periocular feather loss. There was a small healed defect in the skull between and just above the eye level. The liver appears slightly mottled. All other systems were grossly unremarkable. Samples of heart lung liver and muscle were frozen for future use if needed.",1,0,1,-1,1,-1,"astrocytoma","Epithelial","skin","Animalia","Chordata","Aves","Columbiformes","Columbidae","Zenaida","Zenaida asiatica",NA,"NWZP",1,0,0,-1,-1,11.9986850756082,11.9986850756082,0.427350427350427,-1,36.5,-1,-1,-1,7.7,-1,140,-1,300,-1
40135,NA,144,0,-1,0,4548,"37406","MORNING DOVE","6-May",2010,"OOPHORITIS OVARIAN DYSGERMINOMA. This 12-year-old morning dove was found openmouthed breathing. An attempt was made to place an air sac tube; however on entering the coelom yellow fluid emerged and the animal died. At necropsy dark yellow fluid was present throughout the coelom. The heart was enlarged.",1,0,1,-1,1,-1,"dysgerminoma","Reproductive","ovary","Animalia","Chordata","Aves","Columbiformes","Columbidae","Zenaida","Zenaida macroura","Turtle dove","NWZP",1,0,0,1,1321,2.9585798816568,2.62984878369494,0.460223537146614,-1,8.5,-1,-1,-1,-1,-1,119,-1,375.6,-1
