"ID","age_months.x","Date.x","Year.x","Class.x","Species.x","common_name.x","birth_date","necropsy_date","Malignant.x"
17377,30,"9-Feb",2011,"Amphibia","Pipa pipa","Surinam toad",2008-08-09,2011-02-09,-1
42477,36,"11-Aug",2003,"Aves","Neophema splendida",NA,2000-08-11,2003-08-11,-1
85177,120,"20-Jun",2005,"Reptilia","Bitis nasicornis",NA,1995-06-20,2005-06-20,-1
35379,24,"20-Sep",2004,"Aves","Eos bornea","Red lory",2002-09-20,2004-09-20,-1
22236,84,"25-Oct",2011,"Mammalia","Suricata suricatta","Slender Tail Meerkat",2004-10-25,2011-10-25,0
64934,108,"26-Nov",2010,"Mammalia","Tragelaphus strepsiceros","Kudu",2001-11-26,2010-11-26,-1
1832,180,"28-Nov",1997,"Reptilia","Morelia viridis","Green Tree Python",1982-11-28,1997-11-28,-1
79554,84,"1-Aug",2014,"Mammalia","Oryctolagus cuniculus","Domestic Rabbit",2007-08-01,2014-08-01,1
75842,42,"13-Oct",2011,"Mammalia","Saimiri sciureus","Common Squirrel Monkey",2008-04-13,2011-10-13,-1
98840,180,"29-Jan",2015,"Mammalia","Colobus guereza","Colobus Monkey",2000-01-29,2015-01-29,1
103637,72,"3-Aug",2016,"Mammalia","Mustela putorius","Ferret",2010-08-03,2016-08-03,1
62776,132,"29-Mar",2004,"Mammalia","Acinonyx jubatus","Cheetah",1993-03-29,2004-03-29,-1
87144,204,"28-Nov",2005,"Reptilia","Corallus caninus","Emerald Tree boa",1988-11-28,2005-11-28,-1
20654,120,"15-Feb",2005,"Mammalia","Pusa hispida",NA,1995-02-15,2005-02-15,-1
85833,48,"1-Apr",2008,"Reptilia","Sceloporus cyanogenys","Blue spiny lizard",2004-04-01,2008-04-01,-1
63932,192,"28-Oct",2013,"Mammalia","Ovis aries","Sheep",1997-10-28,2013-10-28,-1
162098,219.23,"9-Feb",2007,"Mammalia","Panthera leo","Masai Lion",1988-11-09,2007-02-09,1
62758,216,"16-Jun",2014,"Mammalia","Panthera pardus",NA,1996-06-16,2014-06-16,-1
96285,120,"10-Feb",2015,"Reptilia","Crotalus lepidus",NA,2005-02-10,2015-02-10,-1
55951,324,"19-Nov",2010,"Mammalia","Zalophus californianus","California Sealion",1983-11-19,2010-11-19,0
82737,276,"9-May",2011,"Mammalia","Panthera leo","Masai Lion",1988-05-09,2011-05-09,1
54440,192,"13-Mar",2011,"Mammalia","Eidolon helvum",NA,1995-03-13,2011-03-13,-1
84212,96,"28-Jul",2005,"Reptilia","Erpeton tentaculatum","Tentacled snake",1997-07-28,2005-07-28,-1
28413,288,"14-Nov",2013,"Aves","Phoenicopterus ruber","American flamingo",1989-11-14,2013-11-14,-1
63181,24,"12-Sep",2011,"Mammalia","Mustela putorius","Ferret",2009-09-12,2011-09-12,0
6958,168,"17-Feb",1999,"Reptilia","Eublepharis macularius","Leopard Gecko",1985-02-17,1999-02-17,-1
39901,12,"23-Oct",2006,"Aves","Trichoglossus moluccanus","Rainbow lorikeet",2005-10-23,2006-10-23,-1
55938,492,"6-Oct",2004,"Mammalia","Pan troglodytes","Chimpanzee",1963-10-06,2004-10-06,-1
63135,180,"7-Sep",2012,"Mammalia","Ovis aries","Sheep",1997-09-07,2012-09-07,-1
67682,36,"3-Dec",2007,"Mammalia","Didelphis marsupialis","Oppossum",2004-12-03,2007-12-03,1
90282,96,"16-Dec",2002,"Mammalia","Litocranius walleri","Southern Gerenuk",1994-12-16,2002-12-16,1
19531,108,"19-Jun",2009,"Aves","Meleagris gallopavo","Domestic Lavender Turkey",2000-06-19,2009-06-19,-1
34993,24,"12-Apr",2013,"Aves","Eudocimus ruber","Scarlet Ibis",2011-04-12,2013-04-12,-1
75928,216,"14-Jul",2009,"Mammalia","Panthera onca","Jaguar",1991-07-14,2009-07-14,1
82160,36,"24-May",2011,"Reptilia","Gopherus agassizii",NA,2008-05-24,2011-05-24,-1
65454,24,"15-Aug",2005,"Mammalia","Litocranius walleri","Southern Gerenuk",2003-08-15,2005-08-15,-1
74171,156,"25-Nov",2013,"Mammalia","Canis lupus","Gray Wolf",2000-11-25,2013-11-25,1
64301,60,"21-Sep",2006,"Mammalia","Mustela putorius","Ferret",2001-09-21,2006-09-21,0
71425,36,"8-Jun",2011,"Mammalia","Atelerix albiventris","Four-toed Hedgehog",2008-06-08,2011-06-08,-1
98158,168,"10-Jun",2015,"Aves","Megascops asio",NA,2001-06-10,2015-06-10,-1
83838,252,"13-Aug",2012,"Reptilia","Pantherophis guttatus","Corn snake",1991-08-13,2012-08-13,-1
37456,36,"27-Apr",2000,"Aves","Leucopsar rothschildi","Bali mynah",1997-04-27,2000-04-27,-1
63858,36,"23-Aug",2005,"Mammalia","Ovis aries","Sheep",2002-08-23,2005-08-23,-1
34293,72,"26-Apr",2011,"Aves","Melopsittacus undulatus","Budgerigar",2005-04-26,2011-04-26,-1
102768,24,"3-Aug",2015,"Aves","Melopsittacus undulatus","Budgerigar",2013-08-03,2015-08-03,1
32471,108,"31-Jul",2012,"Aves","Meleagris gallopavo","Domestic Lavender Turkey",2003-07-31,2012-07-31,1
55153,144,"6-Jan",2010,"Mammalia","Phacochoerus africanus","Warthog",1998-01-06,2010-01-06,0
87572,72,"14-Dec",2005,"Reptilia","Erpeton tentaculatum","Tentacled snake",1999-12-14,2005-12-14,-1
79473,60,"4-Jan",2013,"Mammalia","Tragelaphus strepsiceros","Kudu",2008-01-04,2013-01-04,-1
60245,84,"14-Sep",2011,"Mammalia","Saimiri sciureus","Common Squirrel Monkey",2004-09-14,2011-09-14,-1
55862,60,"10-May",2012,"Mammalia","Rousettus aegyptiacus","Egyptian fruit bat",2007-05-10,2012-05-10,-1
56317,12,"17-Apr",2003,"Mammalia","Osphranter rufus","Red Kangaroo",2002-04-17,2003-04-17,-1
12576,24,"5-Jun",1999,"Mammalia","Procavia capensis","Rock Hyrax",1997-06-05,1999-06-05,-1
25610,48,"7-Apr",2004,"Aves","Dendrocygna autumnalis","Black-bellied Whistling duck",2000-04-07,2004-04-07,-1
79378,192,"3-Nov",2008,"Mammalia","Nanger dama","Addras Gazelle",1992-11-03,2008-11-03,-1
25681,72,"9-Jul",2003,"Aves","Gallus gallus","Domestic chicken",1997-07-09,2003-07-09,-1
65730,132,"4-Dec",2003,"Mammalia","Ovis aries","Sheep",1992-12-04,2003-12-04,-1
72749,120,"2-Oct",2000,"Mammalia","Suricata suricatta","Slender Tail Meerkat",1990-10-02,2000-10-02,-1
58790,276,"8-Nov",2007,"Mammalia","Artibeus jamaicensis","Jamaican Fruit bat",1984-11-08,2007-11-08,-1
18097,12,"2-Sep",2003,"Aves","Trichoglossus moluccanus","Rainbow lorikeet",2002-09-02,2003-09-02,-1
60461,156,"6-Jul",2003,"Mammalia","Chinchilla brevicaudata","Chinchilla",1990-07-06,2003-07-06,-1
20948,240,"31-Jul",2009,"Aves","Spheniscus humboldti","Humboldt Penguin",1989-07-31,2009-07-31,-1
63985,42,"28-Nov",2012,"Mammalia","Didelphis marsupialis","Oppossum",2009-05-28,2012-11-28,0
25502,60,"30-Jan",2013,"Aves","Gallus gallus","Domestic chicken",2008-01-30,2013-01-30,-1
162127,361.23,"11-May",2002,"Mammalia","Gorilla gorilla","Gorilla",1972-04-11,2002-05-11,0
52904,36,"22-Jun",2000,"Mammalia","Didelphis marsupialis","Oppossum",1997-06-22,2000-06-22,-1
27913,192,"27-Jun",2005,"Mammalia","Capra nubiana","Nubian Ibex",1989-06-27,2005-06-27,-1
78306,12,"6-May",2002,"Reptilia","Crotalus polystictus",NA,2001-05-06,2002-05-06,-1
37105,168,"12-Apr",2010,"Aves","Dendrocygna autumnalis","Black-bellied Whistling duck",1996-04-12,2010-04-12,-1
27759,12,"3-Jul",2003,"Aves","Trichoglossus moluccanus","Rainbow lorikeet",2002-07-03,2003-07-03,-1
69705,288,"25-Jan",2002,"Mammalia","Lemur catta","Ring-tailed Lemur",1978-01-25,2002-01-25,1
58124,180,"8-Mar",2011,"Mammalia","Addax nasomaculatus","Addax",1996-03-08,2011-03-08,-1
63155,156,"25-Apr",2014,"Mammalia","Rousettus aegyptiacus","Egyptian fruit bat",2001-04-25,2014-04-25,-1
20781,198,"27-Feb",2011,"Aves","Platalea ajaja",NA,1994-08-27,2011-02-27,-1
60074,156,"9-Apr",2001,"Mammalia","Nanger dama","Addras Gazelle",1988-04-09,2001-04-09,-1
56074,24,"25-Mar",2009,"Mammalia","Osphranter rufus","Red Kangaroo",2007-03-25,2009-03-25,-1
55466,60,"3-Apr",2002,"Aves","Gallus gallus","Domestic chicken",1997-04-03,2002-04-03,1
57499,168,"15-Oct",2001,"Mammalia","Ovis canadensis","Big Horn Sheep",1987-10-15,2001-10-15,-1
42415,96,"30-Aug",2006,"Aves","Gallus gallus","Domestic chicken",1998-08-30,2006-08-30,-1
20015,144,"16-Feb",2005,"Aves","Leucopsar rothschildi","Bali mynah",1993-02-16,2005-02-16,-1
64564,48,"9-Aug",2000,"Mammalia","Mustela nigripes","Black Footed Ferret",1996-08-09,2000-08-09,-1
62716,120,"14-Dec",2011,"Mammalia","Ailurus fulgens","Red Panda",2001-12-14,2011-12-14,-1
67947,36,"2-Oct",2000,"Mammalia","Oryctolagus cuniculus","Domestic Rabbit",1997-10-02,2000-10-02,-1
62690,120,"28-Mar",2002,"Mammalia","Leontopithecus chrysomelas","Golden-headed Tamarin",1992-03-28,2002-03-28,-1
63526,144,"17-Mar",2009,"Mammalia","Osphranter robustus","Wallaroo",1997-03-17,2009-03-17,-1
57612,24,"21-Apr",2003,"Mammalia","Osphranter rufus","Red Kangaroo",2001-04-21,2003-04-21,-1
58336,108,"14-Aug",2012,"Mammalia","Eidolon helvum",NA,2003-08-14,2012-08-14,-1
99341,120,"4-Sep",2015,"Mammalia","Suricata suricatta","Slender Tail Meerkat",2005-09-04,2015-09-04,-1
99964,216,"10-Nov",2015,"Aves","Spheniscus humboldti","Humboldt Penguin",1997-11-10,2015-11-10,-1
60360,42,"21-Feb",2007,"Mammalia","Atelerix albiventris","Four-toed Hedgehog",2003-08-21,2007-02-21,-1
97171,48,"21-Apr",2015,"Mammalia","Didelphis marsupialis","Oppossum",2011-04-21,2015-04-21,-1
73505,180,"30-Dec",2014,"Mammalia","Suricata suricatta","Slender Tail Meerkat",1999-12-30,2014-12-30,1
79364,48,"9-Apr",2009,"Mammalia","Osphranter rufus","Red Kangaroo",2005-04-09,2009-04-09,-1
55089,10,"21-Oct",2014,"Mammalia","Mustela nigripes","Black Footed Ferret",2013-12-21,2014-10-21,-1
79252,36,"3-May",2012,"Mammalia","Rattus norvegicus","Typical Rat",2009-05-03,2012-05-03,0
58128,36,"26-Apr",2011,"Mammalia","Rousettus aegyptiacus","Egyptian fruit bat",2008-04-26,2011-04-26,-1
79702,120,"2-Jan",2014,"Mammalia","Capra hircus","San Clemente Goat",2004-01-02,2014-01-02,-1
102782,48,"29-Jun",2016,"Mammalia","Zalophus californianus","California Sealion",2012-06-29,2016-06-29,-1
28233,480,"23-Sep",2011,"Aves","Phoenicopterus chilensis","Chilean flamingo",1971-09-23,2011-09-23,1
65689,144,"9-Dec",2005,"Mammalia","Lontra canadensis","North Americal River Otter",1993-12-09,2005-12-09,-1
54529,0.75,"26-Jan",2011,"Mammalia","Mus musculus","Common Mouse",2010-12-26,2011-01-26,-1
76758,60,"5-Sep",2001,"Mammalia","Chinchilla brevicaudata","Chinchilla",1996-09-05,2001-09-05,-1
84487,60,"17-Jan",2007,"Reptilia","Eublepharis macularius","Leopard Gecko",2002-01-17,2007-01-17,-1
23194,12,"25-Aug",2003,"Mammalia","Pusa hispida",NA,2002-08-25,2003-08-25,-1
80160,60,"27-Jan",2010,"Mammalia","Mus musculus","Common Mouse",2005-01-27,2010-01-27,-1
56721,12,"9-Apr",2002,"Mammalia","Lycaon pictus","Cape Hunting Dog",2001-04-09,2002-04-09,0
17553,96,"22-Mar",2006,"Aves","Oxyura jamaicensis",NA,1998-03-22,2006-03-22,-1
85651,24,"25-Mar",2005,"Reptilia","Sceloporus cyanogenys","Blue spiny lizard",2003-03-25,2005-03-25,-1
106294,108,"28-Oct",2015,"Mammalia","Capra hircus","San Clemente Goat",2006-10-28,2015-10-28,0
75017,24,"27-Apr",2009,"Mammalia","Rattus norvegicus","Typical Rat",2007-04-27,2009-04-27,-1
63853,36,"17-Jun",2013,"Mammalia","Mustela putorius","Ferret",2010-06-17,2013-06-17,-1
68246,36,"28-Aug",2014,"Mammalia","Atelerix albiventris","Four-toed Hedgehog",2011-08-28,2014-08-28,1
97830,1.5,"10-Jun",2015,"Mammalia","Atelerix albiventris","Four-toed Hedgehog",2015-04-10,2015-06-10,-1
62577,144,"1-Jun",2000,"Mammalia","Capra hircus","San Clemente Goat",1988-06-01,2000-06-01,0
92157,264,"4-Nov",2002,"Reptilia","Lampropeltis triangulum",NA,1980-11-04,2002-11-04,-1
67520,78,"25-Aug",2000,"Mammalia","Notamacropus rufogriseus","Red Wallaby",1994-02-25,2000-08-25,-1
66342,144,"4-Aug",2006,"Mammalia","Panthera onca","Jaguar",1994-08-04,2006-08-04,1
34779,36,"14-Dec",2005,"Aves","Trichoglossus haematodus","Coconut lorikeet",2002-12-14,2005-12-14,-1
39453,84,"2-Jul",2008,"Aves","Trichoglossus haematodus","Coconut lorikeet",2001-07-02,2008-07-02,0
105593,180,"4-Feb",2015,"Mammalia","Capra hircus","San Clemente Goat",2000-02-04,2015-02-04,1
62680,120,"20-Jun",2014,"Mammalia","Panthera uncia","Snow Leopard",2004-06-20,2014-06-20,-1
71894,84,"23-Jun",2003,"Mammalia","Ovis canadensis","Big Horn Sheep",1996-06-23,2003-06-23,-1
100054,2,"2-Nov",2015,"Mammalia","Sylvilagus transitionalis",NA,2015-09-02,2015-11-02,-1
41560,72,"5-May",2000,"Mammalia","Mustela nigripes","Black Footed Ferret",1994-05-05,2000-05-05,0
63336,216,"10-Jul",2009,"Mammalia","Panthera pardus",NA,1991-07-10,2009-07-10,-1
63919,108,"16-Nov",2005,"Mammalia","Macropus eugenii",NA,1996-11-16,2005-11-16,-1
63499,144,"24-Dec",2007,"Mammalia","Saguinus oedipus","Tamarin Monkey",1995-12-24,2007-12-24,-1
105359,156,"19-Nov",2012,"Mammalia","Lycaon pictus","Cape Hunting Dog",1999-11-19,2012-11-19,1
106215,156,"20-Apr",2015,"Reptilia","Eublepharis macularius","Leopard Gecko",2002-04-20,2015-04-20,0
79642,48,"14-Feb",2005,"Mammalia","Notamacropus rufogriseus","Red Wallaby",2001-02-14,2005-02-14,-1
54399,72,"6-Feb",2014,"Mammalia","Suricata suricatta","Slender Tail Meerkat",2008-02-06,2014-02-06,-1
57658,6,"24-Nov",2008,"Mammalia","Ovis canadensis","Big Horn Sheep",2008-05-24,2008-11-24,-1
64649,36,"12-Apr",2004,"Mammalia","Mustela nigripes","Black Footed Ferret",2001-04-12,2004-04-12,-1
76713,144,"8-Aug",2007,"Mammalia","Leontopithecus chrysomelas","Golden-headed Tamarin",1995-08-08,2007-08-08,-1
87909,276,"23-Oct",2006,"Reptilia","Pantherophis guttatus","Corn snake",1983-10-23,2006-10-23,1
86782,180,"10-Dec",2012,"Reptilia","Eublepharis macularius","Leopard Gecko",1997-12-10,2012-12-10,-1
106494,396,"1-Oct",2015,"Aves","Spheniscus humboldti","Humboldt Penguin",1982-10-01,2015-10-01,1
78170,90,"24-Jun",2013,"Mammalia","Leontopithecus chrysomelas","Golden-headed Tamarin",2005-12-24,2013-06-24,-1
74493,72,"24-Sep",2014,"Mammalia","Eidolon helvum",NA,2008-09-24,2014-09-24,-1
49997,12,"16-Aug",2002,"Aves","Gallus gallus","Domestic chicken",2001-08-16,2002-08-16,1
102523,168,"27-Mar",2015,"Mammalia","Procavia capensis","Rock Hyrax",2001-03-27,2015-03-27,1
66993,60,"2-Jul",2008,"Mammalia","Chinchilla brevicaudata","Chinchilla",2003-07-02,2008-07-02,1
14708,30,"30-Jan",2013,"Amphibia","Phyllomedusa bicolor","Giant Waxy Tree Frog",2010-07-30,2013-01-30,-1
62976,102,"6-Mar",2008,"Mammalia","Ovis aries","Sheep",1999-09-06,2008-03-06,-1
21869,204,"6-Feb",2008,"Mammalia","Pusa hispida",NA,1991-02-06,2008-02-06,-1
64478,72,"1-Feb",2012,"Mammalia","Osphranter robustus","Wallaroo",2006-02-01,2012-02-01,0
90795,168,"28-Apr",2011,"Reptilia","Gonocephalus chamaeleontinus","Chameleon Forest Dragon",1997-04-28,2011-04-28,-1
75646,36,"14-Nov",2001,"Mammalia","Suricata suricatta","Slender Tail Meerkat",1998-11-14,2001-11-14,-1
67594,156,"12-Apr",2004,"Mammalia","Acinonyx jubatus","Cheetah",1991-04-12,2004-04-12,0
103830,60,"26-Jul",2016,"Aves","Gallus gallus","Domestic chicken",2011-07-26,2016-07-26,-1
87431,36,"15-Jun",2007,"Reptilia","Crotalus lepidus",NA,2004-06-15,2007-06-15,-1
73220,132,"10-Feb",2012,"Mammalia","Lycaon pictus","Cape Hunting Dog",2001-02-10,2012-02-10,1
40258,84,"8-Jul",2008,"Aves","Trichoglossus haematodus","Coconut lorikeet",2001-07-08,2008-07-08,0
85988,312,"18-Dec",2003,"Reptilia","Boa constrictor","Boa Constrictor",1977-12-18,2003-12-18,0
96815,48,"9-Mar",2015,"Mammalia","Cynomys ludovicianus","Gunnison Prairie Dog",2011-03-09,2015-03-09,-1
72296,120,"28-Dec",2012,"Mammalia","Rousettus aegyptiacus","Egyptian fruit bat",2002-12-28,2012-12-28,-1
57985,144,"27-Jun",2008,"Mammalia","Pteropus rodricensis","Rodrigues Fruit Bat",1996-06-27,2008-06-27,-1
70768,234,"23-Jan",2013,"Mammalia","Mandrillus sphinx","Mandrill",1993-07-23,2013-01-23,1
62467,222,"8-Mar",2010,"Mammalia","Nanger dama","Addras Gazelle",1991-09-08,2010-03-08,-1
60422,24,"19-Nov",2001,"Mammalia","Rattus norvegicus","Typical Rat",1999-11-19,2001-11-19,-1
55722,84,"12-Oct",2010,"Mammalia","Taurotragus derbianus",NA,2003-10-12,2010-10-12,-1
27437,168,"21-Dec",2009,"Aves","Megascops asio",NA,1995-12-21,2009-12-21,-1
72227,84,"10-Feb",2009,"Mammalia","Mustela putorius","Ferret",2002-02-10,2009-02-10,0
27201,12,"24-Nov",2003,"Aves","Eos bornea","Red lory",2002-11-24,2003-11-24,-1
72114,36,"22-Jun",2012,"Mammalia","Leontopithecus chrysomelas","Golden-headed Tamarin",2009-06-22,2012-06-22,-1
70285,72,"9-Sep",2000,"Amphibia","Phyllomedusa bicolor","Giant Waxy Tree Frog",1994-09-09,2000-09-09,-1
60040,120,"29-Apr",2003,"Mammalia","Panthera tigris","White Bengal Tiger",1993-04-29,2003-04-29,-1
104658,72,"28-Sep",2016,"Aves","Gallus gallus","Domestic chicken",2010-09-28,2016-09-28,0
24784,48,"25-May",2004,"Aves","Dendrocygna autumnalis","Black-bellied Whistling duck",2000-05-25,2004-05-25,-1
74839,156,"11-Jul",2011,"Mammalia","Canis lupus","Gray Wolf",1998-07-11,2011-07-11,-1
35944,24,"22-Sep",2014,"Aves","Trichoglossus haematodus","Coconut lorikeet",2012-09-22,2014-09-22,-1
19594,108,"27-Jan",2006,"Aves","Gallus gallus","Domestic chicken",1997-01-27,2006-01-27,-1
74539,240,"18-Jan",2011,"Mammalia","Lemur catta","Ring-tailed Lemur",1991-01-18,2011-01-18,-1
28158,12,"19-Jul",2005,"Aves","Gallus gallus","Domestic chicken",2004-07-19,2005-07-19,-1
34288,96,"14-Sep",2012,"Aves","Melopsittacus undulatus","Budgerigar",2004-09-14,2012-09-14,-1
78129,96,"8-May",2014,"Mammalia","Litocranius walleri","Southern Gerenuk",2006-05-08,2014-05-08,1
83956,156,"10-Nov",2003,"Mammalia","Phacochoerus africanus","Warthog",1990-11-10,2003-11-10,1
60180,132,"6-Jan",2005,"Mammalia","Rousettus lanosus",NA,1994-01-06,2005-01-06,0
28283,60,"30-Oct",2009,"Aves","Gallus gallus","Domestic chicken",2004-10-30,2009-10-30,-1
62473,60,"20-May",2002,"Mammalia","Suricata suricatta","Slender Tail Meerkat",1997-05-20,2002-05-20,-1
56156,78,"2-Mar",2005,"Mammalia","Osphranter rufus","Red Kangaroo",1998-09-02,2005-03-02,-1
105686,42,"13-Jan",2017,"Mammalia","Litocranius walleri","Southern Gerenuk",2013-07-13,2017-01-13,-1
101055,18,"14-Jan",2016,"Mammalia","Cynomys ludovicianus","Gunnison Prairie Dog",2014-07-14,2016-01-14,-1
62547,84,"6-Mar",2006,"Mammalia","Cynomys ludovicianus","Gunnison Prairie Dog",1999-03-06,2006-03-06,1
69075,84,"16-Apr",2002,"Mammalia","Zalophus californianus","California Sealion",1995-04-16,2002-04-16,1
65722,84,"1-Oct",2009,"Mammalia","Oryctolagus cuniculus","Domestic Rabbit",2002-10-01,2009-10-01,-1
74418,156,"9-May",2011,"Mammalia","Dasyprocta punctata","Red-rumped Agouti",1998-05-09,2011-05-09,1
40414,36,"24-Sep",2001,"Aves","Neophema splendida",NA,1998-09-24,2001-09-24,-1
35266,24,"13-Aug",2007,"Aves","Trichoglossus moluccanus","Rainbow lorikeet",2005-08-13,2007-08-13,-1
75720,24,"25-Aug",2002,"Mammalia","Osphranter rufus","Red Kangaroo",2000-08-25,2002-08-25,-1
58485,24,"16-Jul",2013,"Mammalia","Nanger dama","Addras Gazelle",2011-07-16,2013-07-16,-1
39586,24,"28-Aug",2014,"Aves","Trichoglossus haematodus","Coconut lorikeet",2012-08-28,2014-08-28,-1
54850,444,"5-Nov",2007,"Mammalia","Lemur catta","Ring-tailed Lemur",1970-11-05,2007-11-05,-1
20975,264,"21-Nov",2002,"Aves","Phoenicopterus chilensis","Chilean flamingo",1980-11-21,2002-11-21,-1
75340,60,"9-Oct",2000,"Mammalia","Oryctolagus cuniculus","Domestic Rabbit",1995-10-09,2000-10-09,1
106078,72,"25-Feb",2015,"Mammalia","Mustela putorius","Ferret",2009-02-25,2015-02-25,1
105085,72,"9-Dec",2016,"Mammalia","Osphranter rufus","Red Kangaroo",2010-12-09,2016-12-09,-1
65789,144,"2-Apr",2002,"Mammalia","Capra nubiana","Nubian Ibex",1990-04-02,2002-04-02,-1
28250,108,"14-Aug",2008,"Aves","Dendrocygna autumnalis","Black-bellied Whistling duck",1999-08-14,2008-08-14,-1
69010,36,"16-Jun",2003,"Mammalia","Rattus norvegicus","Typical Rat",2000-06-16,2003-06-16,1
92294,48,"2-Sep",2010,"Reptilia","Furcifer pardalis","Reunion chameleon",2006-09-02,2010-09-02,-1
105119,30,"12-Dec",2016,"Mammalia","Atelerix albiventris","Four-toed Hedgehog",2014-06-12,2016-12-12,-1
41244,36,"12-May",2011,"Aves","Eudocimus ruber","Scarlet Ibis",2008-05-12,2011-05-12,-1
84863,48,"3-Jun",2005,"Reptilia","Furcifer pardalis","Reunion chameleon",2001-06-03,2005-06-03,0
56086,96,"16-Dec",2008,"Mammalia","Petaurus breviceps","Pygmy Sugar Glider",2000-12-16,2008-12-16,-1
80115,156,"25-May",2012,"Mammalia","Taurotragus derbianus",NA,1999-05-25,2012-05-25,-1
55306,48,"22-Sep",2008,"Mammalia","Atelerix albiventris","Four-toed Hedgehog",2004-09-22,2008-09-22,-1
61123,84,"17-Jun",2011,"Mammalia","Mustela putorius","Ferret",2004-06-17,2011-06-17,0
100553,84,"26-Jan",2016,"Mammalia","Mustela putorius","Ferret",2009-01-26,2016-01-26,-1
64706,96,"11-Sep",2001,"Mammalia","Ovis canadensis","Big Horn Sheep",1993-09-11,2001-09-11,-1
85818,60,"30-Nov",2009,"Reptilia","Crotalus horridus","Timber rattlesnake",2004-11-30,2009-11-30,-1
106038,168,"15-Jul",2002,"Mammalia","Phacochoerus africanus","Warthog",1988-07-15,2002-07-15,0
37288,84,"14-Jan",2011,"Aves","Meleagris gallopavo","Domestic Lavender Turkey",2004-01-14,2011-01-14,-1
56459,42,"6-Feb",2006,"Mammalia","Didelphis marsupialis","Oppossum",2002-08-06,2006-02-06,0
81784,24,"5-Nov",2008,"Reptilia","Corallus caninus","Emerald Tree boa",2006-11-05,2008-11-05,-1
41621,36,"30-May",2000,"Reptilia","Gonocephalus chamaeleontinus","Chameleon Forest Dragon",1997-05-30,2000-05-30,-1
28985,13,"3-Jun",2011,"Aves","Gallus gallus","Domestic chicken",2010-05-03,2011-06-03,1
162007,185.46,"4-Jan",2016,"Mammalia","Saguinus oedipus","Tamarin Monkey",2000-08-04,2016-01-04,1
16389,108,"17-Dec",2001,"Amphibia","Pipa pipa","Surinam toad",1992-12-17,2001-12-17,-1
34254,312,"14-Dec",2012,"Aves","Larosterna inca",NA,1986-12-14,2012-12-14,1
57367,192,"18-Apr",2002,"Mammalia","Zalophus californianus","California Sealion",1986-04-18,2002-04-18,-1
68000,252,"25-Jan",2008,"Mammalia","Giraffa camelopardalis","Baringo Giraffe",1987-01-25,2008-01-25,0
86604,168,"9-Jul",2008,"Reptilia","Lampropeltis triangulum",NA,1994-07-09,2008-07-09,-1
76289,96,"20-Sep",2004,"Mammalia","Leontopithecus chrysomelas","Golden-headed Tamarin",1996-09-20,2004-09-20,-1
23165,108,"14-May",2004,"Aves","Larosterna inca",NA,1995-05-14,2004-05-14,-1
20082,192,"3-Jan",2005,"Aves","Eudocimus ruber","Scarlet Ibis",1989-01-03,2005-01-03,-1
104803,3,"6-Oct",2016,"Mammalia","Sylvilagus transitionalis",NA,2016-07-06,2016-10-06,-1
62925,156,"12-Oct",2012,"Mammalia","Suricata suricatta","Slender Tail Meerkat",1999-10-12,2012-10-12,-1
54488,408,"10-Nov",2003,"Mammalia","Gorilla gorilla","Gorilla",1969-11-10,2003-11-10,-1
75719,12,"4-Sep",2003,"Mammalia","Suricata suricatta","Slender Tail Meerkat",2002-09-04,2003-09-04,-1
58448,228,"11-Mar",2013,"Mammalia","Zalophus californianus","California Sealion",1994-03-11,2013-03-11,-1
70887,18,"11-Feb",2011,"Mammalia","Rattus norvegicus","Typical Rat",2009-08-11,2011-02-11,0
98773,348,"28-Dec",2003,"Reptilia","Boa constrictor","Boa Constrictor",1974-12-28,2003-12-28,1
73160,42,"15-Feb",2013,"Mammalia","Atelerix albiventris","Four-toed Hedgehog",2009-08-15,2013-02-15,1
35732,60,"17-Jul",2003,"Aves","Gallus gallus","Domestic chicken",1998-07-17,2003-07-17,-1
67739,108,"16-Dec",2004,"Mammalia","Capra hircus","San Clemente Goat",1995-12-16,2004-12-16,1
56921,288,"27-May",2008,"Mammalia","Artibeus jamaicensis","Jamaican Fruit bat",1984-05-27,2008-05-27,-1
55273,48,"23-Aug",2011,"Mammalia","Atelerix albiventris","Four-toed Hedgehog",2007-08-23,2011-08-23,-1
22404,384,"10-Jul",2002,"Aves","Phoenicopterus chilensis","Chilean flamingo",1970-07-10,2002-07-10,-1
73764,36,"4-Jun",2013,"Mammalia","Atelerix albiventris","Four-toed Hedgehog",2010-06-04,2013-06-04,1
76010,18,"30-Nov",2010,"Mammalia","Ailurus fulgens","Red Panda",2009-05-30,2010-11-30,-1
105086,24,"28-Nov",2016,"Mammalia","Didelphis marsupialis","Oppossum",2014-11-28,2016-11-28,0
56080,72,"25-Jun",2008,"Mammalia","Hydrochoerus hydrochaeris","Capybara",2002-06-25,2008-06-25,-1
79712,84,"6-Apr",2001,"Mammalia","Suricata suricatta","Slender Tail Meerkat",1994-04-06,2001-04-06,-1
37173,480,"8-Dec",2003,"Aves","Phoenicopterus ruber","American flamingo",1963-12-08,2003-12-08,-1
73969,48,"5-Mar",2013,"Mammalia","Panthera uncia","Snow Leopard",2009-03-05,2013-03-05,-1
11368,24,"25-Mar",1999,"Mammalia","Didelphis marsupialis","Oppossum",1997-03-25,1999-03-25,0
44428,180,"11-Aug",2003,"Aves","Eudocimus ruber","Scarlet Ibis",1988-08-11,2003-08-11,-1
86005,36,"1-Feb",2007,"Reptilia","Sceloporus cyanogenys","Blue spiny lizard",2004-02-01,2007-02-01,-1
56768,228,"7-Mar",2013,"Mammalia","Panthera onca","Jaguar",1994-03-07,2013-03-07,-1
162143,77.63,"4-Oct",2011,"Mammalia","Mustela putorius","Ferret",2005-04-04,2011-10-04,1
39944,48,"30-Oct",2014,"Aves","Trichoglossus haematodus","Coconut lorikeet",2010-10-30,2014-10-30,-1
85996,96,"30-Nov",2010,"Reptilia","Eublepharis macularius","Leopard Gecko",2002-11-30,2010-11-30,-1
62962,156,"14-Jan",2013,"Mammalia","Panthera tigris","White Bengal Tiger",2000-01-14,2013-01-14,-1
85826,72,"30-Jun",2006,"Reptilia","Pantherophis guttatus","Corn snake",2000-06-30,2006-06-30,-1
65502,66,"3-Feb",2005,"Mammalia","Tragelaphus strepsiceros","Kudu",1999-08-03,2005-02-03,-1
74929,168,"25-Aug",2005,"Mammalia","Colobus guereza","Colobus Monkey",1991-08-25,2005-08-25,-1
103054,204,"1-Jul",2016,"Reptilia","Heloderma suspectum","Gila Monster",1999-07-01,2016-07-01,-1
55310,72,"31-Dec",2009,"Mammalia","Mustela putorius","Ferret",2003-12-31,2009-12-31,1
71981,84,"22-May",2007,"Mammalia","Osphranter rufus","Red Kangaroo",2000-05-22,2007-05-22,-1
67969,60,"2-Oct",2000,"Aves","Dendrocygna autumnalis","Black-bellied Whistling duck",1995-10-02,2000-10-02,-1
63869,60,"13-May",2011,"Mammalia","Capra hircus","San Clemente Goat",2006-05-13,2011-05-13,-1
71262,192,"12-Nov",2013,"Mammalia","Leontopithecus chrysomelas","Golden-headed Tamarin",1997-11-12,2013-11-12,1
96331,144,"31-May",2005,"Reptilia","Lampropeltis triangulum",NA,1993-05-31,2005-05-31,1
76511,84,"28-Sep",2007,"Mammalia","Osphranter rufus","Red Kangaroo",2000-09-28,2007-09-28,-1
43226,60,"27-Apr",2011,"Aves","Meleagris gallopavo","Domestic Lavender Turkey",2006-04-27,2011-04-27,-1
99753,420,"20-Oct",2015,"Aves","Phoenicopterus chilensis","Chilean flamingo",1980-10-20,2015-10-20,-1
17374,468,"2-May",2014,"Aves","Phoenicopterus chilensis","Chilean flamingo",1975-05-02,2014-05-02,-1
34682,372,"2-Jun",2006,"Aves","Phoenicopterus ruber","American flamingo",1975-06-02,2006-06-02,-1
90771,144,"30-Apr",2012,"Reptilia","Lampropeltis triangulum",NA,2000-04-30,2012-04-30,-1
39401,72,"8-Jul",2008,"Aves","Eos bornea","Red lory",2002-07-08,2008-07-08,0
73840,144,"4-Apr",2013,"Mammalia","Saguinus oedipus","Tamarin Monkey",2001-04-04,2013-04-04,-1
21327,24,"6-May",2010,"Aves","Neophema splendida",NA,2008-05-06,2010-05-06,-1
73501,156,"20-Feb",2014,"Mammalia","Ovis aries","Sheep",2001-02-20,2014-02-20,1
162129,108.46,"5-May",2005,"Mammalia","Mustela putorius","Ferret",1996-05-05,2005-05-05,-1
42190,36,"6-Nov",2009,"Aves","Trichoglossus moluccanus","Rainbow lorikeet",2006-11-06,2009-11-06,-1
75561,48,"3-Sep",2013,"Mammalia","Oryctolagus cuniculus","Domestic Rabbit",2009-09-03,2013-09-03,-1
41602,60,"21-Aug",2002,"Aves","Eos bornea","Red lory",1997-08-21,2002-08-21,-1
79263,216,"23-Jun",2014,"Mammalia","Mandrillus sphinx","Mandrill",1996-06-23,2014-06-23,1
89626,156,"3-Dec",2000,"Mammalia","Nanger dama","Addras Gazelle",1987-12-03,2000-12-03,0
56000,36,"18-Dec",2013,"Mammalia","Rattus norvegicus","Typical Rat",2010-12-18,2013-12-18,-1
37763,84,"28-Aug",2014,"Aves","Trichoglossus haematodus","Coconut lorikeet",2007-08-28,2014-08-28,-1
105617,78,"11-Jan",2017,"Reptilia","Bitis nasicornis",NA,2010-07-11,2017-01-11,-1
7755,204,"2-Jul",1999,"Mammalia","Gorilla gorilla","Gorilla",1982-07-02,1999-07-02,-1
161993,61.1,"7-Apr",2017,"Mammalia","Mustela putorius","Ferret",2012-03-07,2017-04-07,1
8700,408,"4-Nov",1999,"Aves","Phoenicopterus chilensis","Chilean flamingo",1965-11-04,1999-11-04,-1
103237,192,"20-Jun",2016,"Mammalia","Carollia perspicillata","Seba Short-tailed Bat",2000-06-20,2016-06-20,-1
35928,84,"13-Aug",2007,"Aves","Eos bornea","Red lory",2000-08-13,2007-08-13,-1
24488,144,"3-Mar",2014,"Aves","Meleagris gallopavo","Domestic Lavender Turkey",2002-03-03,2014-03-03,-1
5493,54,"28-Jul",1997,"Mammalia","Suricata suricatta","Slender Tail Meerkat",1993-01-28,1997-07-28,-1
103056,168,"1-Jul",2016,"Mammalia","Suricata suricatta","Slender Tail Meerkat",2002-07-01,2016-07-01,-1
102096,216,"24-May",2016,"Aves","Leucopsar rothschildi","Bali mynah",1998-05-24,2016-05-24,-1
19993,300,"17-Jul",2001,"Aves","Phoenicopterus chilensis","Chilean flamingo",1976-07-17,2001-07-17,-1
74044,168,"10-Dec",2013,"Mammalia","Notamacropus rufogriseus","Red Wallaby",1999-12-10,2013-12-10,-1
57380,276,"4-Jun",2013,"Mammalia","Saimiri sciureus","Common Squirrel Monkey",1990-06-04,2013-06-04,0
9467,14,"19-Dec",2001,"Amphibia","Phyllomedusa bicolor","Giant Waxy Tree Frog",2000-10-19,2001-12-19,-1
105912,336,"23-Jan",2017,"Mammalia","Lemur catta","Ring-tailed Lemur",1989-01-23,2017-01-23,0
162089,88,"28-Feb",2017,"Mammalia","Capra hircus","San Clemente Goat",2009-10-28,2017-02-28,1
99981,78,"1-Dec",2015,"Aves","Nymphicus hollandicus","Cockatiel",2009-06-01,2015-12-01,1
22780,36,"13-Dec",2004,"Aves","Eos bornea","Red lory",2001-12-13,2004-12-13,-1
63464,312,"9-Jun",2003,"Mammalia","Ursus maritimus","Polar Bear",1977-06-09,2003-06-09,0
6263,192,"22-Jul",1998,"Mammalia","Leontopithecus chrysomelas","Golden-headed Tamarin",1982-07-22,1998-07-22,-1
97412,120,"6-Apr",2015,"Reptilia","Crotalus lepidus",NA,2005-04-06,2015-04-06,-1
90354,192,"4-Jun",2014,"Reptilia","Lampropeltis getula",NA,1998-06-04,2014-06-04,1
96142,204,"19-Jan",2015,"Aves","Spheniscus humboldti","Humboldt Penguin",1998-01-19,2015-01-19,-1
42007,120,"24-Jan",2014,"Aves","Melopsittacus undulatus","Budgerigar",2004-01-24,2014-01-24,-1
26367,144,"23-Jan",2004,"Aves","Trichoglossus haematodus","Coconut lorikeet",1992-01-23,2004-01-23,-1
62741,180,"18-May",2012,"Mammalia","Capra hircus","San Clemente Goat",1997-05-18,2012-05-18,0
98830,156,"30-Jul",2015,"Mammalia","Eidolon helvum",NA,2002-07-30,2015-07-30,-1
27477,360,"11-May",2007,"Aves","Phoenicopterus chilensis","Chilean flamingo",1977-05-11,2007-05-11,-1
58350,204,"14-Jul",2008,"Mammalia","Panthera uncia","Snow Leopard",1991-07-14,2008-07-14,0
64174,60,"1-Apr",2010,"Mammalia","Litocranius walleri","Southern Gerenuk",2005-04-01,2010-04-01,-1
74795,24,"5-Oct",2000,"Mammalia","Atelerix albiventris","Four-toed Hedgehog",1998-10-05,2000-10-05,-1
84469,48,"27-Dec",2005,"Reptilia","Crotalus polystictus",NA,2001-12-27,2005-12-27,-1
22508,12,"6-Aug",2003,"Aves","Trichoglossus moluccanus","Rainbow lorikeet",2002-08-06,2003-08-06,-1
77330,78,"10-May",2006,"Mammalia","Suricata suricatta","Slender Tail Meerkat",1999-11-10,2006-05-10,-1
23212,66,"12-Jan",2011,"Aves","Gallus gallus","Domestic chicken",2005-07-12,2011-01-12,-1
27057,60,"22-Mar",2000,"Aves","Trichoglossus haematodus","Coconut lorikeet",1995-03-22,2000-03-22,0
97949,144,"2-Jun",2015,"Mammalia","Ovis canadensis","Big Horn Sheep",2003-06-02,2015-06-02,-1
162043,222.03,"24-Jun",2019,"Aves","Spheniscus humboldti","Humboldt Penguin",2000-12-24,2019-06-24,0
55831,240,"8-Feb",2010,"Mammalia","Lontra canadensis","North Americal River Otter",1990-02-08,2010-02-08,-1
46662,96,"27-Jun",2012,"Aves","Melopsittacus undulatus","Budgerigar",2004-06-27,2012-06-27,1
1607,228,"7-Aug",1996,"Mammalia","Panthera onca","Jaguar",1977-08-07,1996-08-07,-1
80549,132,"13-Oct",2004,"Mammalia","Tragelaphus strepsiceros","Kudu",1993-10-13,2004-10-13,0
59129,192,"3-Apr",2009,"Mammalia","Acinonyx jubatus","Cheetah",1993-04-03,2009-04-03,-1
6651,48,"24-Feb",1999,"Mammalia","Acinonyx jubatus","Cheetah",1995-02-24,1999-02-24,-1
64561,120,"19-Oct",2009,"Mammalia","Artibeus jamaicensis","Jamaican Fruit bat",1999-10-19,2009-10-19,-1
72551,12,"18-Jan",2010,"Mammalia","Atelerix albiventris","Four-toed Hedgehog",2009-01-18,2010-01-18,0
4633,24,"2-Mar",1998,"Aves","Larosterna inca",NA,1996-03-02,1998-03-02,-1
64111,108,"22-Nov",2013,"Mammalia","Capra hircus","San Clemente Goat",2004-11-22,2013-11-22,-1
33745,60,"5-Oct",2005,"Aves","Gallus gallus","Domestic chicken",2000-10-05,2005-10-05,1
65649,96,"13-May",2003,"Mammalia","Nanger dama","Addras Gazelle",1995-05-13,2003-05-13,-1
100775,30,"11-Dec",2015,"Aves","Trichoglossus haematodus","Coconut lorikeet",2013-06-11,2015-12-11,-1
105131,240,"8-Jun",2015,"Mammalia","Saguinus oedipus","Tamarin Monkey",1995-06-08,2015-06-08,1
27883,48,"3-Sep",2009,"Aves","Trichoglossus haematodus","Coconut lorikeet",2005-09-03,2009-09-03,1
4440,204,"23-Feb",1998,"Reptilia","Lampropeltis triangulum",NA,1981-02-23,1998-02-23,-1
57127,48,"11-Mar",2004,"Mammalia","Panthera pardus",NA,2000-03-11,2004-03-11,-1
83151,12,"1-Dec",2003,"Reptilia","Crotalus horridus","Timber rattlesnake",2002-12-01,2003-12-01,-1
71132,204,"21-Sep",2011,"Mammalia","Capra hircus","San Clemente Goat",1994-09-21,2011-09-21,0
55844,288,"25-Aug",2011,"Mammalia","Zalophus californianus","California Sealion",1987-08-25,2011-08-25,-1
74186,96,"26-Sep",2013,"Mammalia","Mustela putorius","Ferret",2005-09-26,2013-09-26,1
7634,96,"30-Jun",1999,"Mammalia","Macropus eugenii",NA,1991-06-30,1999-06-30,-1
54960,210,"27-Jan",2014,"Mammalia","Panthera pardus",NA,1996-07-27,2014-01-27,-1
42816,96,"7-Oct",2003,"Aves","Eudocimus ruber","Scarlet Ibis",1995-10-07,2003-10-07,-1
96001,630,"9-Jan",2015,"Aves","Phoenicopterus ruber","American flamingo",1962-07-09,2015-01-09,1
98534,264,"10-Jul",2015,"Reptilia","Crotalus lepidus",NA,1993-07-10,2015-07-10,-1
72128,96,"10-Aug",2004,"Mammalia","Osphranter rufus","Red Kangaroo",1996-08-10,2004-08-10,-1
43456,240,"18-Apr",2014,"Aves","Eudocimus ruber","Scarlet Ibis",1994-04-18,2014-04-18,-1
20459,120,"7-Aug",2007,"Aves","Gallus gallus","Domestic chicken",1997-08-07,2007-08-07,-1
74813,60,"1-Nov",2004,"Mammalia","Oryctolagus cuniculus","Domestic Rabbit",1999-11-01,2004-11-01,-1
21642,180,"19-Jan",2001,"Aves","Platalea ajaja",NA,1986-01-19,2001-01-19,0
64016,60,"10-Mar",2011,"Mammalia","Mustela nigripes","Black Footed Ferret",2006-03-10,2011-03-10,-1
103133,36,"13-Jun",2016,"Aves","Gallus gallus","Domestic chicken",2013-06-13,2016-06-13,-1
57591,36,"28-Mar",2014,"Mammalia","Eidolon helvum",NA,2011-03-28,2014-03-28,-1
68320,180,"31-Dec",2009,"Mammalia","Panthera onca","Jaguar",1994-12-31,2009-12-31,0
24238,108,"20-Apr",2004,"Aves","Larosterna inca",NA,1995-04-20,2004-04-20,-1
53723,36,"9-May",2003,"Mammalia","Atelerix albiventris","Four-toed Hedgehog",2000-05-09,2003-05-09,-1
63982,36,"26-Mar",2004,"Mammalia","Mustela nigripes","Black Footed Ferret",2001-03-26,2004-03-26,-1
68736,72,"14-Feb",2002,"Mammalia","Atelerix albiventris","Four-toed Hedgehog",1996-02-14,2002-02-14,1
60582,12,"23-Apr",2001,"Mammalia","Rattus norvegicus","Typical Rat",2000-04-23,2001-04-23,0
60132,96,"29-Jan",2002,"Mammalia","Lycaon pictus","Cape Hunting Dog",1994-01-29,2002-01-29,-1
106190,132,"7-Jan",2016,"Reptilia","Pantherophis guttatus","Corn snake",2005-01-07,2016-01-07,0
58251,36,"19-Aug",2010,"Mammalia","Didelphis marsupialis","Oppossum",2007-08-19,2010-08-19,1
20371,72,"29-Mar",2006,"Aves","Gallus gallus","Domestic chicken",2000-03-29,2006-03-29,1
32981,24,"2-Sep",2003,"Aves","Eos bornea","Red lory",2001-09-02,2003-09-02,-1
96357,120,"3-Feb",2015,"Mammalia","Oryctolagus cuniculus","Domestic Rabbit",2005-02-03,2015-02-03,-1
64843,12,"9-Aug",2013,"Mammalia","Phacochoerus africanus","Warthog",2012-08-09,2013-08-09,-1
54525,180,"16-Aug",2011,"Mammalia","Lama glama","Llama",1996-08-16,2011-08-16,-1
68005,96,"16-Sep",2005,"Mammalia","Oryctolagus cuniculus","Domestic Rabbit",1997-09-16,2005-09-16,0
56168,108,"17-Aug",2006,"Mammalia","Rousettus lanosus",NA,1997-08-17,2006-08-17,-1
72315,120,"13-Jul",2011,"Mammalia","Suricata suricatta","Slender Tail Meerkat",2001-07-13,2011-07-13,1
76729,2,"25-Aug",2005,"Mammalia","Mustela nigripes","Black Footed Ferret",2005-06-25,2005-08-25,-1
99999,96,"18-Nov",2015,"Mammalia","Oryctolagus cuniculus","Domestic Rabbit",2007-11-18,2015-11-18,-1
71454,24,"11-Feb",2011,"Mammalia","Rattus norvegicus","Typical Rat",2009-02-11,2011-02-11,0
22786,36,"8-Jan",2014,"Aves","Melopsittacus undulatus","Budgerigar",2011-01-08,2014-01-08,-1
87026,72,"7-Apr",2008,"Reptilia","Erpeton tentaculatum","Tentacled snake",2002-04-07,2008-04-07,-1
99659,336,"19-Apr",2016,"Mammalia","Mandrillus sphinx","Mandrill",1988-04-19,2016-04-19,-1
66248,198,"17-Oct",2011,"Mammalia","Eudorcas thomsonii","Thompsons Gazelle",1995-04-17,2011-10-17,0
22692,12,"13-Jan",2004,"Aves","Trichoglossus moluccanus","Rainbow lorikeet",2003-01-13,2004-01-13,-1
21266,240,"15-Nov",2007,"Aves","Eudocimus ruber","Scarlet Ibis",1987-11-15,2007-11-15,-1
44261,120,"10-May",2012,"Aves","Larosterna inca",NA,2002-05-10,2012-05-10,-1
63990,84,"24-Feb",2011,"Mammalia","Mustela nigripes","Black Footed Ferret",2004-02-24,2011-02-24,-1
64250,36,"2-Sep",2010,"Mammalia","Atelerix albiventris","Four-toed Hedgehog",2007-09-02,2010-09-02,-1
19206,324,"9-Jul",2010,"Aves","Eudocimus ruber","Scarlet Ibis",1983-07-09,2010-07-09,-1
58402,156,"19-Jul",2013,"Mammalia","Panthera tigris","White Bengal Tiger",2000-07-19,2013-07-19,-1
77522,30,"3-Jan",2006,"Mammalia","Osphranter rufus","Red Kangaroo",2003-07-03,2006-01-03,-1
96119,60,"18-Aug",2015,"Reptilia","Morelia viridis","Green Tree Python",2010-08-18,2015-08-18,-1
67820,360,"3-Jun",2013,"Mammalia","Varecia variegata","Red/black Ruffed Lemur",1983-06-03,2013-06-03,1
65359,36,"16-Jun",2014,"Mammalia","Taurotragus derbianus",NA,2011-06-16,2014-06-16,-1
58808,108,"17-Dec",2014,"Mammalia","Canis lupus","Gray Wolf",2005-12-17,2014-12-17,-1
96811,42,"20-Feb",2015,"Reptilia","Heloderma suspectum","Gila Monster",2011-08-20,2015-02-20,-1
102621,168,"3-Feb",2016,"Mammalia","Lycaon pictus","Cape Hunting Dog",2002-02-03,2016-02-03,1
63408,168,"6-Nov",2006,"Mammalia","Capra nubiana","Nubian Ibex",1992-11-06,2006-11-06,-1
106084,312,"18-Feb",2015,"Mammalia","Lemur catta","Ring-tailed Lemur",1989-02-18,2015-02-18,1
10258,48,"17-May",2012,"Amphibia","Pipa pipa","Surinam toad",2008-05-17,2012-05-17,-1
72401,192,"23-Feb",2006,"Mammalia","Lemur catta","Ring-tailed Lemur",1990-02-23,2006-02-23,-1
62641,468,"26-Jul",2000,"Mammalia","Pan troglodytes","Chimpanzee",1961-07-26,2000-07-26,-1
90737,72,"29-Jul",2014,"Reptilia","Morelia viridis","Green Tree Python",2008-07-29,2014-07-29,-1
35923,84,"13-Aug",2007,"Aves","Eos bornea","Red lory",2000-08-13,2007-08-13,-1
62752,156,"17-Nov",2014,"Mammalia","Suricata suricatta","Slender Tail Meerkat",2001-11-17,2014-11-17,1
34244,72,"14-Jun",2011,"Aves","Melopsittacus undulatus","Budgerigar",2005-06-14,2011-06-14,1
70911,96,"3-May",2005,"Mammalia","Ovis aries","Sheep",1997-05-03,2005-05-03,1
89066,180,"14-Apr",2014,"Reptilia","Corallus caninus","Emerald Tree boa",1999-04-14,2014-04-14,-1
6995,36,"22-Mar",1999,"Amphibia","Phyllomedusa bicolor","Giant Waxy Tree Frog",1996-03-22,1999-03-22,-1
64701,228,"5-May",2005,"Mammalia","Ursus maritimus","Polar Bear",1986-05-05,2005-05-05,-1
101064,120,"14-Jan",2016,"Reptilia","Crotalus polystictus",NA,2006-01-14,2016-01-14,-1
60604,60,"13-Mar",2003,"Mammalia","Osphranter rufus","Red Kangaroo",1998-03-13,2003-03-13,-1
73496,174,"5-Jan",2011,"Mammalia","Taurotragus derbianus",NA,1996-07-05,2011-01-05,1
105110,36,"12-Dec",2016,"Aves","Melopsittacus undulatus","Budgerigar",2013-12-12,2016-12-12,-1
54853,228,"21-Dec",2006,"Mammalia","Ursus maritimus","Polar Bear",1987-12-21,2006-12-21,-1
100345,180,"21-Jan",2014,"Reptilia","Boa constrictor","Boa Constrictor",1999-01-21,2014-01-21,1
103385,234,"9-Jan",2015,"Mammalia","Leontopithecus chrysomelas","Golden-headed Tamarin",1995-07-09,2015-01-09,0
94825,204,"6-Nov",2009,"Reptilia","Pantherophis guttatus","Corn snake",1992-11-06,2009-11-06,1
36358,336,"6-Feb",2014,"Aves","Phoenicopterus chilensis","Chilean flamingo",1986-02-06,2014-02-06,-1
99728,420,"20-Oct",2015,"Aves","Phoenicopterus chilensis","Chilean flamingo",1980-10-20,2015-10-20,-1
59953,144,"1-Aug",2008,"Mammalia","Leontopithecus chrysomelas","Golden-headed Tamarin",1996-08-01,2008-08-01,-1
99615,264,"28-Sep",2015,"Mammalia","Lama glama","Llama",1993-09-28,2015-09-28,-1
7348,96,"13-May",1999,"Mammalia","Capra hircus","San Clemente Goat",1991-05-13,1999-05-13,-1
76158,168,"1-Apr",2014,"Mammalia","Leontopithecus chrysomelas","Golden-headed Tamarin",2000-04-01,2014-04-01,-1
64021,11,"29-Mar",2013,"Mammalia","Suricata suricatta","Slender Tail Meerkat",2012-04-29,2013-03-29,0
71260,144,"25-Jul",2011,"Mammalia","Leontopithecus chrysomelas","Golden-headed Tamarin",1999-07-25,2011-07-25,1
53925,48,"20-Dec",2004,"Mammalia","Artibeus jamaicensis","Jamaican Fruit bat",2000-12-20,2004-12-20,-1
55119,60,"6-Aug",2010,"Mammalia","Petaurus breviceps","Pygmy Sugar Glider",2005-08-06,2010-08-06,-1
55247,24,"11-Mar",2005,"Mammalia","Didelphis marsupialis","Oppossum",2003-03-11,2005-03-11,-1
78093,192,"22-Dec",2010,"Mammalia","Capra hircus","San Clemente Goat",1994-12-22,2010-12-22,1
54624,210,"19-Sep",2011,"Mammalia","Saguinus oedipus","Tamarin Monkey",1994-03-19,2011-09-19,-1
93581,60,"10-Apr",2013,"Mammalia","Carollia perspicillata","Seba Short-tailed Bat",2008-04-10,2013-04-10,-1
17964,234,"29-May",2012,"Aves","Eudocimus ruber","Scarlet Ibis",1992-11-29,2012-05-29,-1
60370,198,"6-Jun",2003,"Mammalia","Nanger dama","Addras Gazelle",1986-12-06,2003-06-06,-1
36922,24,"16-Apr",2008,"Aves","Trichoglossus moluccanus","Rainbow lorikeet",2006-04-16,2008-04-16,-1
64489,228,"4-Jun",2014,"Mammalia","Giraffa camelopardalis","Baringo Giraffe",1995-06-04,2014-06-04,-1
106492,228,"10-Sep",2015,"Aves","Oxyura jamaicensis",NA,1996-09-10,2015-09-10,0
79401,60,"23-Oct",2000,"Amphibia","Pipa pipa","Surinam toad",1995-10-23,2000-10-23,-1
91014,180,"9-Jan",2012,"Reptilia","Crotalus lepidus",NA,1997-01-09,2012-01-09,-1
92037,36,"29-Nov",2012,"Reptilia","Furcifer pardalis","Reunion chameleon",2009-11-29,2012-11-29,-1
80714,204,"30-Oct",2000,"Mammalia","Osphranter rufus","Red Kangaroo",1983-10-30,2000-10-30,-1
65677,8,"10-Aug",2012,"Mammalia","Taurotragus derbianus",NA,2011-12-10,2012-08-10,-1
63536,216,"28-Jul",2005,"Mammalia","Varecia variegata","Red/black Ruffed Lemur",1987-07-28,2005-07-28,-1
10500,60,"7-Apr",2002,"Amphibia","Pipa pipa","Surinam toad",1997-04-07,2002-04-07,0
14950,120,"15-Jan",2008,"Aves","Gallus gallus","Domestic chicken",1998-01-15,2008-01-15,-1
90489,72,"5-Aug",2010,"Reptilia","Corallus caninus","Emerald Tree boa",2004-08-05,2010-08-05,-1
57886,144,"21-Aug",2003,"Mammalia","Chinchilla brevicaudata","Chinchilla",1991-08-21,2003-08-21,-1
68054,48,"21-Oct",2009,"Mammalia","Atelerix albiventris","Four-toed Hedgehog",2005-10-21,2009-10-21,1
97724,66,"7-May",2015,"Mammalia","Hydrochoerus hydrochaeris","Capybara",2009-11-07,2015-05-07,-1
4507,180,"20-Jan",1998,"Reptilia","Morelia viridis","Green Tree Python",1983-01-20,1998-01-20,-1
34583,60,"5-Jun",2014,"Aves","Gallus gallus","Domestic chicken",2009-06-05,2014-06-05,1
56896,90,"31-Jan",2007,"Mammalia","Osphranter robustus","Wallaroo",1999-07-31,2007-01-31,-1
8163,72,"17-Sep",1999,"Mammalia","Lemur catta","Ring-tailed Lemur",1993-09-17,1999-09-17,-1
105414,180,"3-Jan",2002,"Mammalia","Leontopithecus chrysomelas","Golden-headed Tamarin",1987-01-03,2002-01-03,1
52540,84,"4-Nov",2004,"Mammalia","Oryctolagus cuniculus","Domestic Rabbit",1997-11-04,2004-11-04,-1
97682,252,"29-May",2015,"Aves","Phoenicopterus chilensis","Chilean flamingo",1994-05-29,2015-05-29,-1
56286,2,"6-Sep",2005,"Mammalia","Mustela nigripes","Black Footed Ferret",2005-07-06,2005-09-06,-1
17696,24,"17-Jan",2014,"Aves","Trichoglossus haematodus","Coconut lorikeet",2012-01-17,2014-01-17,-1
88252,216,"26-Feb",2009,"Reptilia","Lampropeltis getula",NA,1991-02-26,2009-02-26,1
58601,24,"13-Feb",2002,"Mammalia","Chinchilla brevicaudata","Chinchilla",2000-02-13,2002-02-13,-1
65571,60,"9-Sep",2014,"Mammalia","Taurotragus derbianus",NA,2009-09-09,2014-09-09,-1
58385,240,"25-Aug",2008,"Mammalia","Panthera pardus",NA,1988-08-25,2008-08-25,0
106402,276,"11-Mar",2016,"Mammalia","Lama glama","Llama",1993-03-11,2016-03-11,1
43201,360,"12-Oct",2005,"Aves","Phoenicopterus ruber","American flamingo",1975-10-12,2005-10-12,-1
73071,156,"19-Feb",2004,"Mammalia","Zalophus californianus","California Sealion",1991-02-19,2004-02-19,1
71064,12,"10-Feb",2009,"Mammalia","Atelerix albiventris","Four-toed Hedgehog",2008-02-10,2009-02-10,1
54815,108,"4-Dec",2009,"Mammalia","Procavia capensis","Rock Hyrax",2000-12-04,2009-12-04,-1
74968,60,"19-Dec",2012,"Mammalia","Chinchilla brevicaudata","Chinchilla",2007-12-19,2012-12-19,-1
62753,108,"22-Aug",2013,"Mammalia","Litocranius walleri","Southern Gerenuk",2004-08-22,2013-08-22,-1
64338,12,"9-Aug",2013,"Mammalia","Phacochoerus africanus","Warthog",2012-08-09,2013-08-09,-1
58722,72,"2-Sep",2011,"Mammalia","Capra hircus","San Clemente Goat",2005-09-02,2011-09-02,-1
92024,96,"12-Jan",2012,"Reptilia","Corallus caninus","Emerald Tree boa",2004-01-12,2012-01-12,-1
105693,48,"5-Oct",2015,"Mammalia","Atelerix albiventris","Four-toed Hedgehog",2011-10-05,2015-10-05,1
162137,16.7,"26-Aug",2010,"Mammalia","Rattus norvegicus","Typical Rat",2009-03-26,2010-08-26,0
83319,144,"4-Oct",2001,"Reptilia","Crotalus lepidus",NA,1989-10-04,2001-10-04,-1
62588,168,"16-Jul",2013,"Mammalia","Panthera leo","Masai Lion",1999-07-16,2013-07-16,1
91924,144,"11-Sep",2002,"Reptilia","Crotalus lepidus",NA,1990-09-11,2002-09-11,-1
65624,84,"14-Aug",2000,"Mammalia","Macropus eugenii",NA,1993-08-14,2000-08-14,-1
70898,24,"30-Jun",2010,"Mammalia","Rattus norvegicus","Typical Rat",2008-06-30,2010-06-30,1
63470,36,"19-Oct",2001,"Mammalia","Cynomys ludovicianus","Gunnison Prairie Dog",1998-10-19,2001-10-19,1
27709,168,"6-Jun",2012,"Aves","Dendrocygna autumnalis","Black-bellied Whistling duck",1998-06-06,2012-06-06,-1
20428,12,"2-Jun",2003,"Aves","Gallus gallus","Domestic chicken",2002-06-02,2003-06-02,-1
63119,180,"30-Mar",2007,"Mammalia","Ovis aries","Sheep",1992-03-30,2007-03-30,0
18440,48,"16-Dec",2004,"Aves","Oxyura jamaicensis",NA,2000-12-16,2004-12-16,-1
64253,132,"7-Feb",2008,"Mammalia","Capra hircus","San Clemente Goat",1997-02-07,2008-02-07,0
54028,168,"7-Sep",2010,"Mammalia","Canis lupus","Gray Wolf",1996-09-07,2010-09-07,0
94645,12,"28-Dec",2003,"Reptilia","Erpeton tentaculatum","Tentacled snake",2002-12-28,2003-12-28,-1
62599,30,"26-Dec",2006,"Mammalia","Didelphis marsupialis","Oppossum",2004-06-26,2006-12-26,0
97191,36,"16-Apr",2015,"Mammalia","Didelphis marsupialis","Oppossum",2012-04-16,2015-04-16,-1
77571,48,"2-Apr",2010,"Mammalia","Varecia variegata","Red/black Ruffed Lemur",2006-04-02,2010-04-02,-1
39696,216,"6-Jan",2014,"Aves","Larosterna inca",NA,1996-01-06,2014-01-06,-1
28017,192,"2-Nov",2012,"Aves","Eos bornea","Red lory",1996-11-02,2012-11-02,-1
87661,36,"27-Mar",2008,"Reptilia","Furcifer pardalis","Reunion chameleon",2005-03-27,2008-03-27,-1
64213,132,"12-Dec",2012,"Mammalia","Litocranius walleri","Southern Gerenuk",2001-12-12,2012-12-12,-1
28823,276,"19-Oct",2001,"Aves","Phoenicopterus chilensis","Chilean flamingo",1978-10-19,2001-10-19,-1
72422,12,"23-Feb",2011,"Mammalia","Didelphis marsupialis","Oppossum",2010-02-23,2011-02-23,-1
55612,24,"5-Apr",2006,"Mammalia","Mandrillus sphinx","Mandrill",2004-04-05,2006-04-05,-1
57825,96,"13-Jan",2014,"Mammalia","Suricata suricatta","Slender Tail Meerkat",2006-01-13,2014-01-13,-1
75831,84,"10-Dec",2012,"Mammalia","Leontopithecus chrysomelas","Golden-headed Tamarin",2005-12-10,2012-12-10,-1
72752,144,"30-Aug",2004,"Mammalia","Leontopithecus chrysomelas","Golden-headed Tamarin",1992-08-30,2004-08-30,-1
78462,60,"11-Mar",2002,"Mammalia","Ailurus fulgens","Red Panda",1997-03-11,2002-03-11,-1
74906,11,"16-Jun",2014,"Mammalia","Taurotragus derbianus",NA,2013-07-16,2014-06-16,-1
56193,120,"26-Apr",2013,"Mammalia","Procavia capensis","Rock Hyrax",2003-04-26,2013-04-26,-1
31759,234,"30-Nov",2010,"Aves","Leucopsar rothschildi","Bali mynah",1991-05-30,2010-11-30,-1
58370,144,"27-Dec",2011,"Mammalia","Suricata suricatta","Slender Tail Meerkat",1999-12-27,2011-12-27,-1
103724,156,"4-Aug",2016,"Mammalia","Ailurus fulgens","Red Panda",2003-08-04,2016-08-04,-1
63660,24,"15-Mar",2004,"Mammalia","Oryctolagus cuniculus","Domestic Rabbit",2002-03-15,2004-03-15,0
55169,168,"5-Aug",2014,"Mammalia","Dasyprocta punctata","Red-rumped Agouti",2000-08-05,2014-08-05,-1
68668,372,"2-Aug",2013,"Mammalia","Lemur catta","Ring-tailed Lemur",1982-08-02,2013-08-02,1
68053,264,"16-Mar",2011,"Mammalia","Panthera onca","Jaguar",1989-03-16,2011-03-16,0
101398,240,"15-Mar",2016,"Mammalia","Saimiri sciureus","Common Squirrel Monkey",1996-03-15,2016-03-15,-1
59895,192,"21-Mar",2007,"Mammalia","Nanger dama","Addras Gazelle",1991-03-21,2007-03-21,0
28599,600,"11-Jul",2013,"Aves","Phoenicopterus chilensis","Chilean flamingo",1963-07-11,2013-07-11,-1
64175,180,"9-Feb",2011,"Mammalia","Saguinus oedipus","Tamarin Monkey",1996-02-09,2011-02-09,1
63734,204,"4-Feb",2002,"Mammalia","Panthera uncia","Snow Leopard",1985-02-04,2002-02-04,0
12824,276,"6-Mar",1999,"Mammalia","Lemur catta","Ring-tailed Lemur",1976-03-06,1999-03-06,1
99734,324,"20-Oct",2015,"Aves","Phoenicopterus chilensis","Chilean flamingo",1988-10-20,2015-10-20,-1
95927,108,"22-Jan",2015,"Mammalia","Suricata suricatta","Slender Tail Meerkat",2006-01-22,2015-01-22,-1
42176,60,"16-Jun",2008,"Aves","Trichoglossus moluccanus","Rainbow lorikeet",2003-06-16,2008-06-16,-1
58417,60,"24-Dec",2012,"Mammalia","Leontopithecus chrysomelas","Golden-headed Tamarin",2007-12-24,2012-12-24,-1
40743,108,"21-Oct",2005,"Aves","Gallus gallus","Domestic chicken",1996-10-21,2005-10-21,1
92189,96,"14-Dec",2000,"Mammalia","Suricata suricatta","Slender Tail Meerkat",1992-12-14,2000-12-14,-1
63044,240,"13-Aug",2012,"Mammalia","Panthera uncia","Snow Leopard",1992-08-13,2012-08-13,-1
63126,36,"8-Jul",2011,"Mammalia","Atelerix albiventris","Four-toed Hedgehog",2008-07-08,2011-07-08,-1
97935,120,"26-May",2015,"Mammalia","Lycaon pictus","Cape Hunting Dog",2005-05-26,2015-05-26,0
70903,36,"22-Apr",2011,"Mammalia","Didelphis marsupialis","Oppossum",2008-04-22,2011-04-22,1
82981,12,"6-Aug",2003,"Reptilia","Crotalus polystictus",NA,2002-08-06,2003-08-06,-1
69560,108,"31-Oct",2014,"Mammalia","Lycaon pictus","Cape Hunting Dog",2005-10-31,2014-10-31,1
57962,72,"23-Mar",2007,"Mammalia","Canis lupus","Gray Wolf",2001-03-23,2007-03-23,-1
83715,204,"26-Jan",2005,"Reptilia","Pantherophis guttatus","Corn snake",1988-01-26,2005-01-26,-1
95059,24,"18-Dec",2000,"Mammalia","Atelerix albiventris","Four-toed Hedgehog",1998-12-18,2000-12-18,-1
57651,84,"13-Nov",2013,"Mammalia","Litocranius walleri","Southern Gerenuk",2006-11-13,2013-11-13,-1
74242,84,"9-Feb",2012,"Mammalia","Lycaon pictus","Cape Hunting Dog",2005-02-09,2012-02-09,1
49330,108,"12-Jun",2000,"Mammalia","Macropus eugenii",NA,1991-06-12,2000-06-12,-1
57062,24,"9-Jan",2008,"Mammalia","Panthera tigris","White Bengal Tiger",2006-01-09,2008-01-09,-1
61537,96,"23-Apr",2010,"Mammalia","Canis lupus","Gray Wolf",2002-04-23,2010-04-23,-1
162131,86.1,"3-Jul",2019,"Mammalia","Mustela putorius","Ferret",2012-05-03,2019-07-03,1
97151,18,"1-May",2015,"Mammalia","Rattus norvegicus","Typical Rat",2013-11-01,2015-05-01,-1
56082,8,"31-Aug",2006,"Mammalia","Saimiri sciureus","Common Squirrel Monkey",2005-12-31,2006-08-31,-1
82752,240,"18-Dec",2012,"Mammalia","Panthera uncia","Snow Leopard",1992-12-18,2012-12-18,0
64344,60,"6-Apr",2007,"Mammalia","Leontopithecus chrysomelas","Golden-headed Tamarin",2002-04-06,2007-04-06,-1
87148,192,"12-Aug",2010,"Reptilia","Pantherophis guttatus","Corn snake",1994-08-12,2010-08-12,-1
63480,204,"6-Jun",2003,"Mammalia","Ailurus fulgens","Red Panda",1986-06-06,2003-06-06,1
100111,168,"3-Mar",2014,"Reptilia","Lampropeltis triangulum",NA,2000-03-03,2014-03-03,1
34936,156,"24-Dec",2014,"Mammalia","Pusa hispida",NA,2001-12-24,2014-12-24,0
56695,24,"24-Nov",2009,"Mammalia","Rattus norvegicus","Typical Rat",2007-11-24,2009-11-24,-1
106242,144,"24-Mar",2015,"Mammalia","Osphranter rufus","Red Kangaroo",2003-03-24,2015-03-24,1
71616,180,"21-Feb",2012,"Mammalia","Ovis aries","Sheep",1997-02-21,2012-02-21,-1
78532,324,"15-May",2003,"Mammalia","Ursus maritimus","Polar Bear",1976-05-15,2003-05-15,-1
63854,120,"7-Apr",2004,"Mammalia","Oryctolagus cuniculus","Domestic Rabbit",1994-04-07,2004-04-07,-1
43215,60,"27-Apr",2011,"Aves","Meleagris gallopavo","Domestic Lavender Turkey",2006-04-27,2011-04-27,-1
74908,84,"23-Sep",2010,"Mammalia","Mustela nigripes","Black Footed Ferret",2003-09-23,2010-09-23,-1
62914,120,"13-Mar",2007,"Mammalia","Suricata suricatta","Slender Tail Meerkat",1997-03-13,2007-03-13,-1
68071,24,"25-Aug",2000,"Amphibia","Phyllomedusa bicolor","Giant Waxy Tree Frog",1998-08-25,2000-08-25,0
101322,132,"17-Feb",2016,"Reptilia","Bitis nasicornis",NA,2005-02-17,2016-02-17,-1
39479,48,"31-May",2006,"Aves","Dendrocygna autumnalis","Black-bellied Whistling duck",2002-05-31,2006-05-31,-1
18356,108,"24-Aug",2011,"Aves","Oxyura jamaicensis",NA,2002-08-24,2011-08-24,-1
96446,234,"8-Oct",2014,"Mammalia","Lontra canadensis","North Americal River Otter",1995-04-08,2014-10-08,1
47397,60,"20-Jul",2009,"Aves","Gallus gallus","Domestic chicken",2004-07-20,2009-07-20,1
71280,48,"11-Oct",2005,"Mammalia","Atelerix albiventris","Four-toed Hedgehog",2001-10-11,2005-10-11,1
106486,252,"26-May",2015,"Mammalia","Panthera leo","Masai Lion",1994-05-26,2015-05-26,1
64704,192,"4-Jan",2007,"Mammalia","Mandrillus sphinx","Mandrill",1991-01-04,2007-01-04,-1
97587,132,"14-May",2015,"Mammalia","Capra hircus","San Clemente Goat",2004-05-14,2015-05-14,-1
89894,120,"20-Apr",2010,"Reptilia","Erpeton tentaculatum","Tentacled snake",2000-04-20,2010-04-20,-1
56076,72,"31-Jul",2006,"Mammalia","Procavia capensis","Rock Hyrax",2000-07-31,2006-07-31,-1
76049,12,"14-May",2013,"Mammalia","Osphranter robustus","Wallaroo",2012-05-14,2013-05-14,-1
162106,232.16,"21-Mar",2017,"Mammalia","Leontopithecus chrysomelas","Golden-headed Tamarin",1997-11-21,2017-03-21,0
87375,168,"28-Aug",2007,"Reptilia","Eublepharis macularius","Leopard Gecko",1993-08-28,2007-08-28,-1
63683,48,"12-Sep",2011,"Mammalia","Oryctolagus cuniculus","Domestic Rabbit",2007-09-12,2011-09-12,-1
58046,156,"30-Mar",2006,"Mammalia","Tragelaphus strepsiceros","Kudu",1993-03-30,2006-03-30,-1
103075,336,"27-Jun",2016,"Aves","Phoenicopterus ruber","American flamingo",1988-06-27,2016-06-27,1
79171,48,"8-Jan",2001,"Mammalia","Addax nasomaculatus","Addax",1997-01-08,2001-01-08,-1
106073,84,"9-Dec",2015,"Mammalia","Petaurus breviceps","Pygmy Sugar Glider",2008-12-09,2015-12-09,1
68349,96,"14-May",2008,"Mammalia","Mustela putorius","Ferret",2000-05-14,2008-05-14,1
34716,48,"20-Oct",2014,"Aves","Trichoglossus moluccanus","Rainbow lorikeet",2010-10-20,2014-10-20,-1
52344,72,"16-Dec",2002,"Mammalia","Rousettus lanosus",NA,1996-12-16,2002-12-16,-1
43554,24,"23-May",2014,"Aves","Gallus gallus","Domestic chicken",2012-05-23,2014-05-23,0
67886,180,"16-Oct",2001,"Mammalia","Panthera onca","Jaguar",1986-10-16,2001-10-16,1
62820,168,"29-May",2014,"Mammalia","Capra hircus","San Clemente Goat",2000-05-29,2014-05-29,-1
106148,216,"20-Jun",2016,"Mammalia","Carollia perspicillata","Seba Short-tailed Bat",1998-06-20,2016-06-20,1
38121,72,"10-Feb",2011,"Aves","Gallus gallus","Domestic chicken",2005-02-10,2011-02-10,1
74408,168,"19-Oct",2011,"Mammalia","Acinonyx jubatus","Cheetah",1997-10-19,2011-10-19,-1
59640,132,"20-May",2002,"Mammalia","Eudorcas thomsonii","Thompsons Gazelle",1991-05-20,2002-05-20,-1
30331,12,"27-Mar",2006,"Aves","Gallus gallus","Domestic chicken",2005-03-27,2006-03-27,-1
12363,10,"12-Jul",2001,"Amphibia","Phyllomedusa bicolor","Giant Waxy Tree Frog",2000-09-12,2001-07-12,-1
19796,24,"24-Nov",2003,"Aves","Eos bornea","Red lory",2001-11-24,2003-11-24,-1
71867,48,"11-Mar",2013,"Mammalia","Acinonyx jubatus","Cheetah",2009-03-11,2013-03-11,-1
63573,192,"22-Jul",2008,"Mammalia","Chinchilla brevicaudata","Chinchilla",1992-07-22,2008-07-22,-1
78103,72,"18-May",2012,"Mammalia","Mustela putorius","Ferret",2006-05-18,2012-05-18,0
55129,24,"2-Mar",2009,"Mammalia","Rattus norvegicus","Typical Rat",2007-03-02,2009-03-02,-1
89747,360,"13-Sep",2013,"Reptilia","Gopherus agassizii",NA,1983-09-13,2013-09-13,-1
105556,66,"4-Jan",2017,"Mammalia","Atelerix albiventris","Four-toed Hedgehog",2011-07-04,2017-01-04,0
36094,288,"10-Sep",2012,"Aves","Phoenicopterus ruber","American flamingo",1988-09-10,2012-09-10,-1
64177,156,"17-Mar",2011,"Mammalia","Cebuella pygmaea","Pygmy Marmoset",1998-03-17,2011-03-17,-1
55427,156,"29-Oct",2009,"Mammalia","Giraffa camelopardalis","Baringo Giraffe",1996-10-29,2009-10-29,-1
19564,432,"6-Jan",2009,"Aves","Phoenicopterus chilensis","Chilean flamingo",1973-01-06,2009-01-06,-1
76922,228,"9-Apr",2012,"Mammalia","Panthera uncia","Snow Leopard",1993-04-09,2012-04-09,1
89443,264,"30-May",2012,"Reptilia","Heloderma suspectum","Gila Monster",1990-05-30,2012-05-30,-1
63477,204,"21-Feb",2008,"Mammalia","Panthera onca","Jaguar",1991-02-21,2008-02-21,1
64911,48,"26-May",2011,"Mammalia","Rattus norvegicus","Typical Rat",2007-05-26,2011-05-26,0
78385,72,"25-Jul",2002,"Mammalia","Mustela putorius","Ferret",1996-07-25,2002-07-25,1
64234,96,"18-Nov",2014,"Mammalia","Litocranius walleri","Southern Gerenuk",2006-11-18,2014-11-18,-1
106521,96,"1-Apr",2016,"Mammalia","Oryctolagus cuniculus","Domestic Rabbit",2008-04-01,2016-04-01,1
80423,222,"23-Feb",2012,"Mammalia","Panthera tigris","White Bengal Tiger",1993-08-23,2012-02-23,0
57131,36,"7-Aug",2003,"Mammalia","Notamacropus rufogriseus","Red Wallaby",2000-08-07,2003-08-07,-1
62869,108,"19-Jul",2005,"Mammalia","Suricata suricatta","Slender Tail Meerkat",1996-07-19,2005-07-19,-1
73472,36,"26-Nov",2001,"Mammalia","Hydrochoerus hydrochaeris","Capybara",1998-11-26,2001-11-26,1
52433,18,"23-May",2006,"Mammalia","Saimiri sciureus","Common Squirrel Monkey",2004-11-23,2006-05-23,-1
53832,12,"4-Aug",2008,"Mammalia","Osphranter rufus","Red Kangaroo",2007-08-04,2008-08-04,-1
102197,54,"24-May",2016,"Mammalia","Taurotragus derbianus",NA,2011-11-24,2016-05-24,-1
91340,420,"13-Feb",2014,"Reptilia","Heloderma suspectum","Gila Monster",1979-02-13,2014-02-13,1
63618,156,"18-Dec",2008,"Mammalia","Ovis aries","Sheep",1995-12-18,2008-12-18,0
78252,96,"12-Dec",2005,"Mammalia","Osphranter rufus","Red Kangaroo",1997-12-12,2005-12-12,-1
55361,36,"9-Dec",2011,"Mammalia","Cebuella pygmaea","Pygmy Marmoset",2008-12-09,2011-12-09,-1
73808,48,"25-Oct",2013,"Mammalia","Mustela nigripes","Black Footed Ferret",2009-10-25,2013-10-25,-1
99977,126,"30-Oct",2015,"Mammalia","Suricata suricatta","Slender Tail Meerkat",2005-04-30,2015-10-30,-1
20738,144,"29-Jul",2013,"Aves","Dendrocygna autumnalis","Black-bellied Whistling duck",2001-07-29,2013-07-29,-1
65282,144,"10-Feb",2011,"Mammalia","Phacochoerus africanus","Warthog",1999-02-10,2011-02-10,-1
75925,72,"22-Feb",2012,"Mammalia","Litocranius walleri","Southern Gerenuk",2006-02-22,2012-02-22,-1
98716,156,"4-Aug",2015,"Aves","Oxyura jamaicensis",NA,2002-08-04,2015-08-04,-1
74296,36,"30-Apr",2012,"Mammalia","Rattus norvegicus","Typical Rat",2009-04-30,2012-04-30,-1
65692,12,"11-Mar",2013,"Mammalia","Taurotragus derbianus",NA,2012-03-11,2013-03-11,-1
99887,228,"10-Mar",2015,"Mammalia","Lontra canadensis","North Americal River Otter",1996-03-10,2015-03-10,-1
67450,12,"25-Mar",2013,"Mammalia","Rattus norvegicus","Typical Rat",2012-03-25,2013-03-25,1
57958,120,"23-Aug",2012,"Mammalia","Petaurus breviceps","Pygmy Sugar Glider",2002-08-23,2012-08-23,-1
100800,84,"8-Jan",2016,"Aves","Nymphicus hollandicus","Cockatiel",2009-01-08,2016-01-08,-1
62977,168,"18-Feb",2014,"Mammalia","Panthera tigris","White Bengal Tiger",2000-02-18,2014-02-18,-1
67677,120,"17-Jul",2002,"Mammalia","Lycaon pictus","Cape Hunting Dog",1992-07-17,2002-07-17,1
63752,72,"7-Feb",2005,"Mammalia","Osphranter robustus","Wallaroo",1999-02-07,2005-02-07,-1
3144,264,"30-Jun",1997,"Mammalia","Lama glama","Llama",1975-06-30,1997-06-30,-1
101772,348,"4-Apr",2016,"Reptilia","Morelia viridis","Green Tree Python",1987-04-04,2016-04-04,-1
55301,144,"8-Sep",2008,"Mammalia","Pteropus rodricensis","Rodrigues Fruit Bat",1996-09-08,2008-09-08,-1
106209,342,"2-Dec",2016,"Mammalia","Lemur catta","Ring-tailed Lemur",1988-06-02,2016-12-02,1
72923,240,"25-Feb",2008,"Mammalia","Lama glama","Llama",1988-02-25,2008-02-25,0
56703,24,"23-Jul",2013,"Mammalia","Atelerix albiventris","Four-toed Hedgehog",2011-07-23,2013-07-23,-1
58681,168,"6-Aug",2004,"Mammalia","Eudorcas thomsonii","Thompsons Gazelle",1990-08-06,2004-08-06,0
100126,384,"20-Jun",2013,"Mammalia","Zalophus californianus","California Sealion",1981-06-20,2013-06-20,1
104696,102,"4-Nov",2016,"Mammalia","Lemur catta","Ring-tailed Lemur",2008-05-04,2016-11-04,-1
73441,132,"3-Feb",2011,"Mammalia","Rousettus aegyptiacus","Egyptian fruit bat",2000-02-03,2011-02-03,1
55208,540,"27-Dec",2005,"Mammalia","Gorilla gorilla","Gorilla",1960-12-27,2005-12-27,-1
14717,84,"4-Aug",2003,"Amphibia","Phyllomedusa bicolor","Giant Waxy Tree Frog",1996-08-04,2003-08-04,0
63594,192,"12-Oct",2010,"Mammalia","Taurotragus derbianus",NA,1994-10-12,2010-10-12,-1
72076,36,"23-Jun",2011,"Mammalia","Varecia variegata","Red/black Ruffed Lemur",2008-06-23,2011-06-23,-1
68297,192,"15-May",2009,"Mammalia","Lemur catta","Ring-tailed Lemur",1993-05-15,2009-05-15,0
65025,84,"8-Mar",2007,"Mammalia","Procavia capensis","Rock Hyrax",2000-03-08,2007-03-08,-1
22845,468,"16-Dec",2013,"Aves","Phoenicopterus chilensis","Chilean flamingo",1974-12-16,2013-12-16,-1
11223,24,"15-Nov",2013,"Amphibia","Phyllomedusa bicolor","Giant Waxy Tree Frog",2011-11-15,2013-11-15,-1
79532,192,"29-Apr",2014,"Mammalia","Acinonyx jubatus","Cheetah",1998-04-29,2014-04-29,-1
54862,264,"5-Dec",2007,"Mammalia","Panthera uncia","Snow Leopard",1985-12-05,2007-12-05,-1
102343,300,"26-Apr",2016,"Mammalia","Rousettus aegyptiacus","Egyptian fruit bat",1991-04-26,2016-04-26,-1
7093,60,"12-Apr",1999,"Mammalia","Nanger dama","Addras Gazelle",1994-04-12,1999-04-12,-1
7234,36,"15-Apr",1999,"Mammalia","Procavia capensis","Rock Hyrax",1996-04-15,1999-04-15,-1
63705,156,"2-Mar",2005,"Mammalia","Acinonyx jubatus","Cheetah",1992-03-02,2005-03-02,0
59965,24,"30-Sep",2013,"Mammalia","Sylvilagus transitionalis",NA,2011-09-30,2013-09-30,-1
55583,132,"6-Jul",2009,"Mammalia","Capra hircus","San Clemente Goat",1998-07-06,2009-07-06,-1
63054,252,"11-Mar",2013,"Mammalia","Zalophus californianus","California Sealion",1992-03-11,2013-03-11,-1
72233,132,"29-Sep",2000,"Mammalia","Macropus eugenii",NA,1989-09-29,2000-09-29,-1
105577,96,"24-Sep",2015,"Mammalia","Mustela nigripes","Black Footed Ferret",2007-09-24,2015-09-24,0
53422,18,"21-Nov",2007,"Aves","Gallus gallus","Domestic chicken",2006-05-21,2007-11-21,0
19688,36,"9-Sep",2005,"Mammalia","Pusa hispida",NA,2002-09-09,2005-09-09,-1
55136,36,"7-Dec",2004,"Mammalia","Oryctolagus cuniculus","Domestic Rabbit",2001-12-07,2004-12-07,-1
102280,36,"20-Aug",2015,"Mammalia","Rattus norvegicus","Typical Rat",2012-08-20,2015-08-20,0
8032,24,"9-Jul",1999,"Aves","Trichoglossus moluccanus","Rainbow lorikeet",1997-07-09,1999-07-09,-1
64517,144,"11-Sep",2008,"Aves","Leucopsar rothschildi","Bali mynah",1996-09-11,2008-09-11,-1
42286,204,"5-Jun",2008,"Aves","Dendrocygna autumnalis","Black-bellied Whistling duck",1991-06-05,2008-06-05,-1
36824,60,"2-Jun",2006,"Aves","Dendrocygna autumnalis","Black-bellied Whistling duck",2001-06-02,2006-06-02,-1
79477,24,"3-May",2005,"Mammalia","Osphranter rufus","Red Kangaroo",2003-05-03,2005-05-03,-1
38380,90,"29-Nov",2012,"Aves","Nymphicus hollandicus","Cockatiel",2005-05-29,2012-11-29,-1
105624,204,"21-Dec",2016,"Mammalia","Panthera leo","Masai Lion",1999-12-21,2016-12-21,-1
64984,9,"29-Sep",2011,"Mammalia","Hydrochoerus hydrochaeris","Capybara",2010-12-29,2011-09-29,-1
100808,240,"13-Jan",2016,"Aves","Spheniscus humboldti","Humboldt Penguin",1996-01-13,2016-01-13,-1
98596,0.83,"13-Jul",2015,"Mammalia","Sylvilagus transitionalis",NA,2015-06-13,2015-07-13,-1
64247,96,"23-May",2008,"Mammalia","Petaurus breviceps","Pygmy Sugar Glider",2000-05-23,2008-05-23,-1
28965,60,"22-Aug",2001,"Aves","Dendrocygna autumnalis","Black-bellied Whistling duck",1996-08-22,2001-08-22,-1
79741,60,"8-Feb",2012,"Mammalia","Procavia capensis","Rock Hyrax",2007-02-08,2012-02-08,-1
89244,162,"2-Apr",2012,"Reptilia","Erpeton tentaculatum","Tentacled snake",1998-10-02,2012-04-02,-1
71032,84,"26-Mar",2004,"Mammalia","Mustela nigripes","Black Footed Ferret",1997-03-26,2004-03-26,0
7248,240,"15-Apr",1999,"Aves","Megascops asio",NA,1979-04-15,1999-04-15,-1
34194,12,"12-Dec",2011,"Aves","Gallus gallus","Domestic chicken",2010-12-12,2011-12-12,-1
91899,120,"21-Oct",2011,"Reptilia","Crotalus polystictus",NA,2001-10-21,2011-10-21,-1
79521,36,"21-Oct",2013,"Mammalia","Rattus norvegicus","Typical Rat",2010-10-21,2013-10-21,-1
80279,120,"18-Nov",2010,"Mammalia","Ailurus fulgens","Red Panda",2000-11-18,2010-11-18,-1
104711,7,"5-Oct",2016,"Mammalia","Eudorcas thomsonii","Thompsons Gazelle",2016-03-05,2016-10-05,-1
60851,312,"17-Feb",2004,"Mammalia","Giraffa camelopardalis","Baringo Giraffe",1978-02-17,2004-02-17,-1
80383,72,"30-Dec",2013,"Mammalia","Mustela putorius","Ferret",2007-12-30,2013-12-30,0
92856,12,"22-Dec",2006,"Reptilia","Gopherus agassizii",NA,2005-12-22,2006-12-22,-1
4845,156,"10-Mar",1998,"Aves","Platalea ajaja",NA,1985-03-10,1998-03-10,-1
54444,240,"7-Mar",2012,"Mammalia","Saimiri sciureus","Common Squirrel Monkey",1992-03-07,2012-03-07,-1
58186,300,"16-Jan",2001,"Mammalia","Leontopithecus chrysomelas","Golden-headed Tamarin",1976-01-16,2001-01-16,0
74384,84,"5-Mar",2012,"Mammalia","Lycaon pictus","Cape Hunting Dog",2005-03-05,2012-03-05,-1
23966,144,"13-Apr",2011,"Aves","Leucopsar rothschildi","Bali mynah",1999-04-13,2011-04-13,-1
20883,84,"3-Feb",2014,"Aves","Gallus gallus","Domestic chicken",2007-02-03,2014-02-03,0
55804,96,"29-Apr",2003,"Mammalia","Lama glama","Llama",1995-04-29,2003-04-29,-1
67838,36,"5-Apr",2001,"Mammalia","Didelphis marsupialis","Oppossum",1998-04-05,2001-04-05,0
56541,60,"3-Nov",2014,"Mammalia","Atelerix albiventris","Four-toed Hedgehog",2009-11-03,2014-11-03,-1
53663,60,"30-Sep",2013,"Mammalia","Oryctolagus cuniculus","Domestic Rabbit",2008-09-30,2013-09-30,-1
74591,252,"6-Jul",2012,"Mammalia","Giraffa camelopardalis","Baringo Giraffe",1991-07-06,2012-07-06,-1
81226,60,"24-Jul",2009,"Mammalia","Cynomys ludovicianus","Gunnison Prairie Dog",2004-07-24,2009-07-24,0
56802,132,"21-May",2007,"Mammalia","Hydrochoerus hydrochaeris","Capybara",1996-05-21,2007-05-21,1
27684,396,"2-Apr",2010,"Aves","Phoenicopterus ruber","American flamingo",1977-04-02,2010-04-02,-1
55253,48,"28-Aug",2006,"Mammalia","Mustela putorius","Ferret",2002-08-28,2006-08-28,-1
73217,186,"18-Jul",2000,"Mammalia","Addax nasomaculatus","Addax",1985-01-18,2000-07-18,1
106557,168,"6-Nov",2015,"Reptilia","Boa constrictor","Boa Constrictor",2001-11-06,2015-11-06,0
101100,48,"1-May",2015,"Mammalia","Eudorcas thomsonii","Thompsons Gazelle",2011-05-01,2015-05-01,0
61908,108,"20-Feb",2003,"Mammalia","Notamacropus rufogriseus","Red Wallaby",1994-02-20,2003-02-20,-1
68433,180,"13-Apr",2012,"Mammalia","Osphranter robustus","Wallaroo",1997-04-13,2012-04-13,1
104645,90,"23-Sep",2016,"Mammalia","Oryctolagus cuniculus","Domestic Rabbit",2009-03-23,2016-09-23,-1
73828,24,"4-Sep",2009,"Mammalia","Atelerix albiventris","Four-toed Hedgehog",2007-09-04,2009-09-04,1
87182,48,"17-Sep",2007,"Reptilia","Crotalus lepidus",NA,2003-09-17,2007-09-17,-1
162008,231.03,"17-Jul",2018,"Mammalia","Lama glama","Llama",1999-04-17,2018-07-17,1
75413,24,"9-Sep",2014,"Mammalia","Nanger dama","Addras Gazelle",2012-09-09,2014-09-09,-1
68113,312,"11-Nov",2010,"Mammalia","Zalophus californianus","California Sealion",1984-11-11,2010-11-11,0
21442,60,"30-Oct",2008,"Aves","Trichoglossus haematodus","Coconut lorikeet",2003-10-30,2008-10-30,-1
96387,156,"3-Feb",2015,"Reptilia","Crotalus polystictus",NA,2002-02-03,2015-02-03,-1
62178,84,"1-Mar",2004,"Mammalia","Nanger dama","Addras Gazelle",1997-03-01,2004-03-01,-1
79182,600,"22-Feb",2013,"Mammalia","Gorilla gorilla","Gorilla",1963-02-22,2013-02-22,-1
78172,36,"26-Aug",2002,"Mammalia","Artibeus jamaicensis","Jamaican Fruit bat",1999-08-26,2002-08-26,-1
104506,60,"27-Sep",2016,"Aves","Gallus gallus","Domestic chicken",2011-09-27,2016-09-27,-1
34856,108,"30-Apr",2000,"Mammalia","Procavia capensis","Rock Hyrax",1991-04-30,2000-04-30,-1
64954,342,"29-Nov",2013,"Mammalia","Varecia variegata","Red/black Ruffed Lemur",1985-05-29,2013-11-29,1
3846,6,"26-Sep",1997,"Mammalia","Oryctolagus cuniculus","Domestic Rabbit",1997-03-26,1997-09-26,-1
42196,8,"5-Sep",2006,"Aves","Trichoglossus moluccanus","Rainbow lorikeet",2006-01-05,2006-09-05,-1
71179,60,"30-Mar",2011,"Mammalia","Atelerix albiventris","Four-toed Hedgehog",2006-03-30,2011-03-30,1
64925,240,"26-Mar",2012,"Mammalia","Lontra canadensis","North Americal River Otter",1992-03-26,2012-03-26,-1
55636,24,"20-Sep",2007,"Mammalia","Oryctolagus cuniculus","Domestic Rabbit",2005-09-20,2007-09-20,-1
29095,132,"23-Jun",2014,"Aves","Trichoglossus haematodus","Coconut lorikeet",2003-06-23,2014-06-23,-1
56873,336,"28-May",2014,"Mammalia","Lemur catta","Ring-tailed Lemur",1986-05-28,2014-05-28,1
79648,144,"10-Nov",2005,"Mammalia","Panthera leo","Masai Lion",1993-11-10,2005-11-10,-1
101683,30,"23-Mar",2016,"Mammalia","Atelerix albiventris","Four-toed Hedgehog",2013-09-23,2016-03-23,-1
79756,24,"11-Dec",2013,"Mammalia","Capra hircus","San Clemente Goat",2011-12-11,2013-12-11,-1
104425,264,"16-Sep",2016,"Mammalia","Pteropus rodricensis","Rodrigues Fruit Bat",1994-09-16,2016-09-16,-1
35506,12,"6-May",2002,"Aves","Trichoglossus moluccanus","Rainbow lorikeet",2001-05-06,2002-05-06,-1
63453,12,"15-Aug",2008,"Mammalia","Rattus norvegicus","Typical Rat",2007-08-15,2008-08-15,1
38304,108,"14-Sep",2006,"Aves","Gallus gallus","Domestic chicken",1997-09-14,2006-09-14,-1
62369,72,"18-Jul",2000,"Mammalia","Macropus eugenii",NA,1994-07-18,2000-07-18,-1
91432,180,"20-Mar",2012,"Reptilia","Pantherophis guttatus","Corn snake",1997-03-20,2012-03-20,-1
55263,408,"21-Sep",2007,"Mammalia","Giraffa camelopardalis","Baringo Giraffe",1973-09-21,2007-09-21,-1
70756,228,"15-Jul",2004,"Mammalia","Lemur catta","Ring-tailed Lemur",1985-07-15,2004-07-15,1
80308,24,"22-Jan",2002,"Mammalia","Osphranter rufus","Red Kangaroo",2000-01-22,2002-01-22,-1
96378,72,"12-Feb",2015,"Mammalia","Atelerix albiventris","Four-toed Hedgehog",2009-02-12,2015-02-12,-1
87786,144,"27-Apr",2005,"Reptilia","Crotalus polystictus",NA,1993-04-27,2005-04-27,-1
73162,12,"1-Dec",2006,"Mammalia","Rattus norvegicus","Typical Rat",2005-12-01,2006-12-01,1
58843,84,"26-Feb",2013,"Mammalia","Oryctolagus cuniculus","Domestic Rabbit",2006-02-26,2013-02-26,-1
63081,168,"23-Jun",2008,"Mammalia","Ovis aries","Sheep",1994-06-23,2008-06-23,-1
35602,48,"3-Oct",2014,"Aves","Trichoglossus haematodus","Coconut lorikeet",2010-10-03,2014-10-03,0
36585,96,"27-Aug",2001,"Aves","Trichoglossus haematodus","Coconut lorikeet",1993-08-27,2001-08-27,-1
106525,240,"4-Apr",2016,"Mammalia","Panthera pardus",NA,1996-04-04,2016-04-04,1
20784,108,"5-Oct",2005,"Aves","Gallus gallus","Domestic chicken",1996-10-05,2005-10-05,-1
81484,120,"1-May",2001,"Reptilia","Gopherus agassizii",NA,1991-05-01,2001-05-01,-1
56714,96,"10-May",2005,"Mammalia","Osphranter rufus","Red Kangaroo",1997-05-10,2005-05-10,-1
19639,324,"17-Aug",2010,"Aves","Megascops asio",NA,1983-08-17,2010-08-17,-1
64689,204,"5-Jun",2008,"Mammalia","Acinonyx jubatus","Cheetah",1991-06-05,2008-06-05,0
60138,60,"5-Nov",2003,"Mammalia","Hydrochoerus hydrochaeris","Capybara",1998-11-05,2003-11-05,-1
54237,192,"26-Nov",2010,"Mammalia","Pteropus rodricensis","Rodrigues Fruit Bat",1994-11-26,2010-11-26,-1
62772,204,"10-Oct",2011,"Mammalia","Leontopithecus chrysomelas","Golden-headed Tamarin",1994-10-10,2011-10-10,-1
63020,168,"27-Aug",2012,"Mammalia","Saguinus oedipus","Tamarin Monkey",1998-08-27,2012-08-27,1
79465,198,"31-Aug",2010,"Mammalia","Panthera tigris","White Bengal Tiger",1994-02-28,2010-08-31,0
72130,12,"28-Sep",2000,"Reptilia","Gopherus agassizii",NA,1999-09-28,2000-09-28,-1
36291,300,"23-Jun",2011,"Aves","Phoenicopterus ruber","American flamingo",1986-06-23,2011-06-23,1
13849,48,"3-Oct",2005,"Amphibia","Pipa pipa","Surinam toad",2001-10-03,2005-10-03,-1
73956,204,"20-Aug",2012,"Mammalia","Ovis aries","Sheep",1995-08-20,2012-08-20,0
55261,84,"30-Oct",2009,"Mammalia","Oryctolagus cuniculus","Domestic Rabbit",2002-10-30,2009-10-30,0
56919,168,"27-Mar",2014,"Mammalia","Acinonyx jubatus","Cheetah",2000-03-27,2014-03-27,-1
4539,144,"2-Jun",1999,"Mammalia","Leontopithecus chrysomelas","Golden-headed Tamarin",1987-06-02,1999-06-02,-1
80050,72,"23-Feb",2004,"Mammalia","Suricata suricatta","Slender Tail Meerkat",1998-02-23,2004-02-23,-1
68043,84,"14-Jul",2014,"Mammalia","Oryctolagus cuniculus","Domestic Rabbit",2007-07-14,2014-07-14,0
55323,66,"6-Jan",2009,"Mammalia","Lontra canadensis","North Americal River Otter",2003-07-06,2009-01-06,-1
56221,252,"12-Sep",2014,"Mammalia","Colobus guereza","Colobus Monkey",1993-09-12,2014-09-12,-1
79551,60,"1-Apr",2011,"Mammalia","Capra hircus","San Clemente Goat",2006-04-01,2011-04-01,-1
72741,84,"2-Oct",2000,"Aves","Larosterna inca",NA,1993-10-02,2000-10-02,-1
106513,222,"9-Oct",2015,"Mammalia","Lemur catta","Ring-tailed Lemur",1997-04-09,2015-10-09,1
53842,12,"29-May",2014,"Mammalia","Saguinus oedipus","Tamarin Monkey",2013-05-29,2014-05-29,-1
73127,276,"16-Feb",2003,"Mammalia","Varecia variegata","Red/black Ruffed Lemur",1980-02-16,2003-02-16,1
76817,42,"23-Oct",2006,"Mammalia","Lemur catta","Ring-tailed Lemur",2003-04-23,2006-10-23,-1
106072,96,"26-May",2016,"Mammalia","Petaurus breviceps","Pygmy Sugar Glider",2008-05-26,2016-05-26,1
55607,96,"14-May",2007,"Mammalia","Artibeus jamaicensis","Jamaican Fruit bat",1999-05-14,2007-05-14,-1
65567,24,"1-Feb",2007,"Mammalia","Litocranius walleri","Southern Gerenuk",2005-02-01,2007-02-01,-1
94114,72,"31-Jul",2009,"Reptilia","Sceloporus cyanogenys","Blue spiny lizard",2003-07-31,2009-07-31,-1
96531,240,"24-Feb",2015,"Aves","Eudocimus ruber","Scarlet Ibis",1995-02-24,2015-02-24,-1
58181,84,"23-Mar",2004,"Mammalia","Ovis aries","Sheep",1997-03-23,2004-03-23,-1
78963,108,"22-Sep",2014,"Mammalia","Osphranter rufus","Red Kangaroo",2005-09-22,2014-09-22,-1
70767,30,"13-Jul",2012,"Mammalia","Rattus norvegicus","Typical Rat",2010-01-13,2012-07-13,1
96262,96,"23-Sep",2013,"Mammalia","Cynomys ludovicianus","Gunnison Prairie Dog",2005-09-23,2013-09-23,1
75830,72,"22-Jul",2004,"Mammalia","Osphranter rufus","Red Kangaroo",1998-07-22,2004-07-22,-1
67762,396,"26-Sep",2007,"Mammalia","Varecia variegata","Red/black Ruffed Lemur",1974-09-26,2007-09-26,1
63039,60,"18-Sep",2007,"Mammalia","Atelerix albiventris","Four-toed Hedgehog",2002-09-18,2007-09-18,-1
59200,60,"19-Dec",2001,"Mammalia","Eidolon helvum",NA,1996-12-19,2001-12-19,-1
101825,444,"28-Mar",2012,"Reptilia","Heloderma suspectum","Gila Monster",1975-03-28,2012-03-28,1
12521,48,"20-Mar",2012,"Amphibia","Pipa pipa","Surinam toad",2008-03-20,2012-03-20,-1
3894,36,"28-Aug",1997,"Aves","Trichoglossus moluccanus","Rainbow lorikeet",1994-08-28,1997-08-28,-1
79457,216,"18-Aug",2003,"Mammalia","Saguinus oedipus","Tamarin Monkey",1985-08-18,2003-08-18,0
84867,36,"3-Feb",2009,"Reptilia","Bitis nasicornis",NA,2006-02-03,2009-02-03,-1
89977,60,"4-Dec",2000,"Mammalia","Macropus eugenii",NA,1995-12-04,2000-12-04,-1
57659,72,"16-Dec",2013,"Mammalia","Oryctolagus cuniculus","Domestic Rabbit",2007-12-16,2013-12-16,-1
41653,60,"30-May",2000,"Mammalia","Suricata suricatta","Slender Tail Meerkat",1995-05-30,2000-05-30,-1
60567,276,"27-Aug",2003,"Mammalia","Leontopithecus chrysomelas","Golden-headed Tamarin",1980-08-27,2003-08-27,0
28950,252,"4-Sep",2003,"Aves","Phoenicopterus ruber","American flamingo",1982-09-04,2003-09-04,0
61186,72,"19-Jun",2003,"Mammalia","Capra hircus","San Clemente Goat",1997-06-19,2003-06-19,-1
99090,156,"11-Apr",2016,"Mammalia","Capra hircus","San Clemente Goat",2003-04-11,2016-04-11,-1
28749,36,"23-Aug",2011,"Aves","Gallus gallus","Domestic chicken",2008-08-23,2011-08-23,0
56032,60,"3-Mar",2006,"Mammalia","Notamacropus rufogriseus","Red Wallaby",2001-03-03,2006-03-03,-1
58851,48,"9-Feb",2004,"Mammalia","Notamacropus rufogriseus","Red Wallaby",2000-02-09,2004-02-09,-1
59629,108,"8-Mar",2010,"Mammalia","Colobus guereza","Colobus Monkey",2001-03-08,2010-03-08,-1
90849,216,"28-Jul",2003,"Mammalia","Panthera uncia","Snow Leopard",1985-07-28,2003-07-28,0
64558,144,"27-Sep",2007,"Mammalia","Ailurus fulgens","Red Panda",1995-09-27,2007-09-27,-1
59879,12,"23-Sep",2013,"Mammalia","Heterocephalus glaber","Naked Mole Rat",2012-09-23,2013-09-23,-1
55800,288,"14-Aug",2012,"Mammalia","Saimiri sciureus","Common Squirrel Monkey",1988-08-14,2012-08-14,0
35721,48,"3-Nov",2008,"Aves","Gallus gallus","Domestic chicken",2004-11-03,2008-11-03,-1
63765,204,"27-Jun",2005,"Mammalia","Nanger dama","Addras Gazelle",1988-06-27,2005-06-27,-1
6974,24,"4-Jan",1999,"Amphibia","Phyllomedusa bicolor","Giant Waxy Tree Frog",1997-01-04,1999-01-04,-1
99796,30,"29-Oct",2015,"Aves","Melopsittacus undulatus","Budgerigar",2013-04-29,2015-10-29,-1
23305,108,"29-Mar",2013,"Aves","Trichoglossus haematodus","Coconut lorikeet",2004-03-29,2013-03-29,-1
29641,108,"24-Mar",2005,"Aves","Trichoglossus haematodus","Coconut lorikeet",1996-03-24,2005-03-24,-1
56704,120,"7-Aug",2006,"Mammalia","Nanger dama","Addras Gazelle",1996-08-07,2006-08-07,-1
23494,210,"31-Jan",2011,"Aves","Leucopsar rothschildi","Bali mynah",1993-07-31,2011-01-31,-1
99313,36,"24-Sep",2015,"Aves","Melopsittacus undulatus","Budgerigar",2012-09-24,2015-09-24,-1
77484,60,"20-Oct",2003,"Mammalia","Canis lupus","Gray Wolf",1998-10-20,2003-10-20,1
74310,24,"16-Apr",2013,"Mammalia","Eudorcas thomsonii","Thompsons Gazelle",2011-04-16,2013-04-16,-1
91153,120,"2-Jun",2011,"Reptilia","Crotalus lepidus",NA,2001-06-02,2011-06-02,-1
43610,84,"17-Feb",2009,"Aves","Trichoglossus haematodus","Coconut lorikeet",2002-02-17,2009-02-17,-1
6808,60,"16-Jan",1999,"Mammalia","Atelerix albiventris","Four-toed Hedgehog",1994-01-16,1999-01-16,-1
95787,24,"13-Jan",2015,"Mammalia","Atelerix albiventris","Four-toed Hedgehog",2013-01-13,2015-01-13,-1
37734,78,"14-Dec",2010,"Aves","Melopsittacus undulatus","Budgerigar",2004-06-14,2010-12-14,-1
87157,240,"19-Mar",2012,"Reptilia","Crotalus horridus","Timber rattlesnake",1992-03-19,2012-03-19,-1
103741,36,"19-Apr",2016,"Mammalia","Didelphis marsupialis","Oppossum",2013-04-19,2016-04-19,1
63953,216,"11-Mar",2013,"Mammalia","Panthera tigris","White Bengal Tiger",1995-03-11,2013-03-11,1
55167,108,"13-May",2008,"Mammalia","Ovis canadensis","Big Horn Sheep",1999-05-13,2008-05-13,-1
57986,192,"12-Dec",2005,"Mammalia","Eudorcas thomsonii","Thompsons Gazelle",1989-12-12,2005-12-12,-1
57198,252,"22-Nov",2005,"Mammalia","Saimiri sciureus","Common Squirrel Monkey",1984-11-22,2005-11-22,-1
64393,108,"23-Mar",2009,"Mammalia","Artibeus jamaicensis","Jamaican Fruit bat",2000-03-23,2009-03-23,-1
22177,72,"13-Sep",2007,"Aves","Trichoglossus haematodus","Coconut lorikeet",2001-09-13,2007-09-13,0
83773,108,"8-Jul",2004,"Reptilia","Lampropeltis triangulum",NA,1995-07-08,2004-07-08,-1
63756,108,"7-Jul",2008,"Mammalia","Chinchilla brevicaudata","Chinchilla",1999-07-07,2008-07-07,-1
74184,120,"20-Jan",2011,"Mammalia","Nanger dama","Addras Gazelle",2001-01-20,2011-01-20,-1
102730,72,"22-Apr",2015,"Mammalia","Mustela putorius","Ferret",2009-04-22,2015-04-22,1
74117,30,"11-Oct",2013,"Mammalia","Suricata suricatta","Slender Tail Meerkat",2011-04-11,2013-10-11,-1
59913,96,"13-Oct",2004,"Mammalia","Hydrochoerus hydrochaeris","Capybara",1996-10-13,2004-10-13,-1
5750,120,"3-Sep",1998,"Mammalia","Chinchilla brevicaudata","Chinchilla",1988-09-03,1998-09-03,-1
79396,84,"2-Jan",2008,"Mammalia","Leontopithecus chrysomelas","Golden-headed Tamarin",2001-01-02,2008-01-02,0
60562,24,"9-Jan",2004,"Mammalia","Rattus norvegicus","Typical Rat",2002-01-09,2004-01-09,-1
65577,36,"13-Apr",2011,"Mammalia","Varecia variegata","Red/black Ruffed Lemur",2008-04-13,2011-04-13,-1
53848,12,"29-May",2014,"Mammalia","Saguinus oedipus","Tamarin Monkey",2013-05-29,2014-05-29,-1
30441,312,"29-Feb",2000,"Mammalia","Ursus maritimus","Polar Bear",1974-02-28,2000-02-29,1
23971,204,"25-Apr",2011,"Aves","Leucopsar rothschildi","Bali mynah",1994-04-25,2011-04-25,-1
63115,132,"15-Nov",2010,"Mammalia","Suricata suricatta","Slender Tail Meerkat",1999-11-15,2010-11-15,0
83641,192,"8-Dec",2010,"Reptilia","Pantherophis guttatus","Corn snake",1994-12-08,2010-12-08,-1
42645,18,"30-Sep",2014,"Aves","Gallus gallus","Domestic chicken",2013-03-30,2014-09-30,-1
56561,84,"19-Nov",2004,"Mammalia","Osphranter rufus","Red Kangaroo",1997-11-19,2004-11-19,-1
104779,96,"24-Oct",2016,"Mammalia","Litocranius walleri","Southern Gerenuk",2008-10-24,2016-10-24,-1
84527,660,"18-Sep",2008,"Mammalia","Gorilla gorilla","Gorilla",1953-09-18,2008-09-18,1
21921,444,"27-Aug",2012,"Aves","Phoenicopterus ruber","American flamingo",1975-08-27,2012-08-27,-1
26394,72,"20-Mar",2000,"Mammalia","Eidolon helvum",NA,1994-03-20,2000-03-20,-1
65471,120,"30-Dec",2008,"Mammalia","Lycaon pictus","Cape Hunting Dog",1998-12-30,2008-12-30,-1
161996,205.2,"20-Dec",2019,"Mammalia","Panthera leo","Masai Lion",2002-11-20,2019-12-20,-1
57573,84,"4-Nov",2002,"Mammalia","Addax nasomaculatus","Addax",1995-11-04,2002-11-04,-1
21091,120,"1-Oct",2007,"Aves","Larosterna inca",NA,1997-10-01,2007-10-01,-1
63349,36,"26-Oct",2005,"Mammalia","Macropus eugenii",NA,2002-10-26,2005-10-26,-1
97298,108,"30-Mar",2015,"Mammalia","Cebuella pygmaea","Pygmy Marmoset",2006-03-30,2015-03-30,1
95306,132,"20-Sep",2004,"Reptilia","Crotalus polystictus",NA,1993-09-20,2004-09-20,-1
65988,132,"4-Oct",2010,"Mammalia","Ovis aries","Sheep",1999-10-04,2010-10-04,1
19913,102,"9-Apr",2008,"Aves","Dendrocygna autumnalis","Black-bellied Whistling duck",1999-10-09,2008-04-09,-1
74823,132,"2-May",2007,"Mammalia","Osphranter rufus","Red Kangaroo",1996-05-02,2007-05-02,-1
79437,192,"16-Sep",2014,"Mammalia","Acinonyx jubatus","Cheetah",1998-09-16,2014-09-16,-1
55107,24,"25-Jan",2010,"Mammalia","Didelphis marsupialis","Oppossum",2008-01-25,2010-01-25,-1
77565,72,"16-Dec",2004,"Mammalia","Colobus guereza","Colobus Monkey",1998-12-16,2004-12-16,-1
96962,156,"20-Mar",2015,"Aves","Spheniscus humboldti","Humboldt Penguin",2002-03-20,2015-03-20,-1
28164,240,"26-Aug",2003,"Aves","Phoenicopterus chilensis","Chilean flamingo",1983-08-26,2003-08-26,-1
102163,36,"3-May",2016,"Mammalia","Hydrochoerus hydrochaeris","Capybara",2013-05-03,2016-05-03,-1
53377,252,"10-Aug",2010,"Mammalia","Colobus guereza","Colobus Monkey",1989-08-10,2010-08-10,-1
66080,48,"18-Sep",2006,"Mammalia","Notamacropus rufogriseus","Red Wallaby",2002-09-18,2006-09-18,-1
16210,84,"7-Nov",2005,"Amphibia","Pipa pipa","Surinam toad",1998-11-07,2005-11-07,-1
80546,120,"25-Apr",2013,"Reptilia","Crotalus lepidus",NA,2003-04-25,2013-04-25,-1
97329,36,"3-Apr",2015,"Aves","Eudocimus ruber","Scarlet Ibis",2012-04-03,2015-04-03,-1
63964,72,"5-May",2010,"Mammalia","Mustela nigripes","Black Footed Ferret",2004-05-05,2010-05-05,-1
57281,108,"10-Sep",2004,"Mammalia","Pteropus rodricensis","Rodrigues Fruit Bat",1995-09-10,2004-09-10,-1
106526,240,"11-Mar",2016,"Mammalia","Osphranter robustus","Wallaroo",1996-03-11,2016-03-11,0
21322,78,"19-Apr",2007,"Aves","Neophema splendida",NA,2000-10-19,2007-04-19,-1
89006,120,"20-Aug",2010,"Reptilia","Pantherophis guttatus","Corn snake",2000-08-20,2010-08-20,0
59997,36,"14-Apr",2003,"Mammalia","Panthera tigris","White Bengal Tiger",2000-04-14,2003-04-14,-1
12985,24,"10-Jun",1999,"Mammalia","Cynomys ludovicianus","Gunnison Prairie Dog",1997-06-10,1999-06-10,0
103088,60,"17-Jun",2016,"Mammalia","Eudorcas thomsonii","Thompsons Gazelle",2011-06-17,2016-06-17,-1
162126,183.26,"24-Apr",2014,"Mammalia","Panthera leo","Masai Lion",1999-01-24,2014-04-24,-1
34290,162,"10-Mar",2014,"Mammalia","Capra hircus","San Clemente Goat",2000-09-10,2014-03-10,1
66341,222,"20-Jan",2009,"Mammalia","Eudorcas thomsonii","Thompsons Gazelle",1990-07-20,2009-01-20,-1
41519,72,"23-May",2006,"Aves","Dendrocygna autumnalis","Black-bellied Whistling duck",2000-05-23,2006-05-23,-1
84466,216,"18-Aug",2014,"Mammalia","Lemur catta","Ring-tailed Lemur",1996-08-18,2014-08-18,0
95538,108,"12-Aug",2015,"Aves","Gallus gallus","Domestic chicken",2006-08-12,2015-08-12,-1
81238,240,"22-Mar",2006,"Reptilia","Crotalus horridus","Timber rattlesnake",1986-03-22,2006-03-22,-1
56157,96,"15-Feb",2008,"Mammalia","Macropus eugenii",NA,2000-02-15,2008-02-15,-1
98455,48,"10-Jul",2015,"Mammalia","Mustela nigripes","Black Footed Ferret",2011-07-10,2015-07-10,-1
103634,624,"11-Jul",2016,"Aves","Phoenicopterus ruber","American flamingo",1964-07-11,2016-07-11,1
55297,120,"5-Jun",2006,"Mammalia","Suricata suricatta","Slender Tail Meerkat",1996-06-05,2006-06-05,-1
53659,0.7,"24-Jun",2013,"Mammalia","Sylvilagus transitionalis",NA,2013-05-24,2013-06-24,-1
61228,156,"18-Jun",2013,"Mammalia","Addax nasomaculatus","Addax",2000-06-18,2013-06-18,-1
70681,132,"10-Feb",2011,"Mammalia","Oryctolagus cuniculus","Domestic Rabbit",2000-02-10,2011-02-10,0
54986,24,"11-Oct",2007,"Mammalia","Didelphis marsupialis","Oppossum",2005-10-11,2007-10-11,0
89944,60,"22-May",2012,"Reptilia","Sceloporus cyanogenys","Blue spiny lizard",2007-05-22,2012-05-22,-1
56283,2,"13-Sep",2007,"Mammalia","Mustela nigripes","Black Footed Ferret",2007-07-13,2007-09-13,-1
66282,168,"17-Aug",2010,"Mammalia","Lemur catta","Ring-tailed Lemur",1996-08-17,2010-08-17,0
64519,48,"21-Jul",2011,"Mammalia","Mustela nigripes","Black Footed Ferret",2007-07-21,2011-07-21,0
56165,12,"25-Mar",2009,"Mammalia","Rattus norvegicus","Typical Rat",2008-03-25,2009-03-25,-1
28007,60,"23-Aug",2006,"Aves","Eos bornea","Red lory",2001-08-23,2006-08-23,-1
45629,48,"20-May",2004,"Aves","Trichoglossus haematodus","Coconut lorikeet",2000-05-20,2004-05-20,-1
23117,144,"12-May",2011,"Aves","Trichoglossus moluccanus","Rainbow lorikeet",1999-05-12,2011-05-12,-1
74531,48,"30-Jun",2001,"Mammalia","Cebuella pygmaea","Pygmy Marmoset",1997-06-30,2001-06-30,-1
82854,24,"13-Nov",2000,"Amphibia","Pipa pipa","Surinam toad",1998-11-13,2000-11-13,-1
65712,14,"13-Oct",2011,"Mammalia","Giraffa camelopardalis","Baringo Giraffe",2010-08-13,2011-10-13,-1
30916,60,"18-Jun",2007,"Aves","Trichoglossus moluccanus","Rainbow lorikeet",2002-06-18,2007-06-18,-1
106498,252,"22-Oct",2012,"Reptilia","Crotalus horridus","Timber rattlesnake",1991-10-22,2012-10-22,1
60106,72,"30-Jan",2004,"Mammalia","Mustela nigripes","Black Footed Ferret",1998-01-30,2004-01-30,-1
55850,24,"11-Jan",2008,"Mammalia","Pteropus rodricensis","Rodrigues Fruit Bat",2006-01-11,2008-01-11,-1
105391,132,"15-Jan",2016,"Mammalia","Rousettus lanosus",NA,2005-01-15,2016-01-15,1
30902,36,"25-Feb",2013,"Aves","Gallus gallus","Domestic chicken",2010-02-25,2013-02-25,1
74774,120,"17-Jan",2011,"Mammalia","Notamacropus rufogriseus","Red Wallaby",2001-01-17,2011-01-17,-1
97951,78,"23-Jun",2015,"Mammalia","Leontopithecus chrysomelas","Golden-headed Tamarin",2008-12-23,2015-06-23,-1
36733,108,"2-Jun",2006,"Aves","Dendrocygna autumnalis","Black-bellied Whistling duck",1997-06-02,2006-06-02,-1
65050,48,"19-Feb",2013,"Mammalia","Eidolon helvum",NA,2009-02-19,2013-02-19,-1
62435,96,"29-Jun",2004,"Mammalia","Procavia capensis","Rock Hyrax",1996-06-29,2004-06-29,1
99822,180,"13-Nov",2015,"Mammalia","Giraffa camelopardalis","Baringo Giraffe",2000-11-13,2015-11-13,-1
84099,132,"31-Dec",2014,"Reptilia","Pantherophis guttatus","Corn snake",2003-12-31,2014-12-31,-1
161997,241.16,"24-Feb",2020,"Mammalia","Lemur catta","Ring-tailed Lemur",2000-01-24,2020-02-24,1
98287,24,"13-Jul",2015,"Mammalia","Zalophus californianus","California Sealion",2013-07-13,2015-07-13,-1
76528,108,"22-Jul",2004,"Mammalia","Osphranter rufus","Red Kangaroo",1995-07-22,2004-07-22,-1
74557,150,"15-Jan",2014,"Mammalia","Phacochoerus africanus","Warthog",2001-07-15,2014-01-15,0
54631,156,"30-Jan",2004,"Mammalia","Leontopithecus chrysomelas","Golden-headed Tamarin",1991-01-30,2004-01-30,-1
36026,504,"31-Dec",2012,"Aves","Phoenicopterus chilensis","Chilean flamingo",1970-12-31,2012-12-31,-1
94135,132,"20-May",2011,"Reptilia","Pantherophis guttatus","Corn snake",2000-05-20,2011-05-20,-1
89694,144,"4-Dec",2000,"Mammalia","Panthera onca","Jaguar",1988-12-04,2000-12-04,-1
52726,72,"29-Mar",2006,"Mammalia","Carollia perspicillata","Seba Short-tailed Bat",2000-03-29,2006-03-29,-1
6686,300,"5-Mar",1999,"Mammalia","Pan troglodytes","Chimpanzee",1974-03-05,1999-03-05,-1
27236,36,"25-Mar",2005,"Aves","Trichoglossus haematodus","Coconut lorikeet",2002-03-25,2005-03-25,-1
98288,192,"14-Jul",2015,"Mammalia","Eidolon helvum",NA,1999-07-14,2015-07-14,-1
8974,24,"7-Dec",1999,"Mammalia","Atelerix albiventris","Four-toed Hedgehog",1997-12-07,1999-12-07,-1
63106,96,"18-Jul",2005,"Mammalia","Cebuella pygmaea","Pygmy Marmoset",1997-07-18,2005-07-18,-1
94734,156,"13-Dec",2004,"Reptilia","Crotalus horridus","Timber rattlesnake",1991-12-13,2004-12-13,-1
74603,8,"15-Apr",2013,"Mammalia","Rattus norvegicus","Typical Rat",2012-08-15,2013-04-15,-1
83957,36,"24-Nov",2005,"Reptilia","Gonocephalus chamaeleontinus","Chameleon Forest Dragon",2002-11-24,2005-11-24,-1
60557,108,"8-Jul",2003,"Mammalia","Capra hircus","San Clemente Goat",1994-07-08,2003-07-08,-1
63466,168,"10-Dec",2001,"Mammalia","Panthera pardus",NA,1987-12-10,2001-12-10,0
56850,144,"15-Jan",2014,"Mammalia","Phacochoerus africanus","Warthog",2002-01-15,2014-01-15,-1
76006,60,"22-Jul",2004,"Mammalia","Osphranter rufus","Red Kangaroo",1999-07-22,2004-07-22,-1
102199,9,"18-May",2016,"Mammalia","Rattus norvegicus","Typical Rat",2015-08-18,2016-05-18,1
59132,60,"8-Jan",2013,"Mammalia","Tragelaphus strepsiceros","Kudu",2008-01-08,2013-01-08,-1
62688,156,"13-Jul",2009,"Mammalia","Leontopithecus chrysomelas","Golden-headed Tamarin",1996-07-13,2009-07-13,-1
44748,168,"16-Dec",2011,"Aves","Spheniscus humboldti","Humboldt Penguin",1997-12-16,2011-12-16,-1
28275,432,"15-Aug",2012,"Aves","Phoenicopterus chilensis","Chilean flamingo",1976-08-15,2012-08-15,-1
54410,168,"28-Apr",2011,"Mammalia","Suricata suricatta","Slender Tail Meerkat",1997-04-28,2011-04-28,-1
56725,162,"6-Feb",2006,"Mammalia","Panthera uncia","Snow Leopard",1992-08-06,2006-02-06,1
65854,48,"9-Dec",2004,"Mammalia","Oryctolagus cuniculus","Domestic Rabbit",2000-12-09,2004-12-09,0
63202,192,"2-Nov",2007,"Mammalia","Ovis canadensis","Big Horn Sheep",1991-11-02,2007-11-02,-1
87854,108,"1-Jul",2009,"Reptilia","Erpeton tentaculatum","Tentacled snake",2000-07-01,2009-07-01,-1
76660,24,"30-Aug",2011,"Mammalia","Osphranter rufus","Red Kangaroo",2009-08-30,2011-08-30,-1
52436,78,"9-Dec",2014,"Mammalia","Oryctolagus cuniculus","Domestic Rabbit",2008-06-09,2014-12-09,-1
32388,144,"23-Jan",2002,"Aves","Eudocimus ruber","Scarlet Ibis",1990-01-23,2002-01-23,-1
19793,48,"3-Apr",2009,"Aves","Melopsittacus undulatus","Budgerigar",2005-04-03,2009-04-03,1
96340,96,"11-Feb",2015,"Mammalia","Ovis canadensis","Big Horn Sheep",2007-02-11,2015-02-11,-1
103675,288,"29-Mar",2016,"Mammalia","Varecia variegata","Red/black Ruffed Lemur",1992-03-29,2016-03-29,1
75132,228,"8-Jul",2001,"Mammalia","Varecia variegata","Red/black Ruffed Lemur",1982-07-08,2001-07-08,-1
56673,180,"27-May",2005,"Mammalia","Ovis canadensis","Big Horn Sheep",1990-05-27,2005-05-27,0
63456,138,"14-Mar",2005,"Mammalia","Notamacropus rufogriseus","Red Wallaby",1993-09-14,2005-03-14,1
74575,12,"5-Aug",2014,"Mammalia","Rattus norvegicus","Typical Rat",2013-08-05,2014-08-05,-1
97578,168,"4-Jun",2015,"Mammalia","Phacochoerus africanus","Warthog",2001-06-04,2015-06-04,-1
79780,144,"8-May",2001,"Reptilia","Corallus caninus","Emerald Tree boa",1989-05-08,2001-05-08,-1
95769,42,"8-Jan",2015,"Reptilia","Heloderma suspectum","Gila Monster",2011-07-08,2015-01-08,-1
99239,84,"21-Jan",2015,"Mammalia","Petaurus breviceps","Pygmy Sugar Glider",2008-01-21,2015-01-21,1
64692,48,"4-May",2012,"Mammalia","Lemur catta","Ring-tailed Lemur",2008-05-04,2012-05-04,-1
67694,84,"17-Sep",2008,"Mammalia","Mustela putorius","Ferret",2001-09-17,2008-09-17,0
55452,72,"26-Aug",2002,"Mammalia","Procavia capensis","Rock Hyrax",1996-08-26,2002-08-26,-1
72573,4,"18-Feb",2010,"Mammalia","Rattus norvegicus","Typical Rat",2009-10-18,2010-02-18,-1
104939,60,"8-Nov",2016,"Aves","Melopsittacus undulatus","Budgerigar",2011-11-08,2016-11-08,0
76530,36,"8-Sep",2002,"Mammalia","Suricata suricatta","Slender Tail Meerkat",1999-09-08,2002-09-08,-1
102632,60,"14-Jun",2016,"Mammalia","Mustela nigripes","Black Footed Ferret",2011-06-14,2016-06-14,-1
101613,12,"22-Mar",2016,"Mammalia","Cynomys ludovicianus","Gunnison Prairie Dog",2015-03-22,2016-03-22,-1
8987,60,"7-Dec",1999,"Aves","Dendrocygna autumnalis","Black-bellied Whistling duck",1994-12-07,1999-12-07,-1
23661,96,"18-May",2012,"Aves","Leucopsar rothschildi","Bali mynah",2004-05-18,2012-05-18,-1
103940,168,"26-Aug",2016,"Aves","Platalea ajaja",NA,2002-08-26,2016-08-26,-1
30212,180,"14-Mar",2011,"Aves","Spheniscus humboldti","Humboldt Penguin",1996-03-14,2011-03-14,-1
19139,48,"12-Mar",2007,"Aves","Trichoglossus moluccanus","Rainbow lorikeet",2003-03-12,2007-03-12,-1
59989,30,"12-Sep",2011,"Mammalia","Rattus norvegicus","Typical Rat",2009-03-12,2011-09-12,-1
65752,42,"21-Nov",2014,"Mammalia","Sylvilagus transitionalis",NA,2011-05-21,2014-11-21,0
92436,48,"23-Jan",2015,"Mammalia","Didelphis marsupialis","Oppossum",2011-01-23,2015-01-23,1
86178,168,"2-Apr",2013,"Reptilia","Morelia viridis","Green Tree Python",1999-04-02,2013-04-02,-1
100897,204,"4-Feb",2016,"Mammalia","Suricata suricatta","Slender Tail Meerkat",1999-02-04,2016-02-04,0
36473,312,"15-Jul",2013,"Aves","Phoenicopterus ruber","American flamingo",1987-07-15,2013-07-15,1
57689,192,"24-Jul",2006,"Mammalia","Ovis aries","Sheep",1990-07-24,2006-07-24,0
93334,7,"20-Dec",2000,"Mammalia","Ailurus fulgens","Red Panda",2000-05-20,2000-12-20,-1
61629,36,"20-Nov",2003,"Mammalia","Procavia capensis","Rock Hyrax",2000-11-20,2003-11-20,-1
56566,48,"23-Aug",2011,"Mammalia","Saimiri sciureus","Common Squirrel Monkey",2007-08-23,2011-08-23,-1
99262,108,"16-Sep",2015,"Mammalia","Eidolon helvum",NA,2006-09-16,2015-09-16,0
39219,72,"8-May",2000,"Mammalia","Atelerix albiventris","Four-toed Hedgehog",1994-05-08,2000-05-08,-1
81661,552,"25-Jun",2014,"Reptilia","Gopherus agassizii",NA,1968-06-25,2014-06-25,-1
62785,12,"22-Sep",2014,"Mammalia","Litocranius walleri","Southern Gerenuk",2013-09-22,2014-09-22,-1
98047,180,"17-Jun",2015,"Mammalia","Pusa hispida",NA,2000-06-17,2015-06-17,-1
21249,192,"12-Apr",2010,"Mammalia","Pusa hispida",NA,1994-04-12,2010-04-12,-1
45654,72,"1-Jun",2000,"Reptilia","Morelia viridis","Green Tree Python",1994-06-01,2000-06-01,-1
106530,168,"27-Oct",2015,"Mammalia","Oryctolagus cuniculus","Domestic Rabbit",2001-10-27,2015-10-27,1
54843,108,"3-Nov",2005,"Mammalia","Rousettus lanosus",NA,1996-11-03,2005-11-03,-1
19903,360,"23-May",2006,"Aves","Phoenicopterus ruber","American flamingo",1976-05-23,2006-05-23,-1
80086,96,"20-Jun",2013,"Mammalia","Taurotragus derbianus",NA,2005-06-20,2013-06-20,-1
39273,30,"2-Jun",2004,"Aves","Eos bornea","Red lory",2001-12-02,2004-06-02,0
63620,204,"8-Jan",2007,"Mammalia","Capra nubiana","Nubian Ibex",1990-01-08,2007-01-08,-1
22943,72,"11-Feb",2000,"Aves","Dendrocygna autumnalis","Black-bellied Whistling duck",1994-02-11,2000-02-11,1
162108,26.33,"26-Mar",2013,"Mammalia","Rattus norvegicus","Typical Rat",2011-01-26,2013-03-26,0
95866,180,"28-Jan",2015,"Aves","Eos bornea","Red lory",2000-01-28,2015-01-28,-1
53826,12,"21-Jul",2010,"Mammalia","Litocranius walleri","Southern Gerenuk",2009-07-21,2010-07-21,-1
28708,192,"8-Feb",2012,"Aves","Phoenicopterus ruber","American flamingo",1996-02-08,2012-02-08,-1
29867,24,"20-Sep",2010,"Mammalia","Capra hircus","San Clemente Goat",2008-09-20,2010-09-20,-1
64410,48,"8-May",2006,"Mammalia","Cynomys ludovicianus","Gunnison Prairie Dog",2002-05-08,2006-05-08,-1
105059,66,"28-Nov",2016,"Mammalia","Mustela nigripes","Black Footed Ferret",2011-05-28,2016-11-28,1
10513,36,"7-Apr",2002,"Amphibia","Pipa pipa","Surinam toad",1999-04-07,2002-04-07,-1
90441,48,"5-Dec",2000,"Aves","Megascops asio",NA,1996-12-05,2000-12-05,-1
95947,96,"9-Jan",2015,"Mammalia","Mustela nigripes","Black Footed Ferret",2007-01-09,2015-01-09,-1
83303,24,"14-Oct",2003,"Reptilia","Crotalus polystictus",NA,2001-10-14,2003-10-14,-1
68977,12,"28-Aug",2000,"Aves","Gallus gallus","Domestic chicken",1999-08-28,2000-08-28,0
51981,60,"27-Apr",2011,"Aves","Meleagris gallopavo","Domestic Lavender Turkey",2006-04-27,2011-04-27,-1
102716,84,"2-Jun",2016,"Mammalia","Macropus eugenii",NA,2009-06-02,2016-06-02,-1
63986,72,"17-Mar",2011,"Mammalia","Mustela nigripes","Black Footed Ferret",2005-03-17,2011-03-17,-1
88231,204,"28-Jul",2005,"Reptilia","Corallus caninus","Emerald Tree boa",1988-07-28,2005-07-28,0
74137,108,"23-May",2013,"Mammalia","Oryctolagus cuniculus","Domestic Rabbit",2004-05-23,2013-05-23,1
56194,84,"6-Jan",2006,"Mammalia","Carollia perspicillata","Seba Short-tailed Bat",1999-01-06,2006-01-06,-1
83044,96,"17-Jul",2003,"Reptilia","Pantherophis guttatus","Corn snake",1995-07-17,2003-07-17,-1
104945,60,"1-Nov",2016,"Mammalia","Mustela putorius","Ferret",2011-11-01,2016-11-01,-1
73370,36,"20-May",2011,"Mammalia","Rattus norvegicus","Typical Rat",2008-05-20,2011-05-20,1
68040,216,"17-Oct",2012,"Mammalia","Saguinus oedipus","Tamarin Monkey",1994-10-17,2012-10-17,0
54539,120,"23-Mar",2009,"Mammalia","Artibeus jamaicensis","Jamaican Fruit bat",1999-03-23,2009-03-23,-1
56123,132,"21-Jul",2006,"Mammalia","Cynomys ludovicianus","Gunnison Prairie Dog",1995-07-21,2006-07-21,0
66266,204,"19-Mar",2014,"Mammalia","Rousettus aegyptiacus","Egyptian fruit bat",1997-03-19,2014-03-19,0
87500,156,"17-Sep",2008,"Reptilia","Pantherophis guttatus","Corn snake",1995-09-17,2008-09-17,-1
162093,30.2,"7-Feb",2004,"Mammalia","Rattus norvegicus","Typical Rat",2001-08-07,2004-02-07,0
86402,108,"26-May",2004,"Reptilia","Lampropeltis triangulum",NA,1995-05-26,2004-05-26,-1
100949,132,"13-Jan",2016,"Reptilia","Boa constrictor","Boa Constrictor",2005-01-13,2016-01-13,-1
57300,138,"19-Dec",2005,"Mammalia","Acinonyx jubatus","Cheetah",1994-06-19,2005-12-19,0
73582,132,"10-Dec",2012,"Mammalia","Suricata suricatta","Slender Tail Meerkat",2001-12-10,2012-12-10,1
99306,162,"4-Sep",2015,"Mammalia","Ovis aries","Sheep",2002-03-04,2015-09-04,-1
64993,84,"29-Sep",2010,"Mammalia","Mustela nigripes","Black Footed Ferret",2003-09-29,2010-09-29,-1
78829,48,"24-Sep",2014,"Mammalia","Nanger dama","Addras Gazelle",2010-09-24,2014-09-24,-1
102236,48,"12-May",2016,"Amphibia","Phyllomedusa bicolor","Giant Waxy Tree Frog",2012-05-12,2016-05-12,-1
17820,11,"19-May",2003,"Aves","Neophema splendida",NA,2002-06-19,2003-05-19,-1
74918,84,"17-Jan",2012,"Mammalia","Mustela nigripes","Black Footed Ferret",2005-01-17,2012-01-17,-1
76417,24,"12-Oct",2000,"Amphibia","Pipa pipa","Surinam toad",1998-10-12,2000-10-12,-1
68330,24,"13-Dec",2011,"Mammalia","Rattus norvegicus","Typical Rat",2009-12-13,2011-12-13,0
57993,204,"16-Jun",2008,"Mammalia","Panthera tigris","White Bengal Tiger",1991-06-16,2008-06-16,0
63197,144,"28-Jan",2008,"Mammalia","Osphranter rufus","Red Kangaroo",1996-01-28,2008-01-28,-1
60880,84,"24-Feb",2003,"Mammalia","Capra nubiana","Nubian Ibex",1996-02-24,2003-02-24,-1
68873,24,"24-Jul",2014,"Mammalia","Rattus norvegicus","Typical Rat",2012-07-24,2014-07-24,1
32570,156,"3-Aug",2012,"Aves","Eudocimus ruber","Scarlet Ibis",1999-08-03,2012-08-03,-1
54989,120,"1-Dec",2006,"Mammalia","Suricata suricatta","Slender Tail Meerkat",1996-12-01,2006-12-01,-1
62513,132,"20-Oct",2006,"Mammalia","Suricata suricatta","Slender Tail Meerkat",1995-10-20,2006-10-20,0
62232,60,"21-Jun",2001,"Mammalia","Cebuella pygmaea","Pygmy Marmoset",1996-06-21,2001-06-21,-1
58134,138,"30-Oct",2014,"Mammalia","Saguinus oedipus","Tamarin Monkey",2003-04-30,2014-10-30,-1
90983,144,"31-Dec",2003,"Mammalia","Lycaon pictus","Cape Hunting Dog",1991-12-31,2003-12-31,1
27596,156,"23-Apr",2001,"Aves","Dendrocygna autumnalis","Black-bellied Whistling duck",1988-04-23,2001-04-23,-1
80361,276,"28-Jan",2005,"Mammalia","Gorilla gorilla","Gorilla",1982-01-28,2005-01-28,-1
75305,96,"12-Jul",2011,"Mammalia","Petaurus breviceps","Pygmy Sugar Glider",2003-07-12,2011-07-12,-1
68134,348,"5-Mar",2007,"Mammalia","Ursus maritimus","Polar Bear",1978-03-05,2007-03-05,1
80271,108,"27-Apr",2012,"Mammalia","Capra hircus","San Clemente Goat",2003-04-27,2012-04-27,-1
29083,204,"15-Dec",2010,"Aves","Phoenicopterus chilensis","Chilean flamingo",1993-12-15,2010-12-15,1
54998,60,"13-Apr",2007,"Mammalia","Lemur catta","Ring-tailed Lemur",2002-04-13,2007-04-13,-1
42081,72,"6-Nov",2009,"Aves","Trichoglossus moluccanus","Rainbow lorikeet",2003-11-06,2009-11-06,-1
64533,270,"8-Feb",2013,"Mammalia","Panthera tigris","White Bengal Tiger",1990-08-08,2013-02-08,-1
78550,24,"2-Aug",2004,"Mammalia","Ailurus fulgens","Red Panda",2002-08-02,2004-08-02,-1
9452,72,"11-Nov",1998,"Mammalia","Mustela putorius","Ferret",1992-11-11,1998-11-11,1
37926,168,"6-May",2014,"Aves","Megascops asio",NA,2000-05-06,2014-05-06,1
62952,180,"23-Aug",2005,"Mammalia","Ovis aries","Sheep",1990-08-23,2005-08-23,-1
62480,372,"17-Jan",2001,"Mammalia","Varecia variegata","Red/black Ruffed Lemur",1970-01-17,2001-01-17,1
43005,132,"3-Oct",2014,"Aves","Meleagris gallopavo","Domestic Lavender Turkey",2003-10-03,2014-10-03,0
106440,192,"5-Oct",2016,"Mammalia","Lontra canadensis","North Americal River Otter",2000-10-05,2016-10-05,1
56805,180,"11-Apr",2007,"Mammalia","Saguinus oedipus","Tamarin Monkey",1992-04-11,2007-04-11,-1
106260,276,"23-Dec",2016,"Reptilia","Heloderma suspectum","Gila Monster",1993-12-23,2016-12-23,1
64906,72,"4-Dec",2012,"Mammalia","Hydrochoerus hydrochaeris","Capybara",2006-12-04,2012-12-04,-1
72106,90,"12-Oct",2012,"Mammalia","Capra hircus","San Clemente Goat",2005-04-12,2012-10-12,0
29136,48,"21-Jul",2006,"Aves","Trichoglossus haematodus","Coconut lorikeet",2002-07-21,2006-07-21,-1
73743,42,"22-Jul",2011,"Mammalia","Atelerix albiventris","Four-toed Hedgehog",2008-01-22,2011-07-22,1
56675,120,"3-Dec",2008,"Mammalia","Hydrochoerus hydrochaeris","Capybara",1998-12-03,2008-12-03,1
64064,60,"24-Dec",2012,"Mammalia","Mustela nigripes","Black Footed Ferret",2007-12-24,2012-12-24,-1
22870,132,"21-Oct",2014,"Aves","Meleagris gallopavo","Domestic Lavender Turkey",2003-10-21,2014-10-21,-1
29101,240,"14-Aug",2008,"Aves","Phoenicopterus ruber","American flamingo",1988-08-14,2008-08-14,-1
40521,108,"16-Dec",2004,"Aves","Gallus gallus","Domestic chicken",1995-12-16,2004-12-16,1
65709,12,"27-Aug",2012,"Mammalia","Rattus norvegicus","Typical Rat",2011-08-27,2012-08-27,-1
26365,108,"21-Aug",2003,"Aves","Meleagris gallopavo","Domestic Lavender Turkey",1994-08-21,2003-08-21,-1
78867,108,"23-Oct",2002,"Mammalia","Lontra canadensis","North Americal River Otter",1993-10-23,2002-10-23,-1
75000,15,"20-Jan",2012,"Mammalia","Rattus norvegicus","Typical Rat",2010-10-20,2012-01-20,1
105616,192,"21-Sep",2015,"Aves","Dendrocygna autumnalis","Black-bellied Whistling duck",1999-09-21,2015-09-21,1
102569,186,"3-Sep",2015,"Reptilia","Lampropeltis getula",NA,2000-03-03,2015-09-03,1
80333,78,"8-Apr",2004,"Mammalia","Oryctolagus cuniculus","Domestic Rabbit",1997-10-08,2004-04-08,-1
74371,144,"2-Jun",2004,"Mammalia","Tragelaphus strepsiceros","Kudu",1992-06-02,2004-06-02,-1
65386,24,"2-Jul",2012,"Mammalia","Mus musculus","Common Mouse",2010-07-02,2012-07-02,1
66137,48,"28-Jun",2012,"Mammalia","Atelerix albiventris","Four-toed Hedgehog",2008-06-28,2012-06-28,-1
79902,42,"29-Jan",2002,"Mammalia","Osphranter robustus","Wallaroo",1998-07-29,2002-01-29,-1
32464,36,"4-Sep",2009,"Aves","Gallus gallus","Domestic chicken",2006-09-04,2009-09-04,-1
64276,78,"14-Jan",2014,"Mammalia","Oryctolagus cuniculus","Domestic Rabbit",2007-07-14,2014-01-14,-1
84915,228,"5-Aug",2008,"Reptilia","Eublepharis macularius","Leopard Gecko",1989-08-05,2008-08-05,-1
98887,48,"28-Aug",2015,"Aves","Trichoglossus haematodus","Coconut lorikeet",2011-08-28,2015-08-28,-1
64060,48,"19-Sep",2011,"Mammalia","Mustela nigripes","Black Footed Ferret",2007-09-19,2011-09-19,-1
64092,168,"18-May",2010,"Mammalia","Chinchilla brevicaudata","Chinchilla",1996-05-18,2010-05-18,-1
8958,204,"7-Dec",1999,"Mammalia","Varecia variegata","Red/black Ruffed Lemur",1982-12-07,1999-12-07,0
8676,24,"20-Dec",1999,"Mammalia","Atelerix albiventris","Four-toed Hedgehog",1997-12-20,1999-12-20,1
18648,12,"4-Aug",2008,"Mammalia","Pusa hispida",NA,2007-08-04,2008-08-04,-1
84537,108,"7-Sep",2007,"Reptilia","Bitis nasicornis",NA,1998-09-07,2007-09-07,0
60434,408,"6-Feb",2002,"Mammalia","Varecia variegata","Red/black Ruffed Lemur",1968-02-06,2002-02-06,0
74073,12,"3-Oct",2000,"Reptilia","Erpeton tentaculatum","Tentacled snake",1999-10-03,2000-10-03,-1
60747,108,"17-Jan",2002,"Mammalia","Osphranter robustus","Wallaroo",1993-01-17,2002-01-17,-1
103652,228,"18-Jul",2016,"Mammalia","Ovis canadensis","Big Horn Sheep",1997-07-18,2016-07-18,-1
95986,60,"9-Jan",2015,"Reptilia","Erpeton tentaculatum","Tentacled snake",2010-01-09,2015-01-09,-1
29011,204,"20-Mar",2008,"Aves","Spheniscus humboldti","Humboldt Penguin",1991-03-20,2008-03-20,-1
44205,48,"18-May",2011,"Aves","Gallus gallus","Domestic chicken",2007-05-18,2011-05-18,-1
74099,72,"25-Sep",2008,"Mammalia","Osphranter rufus","Red Kangaroo",2002-09-25,2008-09-25,-1
53470,96,"16-Apr",2004,"Mammalia","Oryctolagus cuniculus","Domestic Rabbit",1996-04-16,2004-04-16,-1
90896,108,"16-Feb",2001,"Reptilia","Lampropeltis triangulum",NA,1992-02-16,2001-02-16,1
96808,72,"27-Feb",2015,"Mammalia","Mustela nigripes","Black Footed Ferret",2009-02-27,2015-02-27,-1
162097,148.03,"14-Mar",2018,"Mammalia","Suricata suricatta","Slender Tail Meerkat",2005-11-14,2018-03-14,1
55914,96,"24-Apr",2007,"Mammalia","Notamacropus rufogriseus","Red Wallaby",1999-04-24,2007-04-24,-1
76378,24,"12-Oct",2000,"Amphibia","Pipa pipa","Surinam toad",1998-10-12,2000-10-12,-1
55875,528,"20-Aug",2008,"Mammalia","Gorilla gorilla","Gorilla",1964-08-20,2008-08-20,-1
73306,120,"31-Mar",2011,"Mammalia","Petaurus breviceps","Pygmy Sugar Glider",2001-03-31,2011-03-31,1
18083,204,"10-Nov",2006,"Aves","Eudocimus ruber","Scarlet Ibis",1989-11-10,2006-11-10,-1
55339,120,"26-Sep",2005,"Mammalia","Procavia capensis","Rock Hyrax",1995-09-26,2005-09-26,-1
101504,12,"16-Mar",2016,"Mammalia","Rattus norvegicus","Typical Rat",2015-03-16,2016-03-16,-1
102949,240,"24-Jun",2016,"Aves","Spheniscus humboldti","Humboldt Penguin",1996-06-24,2016-06-24,-1
55343,192,"5-Jan",2001,"Aves","Platalea ajaja",NA,1985-01-05,2001-01-05,0
19818,180,"25-Feb",2008,"Aves","Megascops asio",NA,1993-02-25,2008-02-25,-1
63956,150,"19-Oct",2006,"Mammalia","Capra hircus","San Clemente Goat",1994-04-19,2006-10-19,0
73819,12,"16-Apr",2012,"Mammalia","Suricata suricatta","Slender Tail Meerkat",2011-04-16,2012-04-16,0
89421,84,"14-Dec",2011,"Mammalia","Mustela putorius","Ferret",2004-12-14,2011-12-14,1
62973,204,"17-Jan",2012,"Mammalia","Varecia variegata","Red/black Ruffed Lemur",1995-01-17,2012-01-17,-1
54845,174,"12-Feb",2013,"Mammalia","Artibeus jamaicensis","Jamaican Fruit bat",1998-08-12,2013-02-12,-1
98709,120,"7-Aug",2015,"Mammalia","Nanger dama","Addras Gazelle",2005-08-07,2015-08-07,-1
11627,12,"21-Jun",1999,"Aves","Neophema splendida",NA,1998-06-21,1999-06-21,-1
80236,12,"5-Aug",2010,"Mammalia","Oryctolagus cuniculus","Domestic Rabbit",2009-08-05,2010-08-05,1
78311,36,"12-Apr",2004,"Reptilia","Crotalus lepidus",NA,2001-04-12,2004-04-12,-1
41394,264,"18-Sep",2012,"Aves","Spheniscus humboldti","Humboldt Penguin",1990-09-18,2012-09-18,-1
63800,168,"24-May",2005,"Mammalia","Ovis aries","Sheep",1991-05-24,2005-05-24,0
89330,204,"6-Aug",2009,"Reptilia","Lampropeltis triangulum",NA,1992-08-06,2009-08-06,0
60626,60,"20-May",2002,"Mammalia","Suricata suricatta","Slender Tail Meerkat",1997-05-20,2002-05-20,-1
100841,180,"4-Feb",2016,"Mammalia","Heterocephalus glaber","Naked Mole Rat",2001-02-04,2016-02-04,-1
73520,216,"30-Oct",2012,"Mammalia","Panthera tigris","White Bengal Tiger",1994-10-30,2012-10-30,1
64204,36,"18-Sep",2003,"Mammalia","Cebuella pygmaea","Pygmy Marmoset",2000-09-18,2003-09-18,-1
20441,108,"1-Feb",2007,"Aves","Gallus gallus","Domestic chicken",1998-02-01,2007-02-01,-1
63382,60,"4-Feb",2008,"Mammalia","Heterocephalus glaber","Naked Mole Rat",2003-02-04,2008-02-04,-1
43381,120,"8-Jun",2009,"Aves","Larosterna inca",NA,1999-06-08,2009-06-08,-1
80120,72,"16-Jun",2014,"Mammalia","Taurotragus derbianus",NA,2008-06-16,2014-06-16,-1
64404,312,"6-Aug",2012,"Mammalia","Varecia variegata","Red/black Ruffed Lemur",1986-08-06,2012-08-06,-1
27488,204,"12-Jul",2010,"Aves","Phoenicopterus ruber","American flamingo",1993-07-12,2010-07-12,-1
3240,12,"30-Apr",1997,"Mammalia","Litocranius walleri","Southern Gerenuk",1996-04-30,1997-04-30,-1
54953,252,"13-Aug",2008,"Mammalia","Chinchilla brevicaudata","Chinchilla",1987-08-13,2008-08-13,-1
74862,12,"8-Dec",2010,"Mammalia","Mustela nigripes","Black Footed Ferret",2009-12-08,2010-12-08,-1
55216,156,"17-Sep",2008,"Mammalia","Capra hircus","San Clemente Goat",1995-09-17,2008-09-17,-1
54176,120,"21-Feb",2006,"Mammalia","Ovis canadensis","Big Horn Sheep",1996-02-21,2006-02-21,-1
2521,48,"19-Mar",1997,"Amphibia","Phyllomedusa bicolor","Giant Waxy Tree Frog",1993-03-19,1997-03-19,-1
97673,300,"29-May",2015,"Aves","Oxyura jamaicensis",NA,1990-05-29,2015-05-29,-1
75652,48,"27-Oct",2006,"Mammalia","Lemur catta","Ring-tailed Lemur",2002-10-27,2006-10-27,-1
60916,360,"14-Jun",2001,"Mammalia","Lemur catta","Ring-tailed Lemur",1971-06-14,2001-06-14,1
55175,72,"8-Sep",2006,"Mammalia","Mandrillus sphinx","Mandrill",2000-09-08,2006-09-08,-1
62975,144,"6-Sep",2013,"Mammalia","Suricata suricatta","Slender Tail Meerkat",2001-09-06,2013-09-06,-1
63510,36,"8-Jun",2011,"Mammalia","Mustela putorius","Ferret",2008-06-08,2011-06-08,1
64955,240,"16-Jan",2012,"Mammalia","Zalophus californianus","California Sealion",1992-01-16,2012-01-16,1
56407,216,"4-Apr",2008,"Mammalia","Panthera leo","Masai Lion",1990-04-04,2008-04-04,0
102348,648,"25-May",2016,"Aves","Phoenicopterus ruber","American flamingo",1962-05-25,2016-05-25,-1
91577,168,"23-Jun",2014,"Mammalia","Osphranter rufus","Red Kangaroo",2000-06-23,2014-06-23,1
56813,12,"5-Aug",2010,"Mammalia","Procavia capensis","Rock Hyrax",2009-08-05,2010-08-05,-1
57124,36,"1-Feb",2005,"Mammalia","Atelerix albiventris","Four-toed Hedgehog",2002-02-01,2005-02-01,1
22326,312,"2-Nov",2012,"Aves","Larosterna inca",NA,1986-11-02,2012-11-02,-1
35328,9,"19-Apr",2000,"Reptilia","Erpeton tentaculatum","Tentacled snake",1999-07-19,2000-04-19,-1
78842,36,"24-Sep",2014,"Mammalia","Nanger dama","Addras Gazelle",2011-09-24,2014-09-24,-1
8319,84,"21-Sep",1999,"Mammalia","Osphranter robustus","Wallaroo",1992-09-21,1999-09-21,-1
34312,48,"17-Feb",2009,"Aves","Melopsittacus undulatus","Budgerigar",2005-02-17,2009-02-17,-1
63562,156,"21-Nov",2006,"Mammalia","Panthera pardus",NA,1993-11-21,2006-11-21,-1
106189,216,"24-Dec",2015,"Mammalia","Panthera pardus",NA,1997-12-24,2015-12-24,1
54514,18,"11-Jan",2013,"Mammalia","Didelphis marsupialis","Oppossum",2011-07-11,2013-01-11,-1
73091,138,"25-Jul",2012,"Mammalia","Capra hircus","San Clemente Goat",2001-01-25,2012-07-25,0
106313,192,"5-Aug",2016,"Mammalia","Canis lupus","Gray Wolf",2000-08-05,2016-08-05,1
27007,156,"13-Dec",2004,"Mammalia","Pusa hispida",NA,1991-12-13,2004-12-13,-1
81419,48,"21-Oct",2003,"Reptilia","Erpeton tentaculatum","Tentacled snake",1999-10-21,2003-10-21,-1
53902,48,"17-Mar",2008,"Mammalia","Canis lupus","Gray Wolf",2004-03-17,2008-03-17,-1
44422,180,"8-Mar",2013,"Aves","Oxyura jamaicensis",NA,1998-03-08,2013-03-08,-1
96990,72,"13-Apr",2015,"Mammalia","Capra hircus","San Clemente Goat",2009-04-13,2015-04-13,-1
64812,72,"8-Nov",2012,"Mammalia","Giraffa camelopardalis","Baringo Giraffe",2006-11-08,2012-11-08,-1
63130,216,"23-Dec",2008,"Mammalia","Panthera tigris","White Bengal Tiger",1990-12-23,2008-12-23,-1
106282,66,"1-Jun",2015,"Mammalia","Mustela putorius","Ferret",2009-12-01,2015-06-01,1
98301,36,"6-Jul",2015,"Reptilia","Morelia viridis","Green Tree Python",2012-07-06,2015-07-06,-1
73154,42,"14-Feb",2012,"Mammalia","Atelerix albiventris","Four-toed Hedgehog",2008-08-14,2012-02-14,0
102818,108,"9-Jun",2016,"Aves","Nymphicus hollandicus","Cockatiel",2007-06-09,2016-06-09,-1
58579,36,"2-May",2014,"Mammalia","Litocranius walleri","Southern Gerenuk",2011-05-02,2014-05-02,-1
80770,120,"21-Apr",2003,"Reptilia","Crotalus polystictus",NA,1993-04-21,2003-04-21,-1
298,108,"23-Sep",1995,"Mammalia","Oryctolagus cuniculus","Domestic Rabbit",1986-09-23,1995-09-23,1
95783,60,"14-Aug",2015,"Mammalia","Rousettus lanosus",NA,2010-08-14,2015-08-14,-1
95205,9,"8-Jan",2001,"Reptilia","Corallus caninus","Emerald Tree boa",2000-04-08,2001-01-08,-1
55717,5,"26-Nov",2004,"Mammalia","Mustela nigripes","Black Footed Ferret",2004-06-26,2004-11-26,-1
55347,240,"21-Aug",2007,"Mammalia","Lemur catta","Ring-tailed Lemur",1987-08-21,2007-08-21,-1
74518,228,"27-Mar",2009,"Mammalia","Colobus guereza","Colobus Monkey",1990-03-27,2009-03-27,-1
17622,288,"14-May",2008,"Aves","Eudocimus ruber","Scarlet Ibis",1984-05-14,2008-05-14,-1
57027,228,"8-Jan",2013,"Mammalia","Eidolon helvum",NA,1994-01-08,2013-01-08,-1
69678,36,"8-Sep",2000,"Mammalia","Chinchilla brevicaudata","Chinchilla",1997-09-08,2000-09-08,-1
56789,48,"2-May",2014,"Mammalia","Litocranius walleri","Southern Gerenuk",2010-05-02,2014-05-02,-1
64727,72,"15-Oct",2010,"Mammalia","Mustela putorius","Ferret",2004-10-15,2010-10-15,-1
73149,84,"28-Jul",2006,"Mammalia","Mustela putorius","Ferret",1999-07-28,2006-07-28,0
80847,144,"20-May",2011,"Mammalia","Ovis aries","Sheep",1999-05-20,2011-05-20,1
28443,228,"2-Jul",2012,"Aves","Phoenicopterus ruber","American flamingo",1993-07-02,2012-07-02,-1
98993,60,"14-Sep",2015,"Mammalia","Atelerix albiventris","Four-toed Hedgehog",2010-09-14,2015-09-14,-1
55295,504,"23-Oct",2009,"Mammalia","Gorilla gorilla","Gorilla",1967-10-23,2009-10-23,-1
102715,42,"2-Jun",2016,"Mammalia","Macropus eugenii",NA,2012-12-02,2016-06-02,-1
35713,12,"23-Aug",2004,"Aves","Trichoglossus moluccanus","Rainbow lorikeet",2003-08-23,2004-08-23,-1
38995,120,"11-Mar",2014,"Aves","Melopsittacus undulatus","Budgerigar",2004-03-11,2014-03-11,1
80309,180,"18-Aug",2004,"Mammalia","Lemur catta","Ring-tailed Lemur",1989-08-18,2004-08-18,-1
40055,24,"7-Oct",2003,"Aves","Larosterna inca",NA,2001-10-07,2003-10-07,-1
106062,132,"24-Jul",2015,"Mammalia","Capra hircus","San Clemente Goat",2004-07-24,2015-07-24,0
85712,192,"6-Jul",2006,"Reptilia","Eublepharis macularius","Leopard Gecko",1990-07-06,2006-07-06,-1
73147,144,"9-Dec",2011,"Mammalia","Capra hircus","San Clemente Goat",1999-12-09,2011-12-09,0
26358,240,"24-Mar",2003,"Aves","Phoenicopterus chilensis","Chilean flamingo",1983-03-24,2003-03-24,-1
40250,36,"24-Mar",2005,"Aves","Trichoglossus haematodus","Coconut lorikeet",2002-03-24,2005-03-24,0
63965,204,"5-Nov",2009,"Mammalia","Giraffa camelopardalis","Baringo Giraffe",1992-11-05,2009-11-05,0
73106,192,"25-Feb",2011,"Mammalia","Canis lupus","Gray Wolf",1995-02-25,2011-02-25,1
94639,24,"22-Jul",2002,"Reptilia","Erpeton tentaculatum","Tentacled snake",2000-07-22,2002-07-22,-1
58506,108,"5-Apr",2001,"Mammalia","Rousettus lanosus",NA,1992-04-05,2001-04-05,-1
36593,72,"19-Aug",2001,"Aves","Trichoglossus haematodus","Coconut lorikeet",1995-08-19,2001-08-19,-1
73037,240,"8-Mar",2010,"Mammalia","Lontra canadensis","North Americal River Otter",1990-03-08,2010-03-08,0
53476,12,"19-Nov",2004,"Mammalia","Osphranter rufus","Red Kangaroo",2003-11-19,2004-11-19,-1
22832,228,"8-Mar",2013,"Aves","Leucopsar rothschildi","Bali mynah",1994-03-08,2013-03-08,-1
31506,30,"10-Jan",2003,"Aves","Trichoglossus haematodus","Coconut lorikeet",2000-07-10,2003-01-10,-1
22591,12,"22-Feb",2002,"Aves","Trichoglossus haematodus","Coconut lorikeet",2001-02-22,2002-02-22,-1
73767,144,"9-Mar",2005,"Mammalia","Ovis aries","Sheep",1993-03-09,2005-03-09,1
65055,48,"13-Sep",2013,"Mammalia","Leontopithecus chrysomelas","Golden-headed Tamarin",2009-09-13,2013-09-13,0
94677,168,"16-Sep",2005,"Reptilia","Corallus caninus","Emerald Tree boa",1991-09-16,2005-09-16,-1
102854,228,"15-Jun",2016,"Aves","Spheniscus humboldti","Humboldt Penguin",1997-06-15,2016-06-15,-1
34776,72,"10-Sep",2014,"Aves","Trichoglossus haematodus","Coconut lorikeet",2008-09-10,2014-09-10,-1
52455,108,"12-Sep",2014,"Mammalia","Capra hircus","San Clemente Goat",2005-09-12,2014-09-12,-1
65503,12,"14-Oct",2014,"Mammalia","Dasyprocta punctata","Red-rumped Agouti",2013-10-14,2014-10-14,-1
76164,24,"15-Apr",2013,"Mammalia","Rattus norvegicus","Typical Rat",2011-04-15,2013-04-15,1
41575,9,"8-May",2000,"Reptilia","Gopherus agassizii",NA,1999-08-08,2000-05-08,-1
96715,156,"19-Feb",2015,"Mammalia","Artibeus jamaicensis","Jamaican Fruit bat",2002-02-19,2015-02-19,-1
65235,264,"23-Dec",2014,"Mammalia","Panthera leo","Masai Lion",1992-12-23,2014-12-23,-1
17151,444,"17-Jun",2011,"Aves","Phoenicopterus ruber","American flamingo",1974-06-17,2011-06-17,-1
101826,432,"24-Sep",2003,"Mammalia","Gorilla gorilla","Gorilla",1967-09-24,2003-09-24,1
58498,120,"6-Mar",2013,"Mammalia","Capra hircus","San Clemente Goat",2003-03-06,2013-03-06,-1
43256,90,"31-Dec",2008,"Aves","Trichoglossus haematodus","Coconut lorikeet",2001-06-30,2008-12-31,-1
39450,84,"8-Jul",2008,"Aves","Trichoglossus haematodus","Coconut lorikeet",2001-07-08,2008-07-08,0
56406,216,"28-Jul",2011,"Mammalia","Saguinus oedipus","Tamarin Monkey",1993-07-28,2011-07-28,-1
27592,72,"12-Feb",2009,"Aves","Trichoglossus haematodus","Coconut lorikeet",2003-02-12,2009-02-12,-1
12794,132,"7-Jun",1999,"Mammalia","Varecia variegata","Red/black Ruffed Lemur",1988-06-07,1999-06-07,-1
101426,24,"24-Feb",2016,"Aves","Gallus gallus","Domestic chicken",2014-02-24,2016-02-24,-1
83330,204,"13-Apr",2012,"Mammalia","Phacochoerus africanus","Warthog",1995-04-13,2012-04-13,0
75423,216,"9-Sep",2008,"Mammalia","Mandrillus sphinx","Mandrill",1990-09-09,2008-09-09,-1
63035,168,"8-Oct",2012,"Mammalia","Taurotragus derbianus",NA,1998-10-08,2012-10-08,-1
5181,48,"4-May",1998,"Aves","Trichoglossus moluccanus","Rainbow lorikeet",1994-05-04,1998-05-04,-1
55245,150,"6-Oct",2008,"Mammalia","Lycaon pictus","Cape Hunting Dog",1996-04-06,2008-10-06,-1
55489,144,"22-Jan",2008,"Mammalia","Procavia capensis","Rock Hyrax",1996-01-22,2008-01-22,-1
54571,72,"25-Feb",2005,"Mammalia","Mustela putorius","Ferret",1999-02-25,2005-02-25,-1
71274,12,"23-Sep",2013,"Mammalia","Rattus norvegicus","Typical Rat",2012-09-23,2013-09-23,0
101275,60,"1-Mar",2016,"Mammalia","Atelerix albiventris","Four-toed Hedgehog",2011-03-01,2016-03-01,-1
162120,84.56,"6-May",2012,"Mammalia","Mustela putorius","Ferret",2005-04-06,2012-05-06,1
72113,12,"27-Jan",2012,"Mammalia","Leontopithecus chrysomelas","Golden-headed Tamarin",2011-01-27,2012-01-27,-1
37100,18,"25-Apr",2006,"Aves","Eudocimus ruber","Scarlet Ibis",2004-10-25,2006-04-25,-1
56994,264,"9-Feb",2011,"Mammalia","Colobus guereza","Colobus Monkey",1989-02-09,2011-02-09,0
19430,156,"11-May",2009,"Aves","Leucopsar rothschildi","Bali mynah",1996-05-11,2009-05-11,-1
22728,228,"9-Dec",2011,"Aves","Phoenicopterus ruber","American flamingo",1992-12-09,2011-12-09,-1
64997,168,"19-Aug",2001,"Mammalia","Cebuella pygmaea","Pygmy Marmoset",1987-08-19,2001-08-19,-1
56196,84,"6-Jan",2006,"Mammalia","Carollia perspicillata","Seba Short-tailed Bat",1999-01-06,2006-01-06,-1
38786,24,"3-Oct",2002,"Aves","Trichoglossus haematodus","Coconut lorikeet",2000-10-03,2002-10-03,-1
55778,72,"14-Jun",2007,"Mammalia","Ursus maritimus","Polar Bear",2001-06-14,2007-06-14,1
2618,7,"14-Apr",1997,"Mammalia","Tragelaphus strepsiceros","Kudu",1996-09-14,1997-04-14,-1
89960,84,"4-Jun",2014,"Mammalia","Atelerix albiventris","Four-toed Hedgehog",2007-06-04,2014-06-04,1
42865,144,"24-Dec",2007,"Aves","Dendrocygna autumnalis","Black-bellied Whistling duck",1995-12-24,2007-12-24,-1
63513,228,"9-Jul",2003,"Mammalia","Mandrillus sphinx","Mandrill",1984-07-09,2003-07-09,0
104153,8,"24-Aug",2016,"Reptilia","Sceloporus cyanogenys","Blue spiny lizard",2015-12-24,2016-08-24,-1
63505,156,"10-Jan",2003,"Mammalia","Panthera uncia","Snow Leopard",1990-01-10,2003-01-10,-1
74366,36,"28-Aug",2009,"Mammalia","Atelerix albiventris","Four-toed Hedgehog",2006-08-28,2009-08-28,1
6614,60,"30-Jan",1999,"Mammalia","Capra hircus","San Clemente Goat",1994-01-30,1999-01-30,-1
73155,156,"29-Jul",2005,"Mammalia","Panthera uncia","Snow Leopard",1992-07-29,2005-07-29,1
99886,36,"7-Oct",2015,"Mammalia","Notamacropus rufogriseus","Red Wallaby",2012-10-07,2015-10-07,-1
98087,60,"24-Jun",2015,"Reptilia","Pantherophis guttatus","Corn snake",2010-06-24,2015-06-24,-1
24775,96,"1-Aug",2011,"Aves","Trichoglossus moluccanus","Rainbow lorikeet",2003-08-01,2011-08-01,-1
70826,120,"25-Feb",2008,"Mammalia","Panthera uncia","Snow Leopard",1998-02-25,2008-02-25,1
58856,54,"26-Nov",2014,"Mammalia","Sylvilagus transitionalis",NA,2010-05-26,2014-11-26,-1
20659,108,"21-Mar",2011,"Aves","Gallus gallus","Domestic chicken",2002-03-21,2011-03-21,-1
32234,90,"25-May",2012,"Aves","Melopsittacus undulatus","Budgerigar",2004-11-25,2012-05-25,-1
68826,60,"9-Oct",2001,"Mammalia","Ovis aries","Sheep",1996-10-09,2001-10-09,1
84335,264,"17-Feb",2009,"Reptilia","Pantherophis guttatus","Corn snake",1987-02-17,2009-02-17,-1
100045,60,"16-Oct",2015,"Mammalia","Artibeus jamaicensis","Jamaican Fruit bat",2010-10-16,2015-10-16,-1
30365,324,"24-Jun",2009,"Aves","Phoenicopterus chilensis","Chilean flamingo",1982-06-24,2009-06-24,-1
71517,132,"15-Feb",2010,"Mammalia","Rousettus aegyptiacus","Egyptian fruit bat",1999-02-15,2010-02-15,1
82179,384,"8-Dec",2014,"Reptilia","Morelia viridis","Green Tree Python",1982-12-08,2014-12-08,-1
83944,108,"19-Aug",2010,"Reptilia","Crotalus lepidus",NA,2001-08-19,2010-08-19,-1
65417,78,"10-Dec",2007,"Mammalia","Lontra canadensis","North Americal River Otter",2001-06-10,2007-12-10,-1
38068,60,"20-May",2004,"Aves","Trichoglossus haematodus","Coconut lorikeet",1999-05-20,2004-05-20,-1
80491,156,"2-Nov",2012,"Reptilia","Corallus caninus","Emerald Tree boa",1999-11-02,2012-11-02,-1
79178,180,"12-Feb",2004,"Mammalia","Panthera uncia","Snow Leopard",1989-02-12,2004-02-12,1
44020,276,"8-Jun",2011,"Aves","Phoenicopterus chilensis","Chilean flamingo",1988-06-08,2011-06-08,-1
61570,72,"30-Oct",2003,"Mammalia","Atelerix albiventris","Four-toed Hedgehog",1997-10-30,2003-10-30,-1
57314,48,"5-Jul",2000,"Aves","Meleagris gallopavo","Domestic Lavender Turkey",1996-07-05,2000-07-05,-1
162064,40.06,"3-Jan",2018,"Mammalia","Rattus norvegicus","Typical Rat",2014-09-03,2018-01-03,0
84984,156,"17-Aug",2006,"Reptilia","Crotalus polystictus",NA,1993-08-17,2006-08-17,-1
57100,60,"11-Dec",2006,"Mammalia","Leontopithecus chrysomelas","Golden-headed Tamarin",2001-12-11,2006-12-11,-1
56530,120,"13-Oct",2005,"Mammalia","Panthera tigris","White Bengal Tiger",1995-10-13,2005-10-13,-1
18145,12,"8-Jan",2007,"Aves","Trichoglossus moluccanus","Rainbow lorikeet",2006-01-08,2007-01-08,-1
63645,72,"3-Jan",2008,"Mammalia","Osphranter rufus","Red Kangaroo",2002-01-03,2008-01-03,-1
17921,60,"3-May",2005,"Aves","Gallus gallus","Domestic chicken",2000-05-03,2005-05-03,-1
96890,180,"19-Sep",2014,"Reptilia","Crotalus horridus","Timber rattlesnake",1999-09-19,2014-09-19,0
63842,132,"4-Nov",2011,"Mammalia","Suricata suricatta","Slender Tail Meerkat",2000-11-04,2011-11-04,0
104447,42,"19-Oct",2016,"Aves","Melopsittacus undulatus","Budgerigar",2013-04-19,2016-10-19,1
28463,312,"22-Feb",2012,"Aves","Phoenicopterus ruber","American flamingo",1986-02-22,2012-02-22,-1
83190,204,"30-Jul",2002,"Reptilia","Lampropeltis getula",NA,1985-07-30,2002-07-30,0
73238,300,"20-Mar",2012,"Mammalia","Zalophus californianus","California Sealion",1987-03-20,2012-03-20,0
53637,120,"5-Apr",2001,"Mammalia","Rousettus lanosus",NA,1991-04-05,2001-04-05,-1
64446,60,"5-Nov",2004,"Mammalia","Heterocephalus glaber","Naked Mole Rat",1999-11-05,2004-11-05,1
62855,168,"13-Feb",2008,"Mammalia","Capra nubiana","Nubian Ibex",1994-02-13,2008-02-13,-1
11839,48,"11-Oct",1999,"Mammalia","Mustela putorius","Ferret",1995-10-11,1999-10-11,0
74481,48,"3-Jun",2014,"Mammalia","Mustela nigripes","Black Footed Ferret",2010-06-03,2014-06-03,-1
60538,264,"9-Jun",2003,"Mammalia","Ursus maritimus","Polar Bear",1981-06-09,2003-06-09,-1
63809,156,"6-Jan",2005,"Mammalia","Canis lupus","Gray Wolf",1992-01-06,2005-01-06,-1
80964,180,"13-Mar",2007,"Reptilia","Lampropeltis triangulum",NA,1992-03-13,2007-03-13,-1
84697,144,"24-Feb",2003,"Mammalia","Dasyprocta punctata","Red-rumped Agouti",1991-02-24,2003-02-24,1
89560,276,"15-Apr",2004,"Reptilia","Boa constrictor","Boa Constrictor",1981-04-15,2004-04-15,1
73303,180,"27-Jul",2004,"Mammalia","Acinonyx jubatus","Cheetah",1989-07-27,2004-07-27,1
61585,156,"3-Aug",2004,"Mammalia","Chinchilla brevicaudata","Chinchilla",1991-08-03,2004-08-03,-1
94575,48,"12-Apr",2010,"Reptilia","Bitis nasicornis",NA,2006-04-12,2010-04-12,-1
64277,120,"4-Mar",2011,"Mammalia","Taurotragus derbianus",NA,2001-03-04,2011-03-04,0
55291,48,"11-Jul",2005,"Mammalia","Atelerix albiventris","Four-toed Hedgehog",2001-07-11,2005-07-11,0
44661,180,"20-Aug",2012,"Reptilia","Heloderma suspectum","Gila Monster",1997-08-20,2012-08-20,-1
27372,180,"11-Aug",2014,"Aves","Dendrocygna autumnalis","Black-bellied Whistling duck",1999-08-11,2014-08-11,-1
27524,288,"27-Aug",2007,"Aves","Phoenicopterus ruber","American flamingo",1983-08-27,2007-08-27,-1
104977,90,"8-Nov",2016,"Mammalia","Pan troglodytes","Chimpanzee",2009-05-08,2016-11-08,-1
63868,348,"29-Sep",2011,"Mammalia","Varecia variegata","Red/black Ruffed Lemur",1982-09-29,2011-09-29,-1
73790,204,"5-Aug",2014,"Mammalia","Leontopithecus chrysomelas","Golden-headed Tamarin",1997-08-05,2014-08-05,1
105782,216,"27-Dec",2016,"Reptilia","Erpeton tentaculatum","Tentacled snake",1998-12-27,2016-12-27,-1
95319,24,"8-Nov",2000,"Mammalia","Atelerix albiventris","Four-toed Hedgehog",1998-11-08,2000-11-08,1
20426,168,"14-Sep",2009,"Aves","Dendrocygna autumnalis","Black-bellied Whistling duck",1995-09-14,2009-09-14,0
95442,180,"23-Dec",2014,"Reptilia","Lampropeltis triangulum",NA,1999-12-23,2014-12-23,1
8247,24,"9-Aug",1999,"Mammalia","Didelphis marsupialis","Oppossum",1997-08-09,1999-08-09,-1
1217,168,"18-Apr",1996,"Mammalia","Panthera tigris","White Bengal Tiger",1982-04-18,1996-04-18,-1
84626,180,"25-Aug",2000,"Mammalia","Lontra canadensis","North Americal River Otter",1985-08-25,2000-08-25,1
55324,108,"6-Jan",2006,"Mammalia","Rousettus lanosus",NA,1997-01-06,2006-01-06,-1
56913,144,"20-Sep",2004,"Mammalia","Panthera tigris","White Bengal Tiger",1992-09-20,2004-09-20,-1
40710,108,"10-Jul",2008,"Aves","Dendrocygna autumnalis","Black-bellied Whistling duck",1999-07-10,2008-07-10,1
77308,6,"8-Dec",2003,"Mammalia","Varecia variegata","Red/black Ruffed Lemur",2003-06-08,2003-12-08,-1
76174,132,"11-Nov",2001,"Mammalia","Eudorcas thomsonii","Thompsons Gazelle",1990-11-11,2001-11-11,-1
80519,84,"9-Oct",2012,"Mammalia","Mustela putorius","Ferret",2005-10-09,2012-10-09,0
87835,48,"27-Jul",2007,"Reptilia","Erpeton tentaculatum","Tentacled snake",2003-07-27,2007-07-27,-1
77681,84,"5-Aug",2002,"Mammalia","Oryctolagus cuniculus","Domestic Rabbit",1995-08-05,2002-08-05,1
54958,36,"26-Aug",2010,"Mammalia","Didelphis marsupialis","Oppossum",2007-08-26,2010-08-26,-1
101767,84,"4-Apr",2016,"Mammalia","Macropus eugenii",NA,2009-04-04,2016-04-04,-1
105787,48,"14-Apr",2015,"Mammalia","Didelphis marsupialis","Oppossum",2011-04-14,2015-04-14,1
63509,48,"30-Jan",2003,"Mammalia","Cynomys ludovicianus","Gunnison Prairie Dog",1999-01-30,2003-01-30,1
99980,30,"18-Feb",2015,"Mammalia","Rattus norvegicus","Typical Rat",2012-08-18,2015-02-18,0
67664,216,"3-Feb",2006,"Mammalia","Panthera uncia","Snow Leopard",1988-02-03,2006-02-03,0
20967,132,"4-Feb",2000,"Reptilia","Bitis nasicornis",NA,1989-02-04,2000-02-04,-1
57698,72,"18-Apr",2002,"Mammalia","Dasyprocta punctata","Red-rumped Agouti",1996-04-18,2002-04-18,-1
52714,48,"19-May",2003,"Mammalia","Ovis aries","Sheep",1999-05-19,2003-05-19,-1
19094,276,"11-Aug",2010,"Aves","Phoenicopterus chilensis","Chilean flamingo",1987-08-11,2010-08-11,-1
71443,24,"4-Sep",2009,"Mammalia","Rattus norvegicus","Typical Rat",2007-09-04,2009-09-04,1
55320,84,"9-Jul",2003,"Mammalia","Procavia capensis","Rock Hyrax",1996-07-09,2003-07-09,-1
63297,216,"22-Dec",2008,"Mammalia","Panthera tigris","White Bengal Tiger",1990-12-22,2008-12-22,-1
91136,204,"8-Oct",2014,"Reptilia","Heloderma suspectum","Gila Monster",1997-10-08,2014-10-08,1
38017,11,"1-May",2000,"Mammalia","Suricata suricatta","Slender Tail Meerkat",1999-06-01,2000-05-01,-1
55622,24,"19-Dec",2001,"Mammalia","Hydrochoerus hydrochaeris","Capybara",1999-12-19,2001-12-19,-1
56983,108,"20-Mar",2007,"Mammalia","Leontopithecus chrysomelas","Golden-headed Tamarin",1998-03-20,2007-03-20,-1
91124,228,"28-Dec",2010,"Reptilia","Crotalus horridus","Timber rattlesnake",1991-12-28,2010-12-28,-1
92857,36,"21-Nov",2014,"Reptilia","Heloderma suspectum","Gila Monster",2011-11-21,2014-11-21,-1
36342,36,"25-Feb",2013,"Aves","Meleagris gallopavo","Domestic Lavender Turkey",2010-02-25,2013-02-25,-1
93511,240,"13-Mar",2014,"Reptilia","Morelia viridis","Green Tree Python",1994-03-13,2014-03-13,-1
106041,84,"16-Sep",2016,"Reptilia","Lampropeltis triangulum",NA,2009-09-16,2016-09-16,1
55541,120,"12-Oct",2010,"Mammalia","Litocranius walleri","Southern Gerenuk",2000-10-12,2010-10-12,-1
60260,60,"2-Apr",2002,"Mammalia","Capra nubiana","Nubian Ibex",1997-04-02,2002-04-02,-1
77962,30,"30-Jan",2012,"Reptilia","Furcifer pardalis","Reunion chameleon",2009-07-30,2012-01-30,1
75243,48,"13-May",2003,"Mammalia","Mandrillus sphinx","Mandrill",1999-05-13,2003-05-13,-1
97081,96,"23-Mar",2015,"Mammalia","Eidolon helvum",NA,2007-03-23,2015-03-23,-1
7436,14,"24-Jun",1999,"Mammalia","Lama glama","Llama",1998-04-24,1999-06-24,-1
30327,132,"27-Oct",2006,"Aves","Dendrocygna autumnalis","Black-bellied Whistling duck",1995-10-27,2006-10-27,0
106364,240,"2-Feb",2016,"Reptilia","Corallus caninus","Emerald Tree boa",1996-02-02,2016-02-02,1
101695,78,"7-Apr",2015,"Mammalia","Mustela nigripes","Black Footed Ferret",2008-10-07,2015-04-07,0
85517,72,"14-Jul",2008,"Reptilia","Bitis nasicornis",NA,2002-07-14,2008-07-14,-1
96716,132,"25-Feb",2015,"Aves","Trichoglossus moluccanus","Rainbow lorikeet",2004-02-25,2015-02-25,-1
63970,72,"9-May",2012,"Mammalia","Mustela nigripes","Black Footed Ferret",2006-05-09,2012-05-09,-1
55317,60,"20-Oct",2009,"Mammalia","Suricata suricatta","Slender Tail Meerkat",2004-10-20,2009-10-20,-1
29737,12,"7-Oct",2003,"Aves","Eos bornea","Red lory",2002-10-07,2003-10-07,-1
18891,252,"31-Aug",2012,"Aves","Leucopsar rothschildi","Bali mynah",1991-08-31,2012-08-31,-1
73905,228,"13-Nov",2006,"Mammalia","Ailurus fulgens","Red Panda",1987-11-13,2006-11-13,0
72221,60,"15-Apr",2002,"Mammalia","Osphranter robustus","Wallaroo",1997-04-15,2002-04-15,-1
36693,192,"6-Aug",2013,"Aves","Dendrocygna autumnalis","Black-bellied Whistling duck",1997-08-06,2013-08-06,-1
84200,120,"27-Jun",2012,"Reptilia","Eublepharis macularius","Leopard Gecko",2002-06-27,2012-06-27,-1
76709,60,"4-Sep",2009,"Mammalia","Oryctolagus cuniculus","Domestic Rabbit",2004-09-04,2009-09-04,-1
28130,132,"17-Mar",2011,"Aves","Dendrocygna autumnalis","Black-bellied Whistling duck",2000-03-17,2011-03-17,-1
55638,72,"25-Feb",2005,"Mammalia","Artibeus jamaicensis","Jamaican Fruit bat",1999-02-25,2005-02-25,-1
93082,48,"9-Dec",2014,"Mammalia","Didelphis marsupialis","Oppossum",2010-12-09,2014-12-09,1
34280,78,"1-Dec",2010,"Aves","Melopsittacus undulatus","Budgerigar",2004-06-01,2010-12-01,0
78576,24,"11-Apr",2008,"Mammalia","Rattus norvegicus","Typical Rat",2006-04-11,2008-04-11,-1
20256,48,"14-Jul",2008,"Aves","Megascops asio",NA,2004-07-14,2008-07-14,-1
54895,120,"8-Jan",2001,"Mammalia","Suricata suricatta","Slender Tail Meerkat",1991-01-08,2001-01-08,-1
78014,342,"12-Dec",2011,"Mammalia","Varecia variegata","Red/black Ruffed Lemur",1983-06-12,2011-12-12,1
105445,96,"23-Jul",2015,"Mammalia","Ovis aries","Sheep",2007-07-23,2015-07-23,0
25718,72,"13-Dec",2011,"Aves","Neophema splendida",NA,2005-12-13,2011-12-13,-1
63849,60,"25-Feb",2009,"Mammalia","Oryctolagus cuniculus","Domestic Rabbit",2004-02-25,2009-02-25,-1
99151,204,"15-Sep",2015,"Aves","Phoenicopterus ruber","American flamingo",1998-09-15,2015-09-15,-1
28200,36,"3-Jun",2010,"Aves","Gallus gallus","Domestic chicken",2007-06-03,2010-06-03,-1
103013,96,"10-Jun",2016,"Reptilia","Eublepharis macularius","Leopard Gecko",2008-06-10,2016-06-10,-1
42687,72,"8-Aug",2007,"Aves","Gallus gallus","Domestic chicken",2001-08-08,2007-08-08,-1
17098,24,"14-Feb",2001,"Amphibia","Phyllomedusa bicolor","Giant Waxy Tree Frog",1999-02-14,2001-02-14,-1
52498,72,"21-Apr",2003,"Mammalia","Osphranter rufus","Red Kangaroo",1997-04-21,2003-04-21,-1
61740,156,"8-Sep",2008,"Mammalia","Pteropus rodricensis","Rodrigues Fruit Bat",1995-09-08,2008-09-08,-1
62848,168,"3-Dec",2014,"Mammalia","Acinonyx jubatus","Cheetah",2000-12-03,2014-12-03,-1
95187,156,"28-Nov",2005,"Reptilia","Morelia viridis","Green Tree Python",1992-11-28,2005-11-28,-1
73765,24,"23-Feb",2011,"Mammalia","Rattus norvegicus","Typical Rat",2009-02-23,2011-02-23,0
101659,210,"22-Mar",2016,"Aves","Trichoglossus moluccanus","Rainbow lorikeet",1998-09-22,2016-03-22,0
63934,372,"22-Sep",2014,"Mammalia","Mandrillus sphinx","Mandrill",1983-09-22,2014-09-22,-1
63116,204,"14-Jul",2008,"Mammalia","Lemur catta","Ring-tailed Lemur",1991-07-14,2008-07-14,-1
55088,36,"14-Aug",2012,"Mammalia","Didelphis marsupialis","Oppossum",2009-08-14,2012-08-14,-1
75867,12,"30-Apr",2010,"Mammalia","Osphranter rufus","Red Kangaroo",2009-04-30,2010-04-30,-1
65133,180,"15-Oct",2013,"Mammalia","Artibeus jamaicensis","Jamaican Fruit bat",1998-10-15,2013-10-15,-1
72173,120,"18-Dec",2009,"Mammalia","Lycaon pictus","Cape Hunting Dog",1999-12-18,2009-12-18,1
87633,126,"11-Sep",2006,"Reptilia","Erpeton tentaculatum","Tentacled snake",1996-03-11,2006-09-11,-1
86392,60,"21-Jan",2014,"Reptilia","Bitis nasicornis",NA,2009-01-21,2014-01-21,1
103485,72,"2-Aug",2016,"Mammalia","Dasyprocta punctata","Red-rumped Agouti",2010-08-02,2016-08-02,-1
102578,132,"8-Jun",2016,"Aves","Nymphicus hollandicus","Cockatiel",2005-06-08,2016-06-08,-1
20845,144,"21-Jun",2007,"Aves","Platalea ajaja",NA,1995-06-21,2007-06-21,-1
84422,240,"13-Jul",2001,"Reptilia","Boa constrictor","Boa Constrictor",1981-07-13,2001-07-13,-1
97537,132,"12-May",2015,"Aves","Nymphicus hollandicus","Cockatiel",2004-05-12,2015-05-12,1
100083,360,"20-Nov",2015,"Aves","Phoenicopterus ruber","American flamingo",1985-11-20,2015-11-20,1
55494,216,"3-Dec",2007,"Mammalia","Saimiri sciureus","Common Squirrel Monkey",1989-12-03,2007-12-03,0
58590,36,"27-Feb",2002,"Mammalia","Heterocephalus glaber","Naked Mole Rat",1999-02-27,2002-02-27,-1
73284,132,"6-Aug",2012,"Mammalia","Macropus eugenii",NA,2001-08-06,2012-08-06,1
92154,84,"28-Oct",2014,"Mammalia","Carollia perspicillata","Seba Short-tailed Bat",2007-10-28,2014-10-28,1
162104,25.76,"24-Mar",2010,"Mammalia","Rattus norvegicus","Typical Rat",2008-01-24,2010-03-24,0
50383,72,"4-Nov",2010,"Aves","Melopsittacus undulatus","Budgerigar",2004-11-04,2010-11-04,1
64645,36,"18-Dec",2014,"Mammalia","Heterocephalus glaber","Naked Mole Rat",2011-12-18,2014-12-18,0
32841,42,"25-Nov",2003,"Aves","Gallus gallus","Domestic chicken",2000-05-25,2003-11-25,-1
71923,120,"10-Aug",2011,"Mammalia","Capra hircus","San Clemente Goat",2001-08-10,2011-08-10,1
101502,12,"16-Mar",2016,"Mammalia","Rattus norvegicus","Typical Rat",2015-03-16,2016-03-16,-1
21048,36,"17-Oct",2008,"Mammalia","Pusa hispida",NA,2005-10-17,2008-10-17,-1
73289,84,"4-Nov",2013,"Mammalia","Lycaon pictus","Cape Hunting Dog",2006-11-04,2013-11-04,1
75403,12,"12-Jul",2010,"Mammalia","Rattus norvegicus","Typical Rat",2009-07-12,2010-07-12,-1
65642,6,"27-Dec",2011,"Mammalia","Ailurus fulgens","Red Panda",2011-06-27,2011-12-27,-1
21590,216,"8-Feb",2002,"Aves","Platalea ajaja",NA,1984-02-08,2002-02-08,0
103560,1,"18-Jul",2016,"Mammalia","Sylvilagus transitionalis",NA,2016-06-18,2016-07-18,-1
45617,150,"22-Dec",2014,"Aves","Leucopsar rothschildi","Bali mynah",2002-06-22,2014-12-22,0
65347,204,"10-Nov",2014,"Mammalia","Leontopithecus chrysomelas","Golden-headed Tamarin",1997-11-10,2014-11-10,0
78378,264,"23-Nov",2007,"Mammalia","Lemur catta","Ring-tailed Lemur",1985-11-23,2007-11-23,0
90890,10,"18-Apr",2013,"Reptilia","Morelia viridis","Green Tree Python",2012-06-18,2013-04-18,-1
92505,96,"23-May",2013,"Reptilia","Crotalus horridus","Timber rattlesnake",2005-05-23,2013-05-23,-1
71182,24,"20-Sep",2004,"Mammalia","Rattus norvegicus","Typical Rat",2002-09-20,2004-09-20,-1
54533,144,"10-Sep",2012,"Mammalia","Oryctolagus cuniculus","Domestic Rabbit",2000-09-10,2012-09-10,-1
59194,150,"4-Apr",2012,"Mammalia","Carollia perspicillata","Seba Short-tailed Bat",1999-10-04,2012-04-04,0
64720,72,"7-Feb",2007,"Mammalia","Ovis aries","Sheep",2001-02-07,2007-02-07,1
43604,156,"21-Dec",2009,"Aves","Spheniscus humboldti","Humboldt Penguin",1996-12-21,2009-12-21,-1
95497,204,"3-Feb",2012,"Reptilia","Lampropeltis triangulum",NA,1995-02-03,2012-02-03,0
68281,204,"5-Aug",2011,"Mammalia","Leontopithecus chrysomelas","Golden-headed Tamarin",1994-08-05,2011-08-05,1
62648,132,"6-Oct",2014,"Mammalia","Capra hircus","San Clemente Goat",2003-10-06,2014-10-06,-1
106289,72,"15-Jun",2016,"Mammalia","Capra hircus","San Clemente Goat",2010-06-15,2016-06-15,1
102848,216,"15-Jun",2016,"Mammalia","Pteropus rodricensis","Rodrigues Fruit Bat",1998-06-15,2016-06-15,-1
100698,132,"3-Feb",2016,"Mammalia","Litocranius walleri","Southern Gerenuk",2005-02-03,2016-02-03,-1
103449,258,"2-Aug",2016,"Mammalia","Mandrillus sphinx","Mandrill",1995-02-02,2016-08-02,-1
103966,276,"24-Jul",2015,"Mammalia","Lemur catta","Ring-tailed Lemur",1992-07-24,2015-07-24,1
72554,18,"18-May",2005,"Mammalia","Rattus norvegicus","Typical Rat",2003-11-18,2005-05-18,-1
86669,72,"21-Nov",2000,"Mammalia","Canis lupus","Gray Wolf",1994-11-21,2000-11-21,-1
64785,60,"5-Feb",2007,"Mammalia","Procavia capensis","Rock Hyrax",2002-02-05,2007-02-05,-1
19050,132,"30-Jun",2010,"Aves","Dendrocygna autumnalis","Black-bellied Whistling duck",1999-06-30,2010-06-30,-1
55543,156,"8-Apr",2010,"Mammalia","Cebuella pygmaea","Pygmy Marmoset",1997-04-08,2010-04-08,-1
29208,396,"24-May",2013,"Aves","Phoenicopterus chilensis","Chilean flamingo",1980-05-24,2013-05-24,-1
75054,11,"28-Apr",2004,"Mammalia","Dasyprocta punctata","Red-rumped Agouti",2003-05-28,2004-04-28,-1
12149,240,"19-Jul",1999,"Aves","Phoenicopterus ruber","American flamingo",1979-07-19,1999-07-19,-1
55459,48,"27-Sep",2007,"Mammalia","Mustela nigripes","Black Footed Ferret",2003-09-27,2007-09-27,0
17585,144,"3-Oct",2002,"Aves","Megascops asio",NA,1990-10-03,2002-10-03,-1
84959,24,"6-May",2008,"Reptilia","Sceloporus cyanogenys","Blue spiny lizard",2006-05-06,2008-05-06,-1
86808,60,"15-Apr",2013,"Reptilia","Gopherus agassizii",NA,2008-04-15,2013-04-15,-1
102926,24,"10-Jun",2016,"Mammalia","Macropus eugenii",NA,2014-06-10,2016-06-10,-1
24374,300,"10-Nov",2003,"Aves","Eudocimus ruber","Scarlet Ibis",1978-11-10,2003-11-10,-1
74470,168,"26-Sep",2001,"Mammalia","Tragelaphus strepsiceros","Kudu",1987-09-26,2001-09-26,-1
62769,42,"9-May",2011,"Mammalia","Didelphis marsupialis","Oppossum",2007-11-09,2011-05-09,-1
79441,120,"3-Dec",2013,"Mammalia","Oryctolagus cuniculus","Domestic Rabbit",2003-12-03,2013-12-03,-1
56213,72,"4-Jun",2003,"Mammalia","Procavia capensis","Rock Hyrax",1997-06-04,2003-06-04,-1
35952,96,"10-Oct",2014,"Aves","Trichoglossus haematodus","Coconut lorikeet",2006-10-10,2014-10-10,-1
54881,204,"26-Mar",2007,"Mammalia","Panthera uncia","Snow Leopard",1990-03-26,2007-03-26,-1
18409,72,"7-Dec",2012,"Aves","Trichoglossus haematodus","Coconut lorikeet",2006-12-07,2012-12-07,-1
65800,12,"17-Sep",2002,"Mammalia","Cebuella pygmaea","Pygmy Marmoset",2001-09-17,2002-09-17,-1
77213,6,"8-Jan",2014,"Mammalia","Acinonyx jubatus","Cheetah",2013-07-08,2014-01-08,-1
36200,60,"23-Apr",2000,"Aves","Dendrocygna autumnalis","Black-bellied Whistling duck",1995-04-23,2000-04-23,-1
74593,108,"23-Aug",2011,"Mammalia","Saimiri sciureus","Common Squirrel Monkey",2002-08-23,2011-08-23,-1
95609,48,"3-Feb",2009,"Aves","Eos bornea","Red lory",2005-02-03,2009-02-03,-1
58521,24,"17-Feb",2004,"Mammalia","Saimiri sciureus","Common Squirrel Monkey",2002-02-17,2004-02-17,-1
106140,240,"17-May",2016,"Aves","Spheniscus humboldti","Humboldt Penguin",1996-05-17,2016-05-17,1
58392,120,"24-Sep",2013,"Mammalia","Oryctolagus cuniculus","Domestic Rabbit",2003-09-24,2013-09-24,-1
100106,192,"10-Feb",2014,"Reptilia","Heloderma suspectum","Gila Monster",1998-02-10,2014-02-10,1
12822,72,"14-Sep",1999,"Mammalia","Atelerix albiventris","Four-toed Hedgehog",1993-09-14,1999-09-14,0
81933,180,"12-Jun",2014,"Reptilia","Lampropeltis getula",NA,1999-06-12,2014-06-12,-1
105327,144,"9-Mar",2015,"Mammalia","Panthera tigris","White Bengal Tiger",2003-03-09,2015-03-09,1
102374,24,"19-May",2016,"Reptilia","Furcifer pardalis","Reunion chameleon",2014-05-19,2016-05-19,-1
62431,6,"5-Nov",2002,"Mammalia","Suricata suricatta","Slender Tail Meerkat",2002-05-05,2002-11-05,-1
62556,156,"6-Mar",2014,"Mammalia","Oryctolagus cuniculus","Domestic Rabbit",2001-03-06,2014-03-06,1
54959,84,"22-Jan",2007,"Mammalia","Suricata suricatta","Slender Tail Meerkat",2000-01-22,2007-01-22,-1
95213,300,"12-Sep",2014,"Reptilia","Boa constrictor","Boa Constrictor",1989-09-12,2014-09-12,-1
61199,60,"2-Jul",2001,"Mammalia","Notamacropus rufogriseus","Red Wallaby",1996-07-02,2001-07-02,-1
98332,480,"23-Jul",2015,"Mammalia","Gorilla gorilla","Gorilla",1975-07-23,2015-07-23,-1
57415,48,"4-Aug",2003,"Mammalia","Macropus eugenii",NA,1999-08-04,2003-08-04,-1
98868,12,"22-Jul",2002,"Mammalia","Panthera uncia","Snow Leopard",2001-07-22,2002-07-22,0
76963,108,"13-Feb",2004,"Mammalia","Artibeus jamaicensis","Jamaican Fruit bat",1995-02-13,2004-02-13,-1
55690,96,"18-May",2011,"Mammalia","Lontra canadensis","North Americal River Otter",2003-05-18,2011-05-18,0
63614,168,"19-Dec",2006,"Mammalia","Nanger dama","Addras Gazelle",1992-12-19,2006-12-19,-1
56820,72,"12-Dec",2012,"Mammalia","Litocranius walleri","Southern Gerenuk",2006-12-12,2012-12-12,-1
19402,144,"30-Oct",2009,"Aves","Eudocimus ruber","Scarlet Ibis",1997-10-30,2009-10-30,-1
63991,72,"6-Jan",2014,"Mammalia","Mustela nigripes","Black Footed Ferret",2008-01-06,2014-01-06,-1
60750,4,"17-Jan",2011,"Mammalia","Mus musculus","Common Mouse",2010-09-17,2011-01-17,-1
26119,12,"23-Jan",2002,"Aves","Eos bornea","Red lory",2001-01-23,2002-01-23,-1
75302,144,"26-Aug",2010,"Mammalia","Giraffa camelopardalis","Baringo Giraffe",1998-08-26,2010-08-26,-1
73785,120,"20-Nov",2006,"Mammalia","Rousettus aegyptiacus","Egyptian fruit bat",1996-11-20,2006-11-20,1
24769,120,"13-Jun",2004,"Aves","Leucopsar rothschildi","Bali mynah",1994-06-13,2004-06-13,-1
64534,204,"24-May",2006,"Mammalia","Pteropus rodricensis","Rodrigues Fruit Bat",1989-05-24,2006-05-24,-1
64237,12,"16-Dec",2013,"Mammalia","Rattus norvegicus","Typical Rat",2012-12-16,2013-12-16,-1
75828,60,"7-Jul",2004,"Mammalia","Osphranter rufus","Red Kangaroo",1999-07-07,2004-07-07,-1
42788,10,"4-Aug",2008,"Aves","Trichoglossus haematodus","Coconut lorikeet",2007-10-04,2008-08-04,-1
65327,9,"17-Sep",2002,"Mammalia","Cebuella pygmaea","Pygmy Marmoset",2001-12-17,2002-09-17,-1
96058,132,"29-Jan",2015,"Mammalia","Panthera uncia","Snow Leopard",2004-01-29,2015-01-29,-1
53360,12,"29-Sep",2011,"Mammalia","Procavia capensis","Rock Hyrax",2010-09-29,2011-09-29,-1
89029,216,"26-Apr",2011,"Reptilia","Pantherophis guttatus","Corn snake",1993-04-26,2011-04-26,1
74326,96,"27-Jan",2014,"Mammalia","Lemur catta","Ring-tailed Lemur",2006-01-27,2014-01-27,-1
63225,276,"23-Aug",2001,"Mammalia","Ursus maritimus","Polar Bear",1978-08-23,2001-08-23,-1
58796,96,"31-Oct",2014,"Mammalia","Osphranter rufus","Red Kangaroo",2006-10-31,2014-10-31,0
100329,294,"7-Dec",2015,"Aves","Phoenicopterus ruber","American flamingo",1991-06-07,2015-12-07,-1
60001,120,"28-Jun",2002,"Mammalia","Lontra canadensis","North Americal River Otter",1992-06-28,2002-06-28,0
19782,84,"16-Mar",2007,"Aves","Gallus gallus","Domestic chicken",2000-03-16,2007-03-16,-1
22438,42,"8-Jan",2014,"Aves","Dendrocygna autumnalis","Black-bellied Whistling duck",2010-07-08,2014-01-08,-1
54478,360,"8-Feb",2002,"Mammalia","Saimiri sciureus","Common Squirrel Monkey",1972-02-08,2002-02-08,-1
78400,102,"27-Jun",2014,"Mammalia","Procavia capensis","Rock Hyrax",2005-12-27,2014-06-27,1
62721,276,"1-Nov",2007,"Mammalia","Panthera leo","Masai Lion",1984-11-01,2007-11-01,0
162119,25.36,"24-Apr",2013,"Mammalia","Rattus norvegicus","Typical Rat",2011-03-24,2013-04-24,0
101985,156,"21-Apr",2016,"Reptilia","Eublepharis macularius","Leopard Gecko",2003-04-21,2016-04-21,-1
58020,156,"4-Jun",2010,"Mammalia","Phacochoerus africanus","Warthog",1997-06-04,2010-06-04,0
15006,312,"29-Apr",1999,"Mammalia","Zalophus californianus","California Sealion",1973-04-29,1999-04-29,1
79829,120,"27-Sep",2012,"Mammalia","Lycaon pictus","Cape Hunting Dog",2002-09-27,2012-09-27,0
5601,108,"7-Jul",1998,"Reptilia","Morelia viridis","Green Tree Python",1989-07-07,1998-07-07,-1
106497,240,"14-Oct",2014,"Mammalia","Panthera leo","Masai Lion",1994-10-14,2014-10-14,1
54645,162,"16-Aug",2012,"Mammalia","Suricata suricatta","Slender Tail Meerkat",1999-02-16,2012-08-16,-1
26143,108,"24-Jun",2002,"Aves","Nymphicus hollandicus","Cockatiel",1993-06-24,2002-06-24,-1
60406,60,"12-Mar",2001,"Mammalia","Procavia capensis","Rock Hyrax",1996-03-12,2001-03-12,-1
95266,9,"2-Apr",2013,"Reptilia","Morelia viridis","Green Tree Python",2012-07-02,2013-04-02,-1
33628,54,"31-Dec",2008,"Aves","Melopsittacus undulatus","Budgerigar",2004-06-30,2008-12-31,-1
29653,96,"28-Jan",2003,"Aves","Dendrocygna autumnalis","Black-bellied Whistling duck",1995-01-28,2003-01-28,-1
91967,108,"9-Jul",2009,"Reptilia","Crotalus lepidus",NA,2000-07-09,2009-07-09,-1
104908,30,"3-Oct",2016,"Mammalia","Cynomys ludovicianus","Gunnison Prairie Dog",2014-04-03,2016-10-03,0
162142,27.63,"6-Sep",2007,"Mammalia","Rattus norvegicus","Typical Rat",2005-05-06,2007-09-06,0
162102,158.5,"25-Mar",2010,"Mammalia","Gorilla gorilla","Gorilla",1997-01-25,2010-03-25,0
104266,4,"26-Sep",2016,"Mammalia","Varecia variegata","Red/black Ruffed Lemur",2016-05-26,2016-09-26,-1
72229,84,"29-Sep",2000,"Mammalia","Panthera leo","Masai Lion",1993-09-29,2000-09-29,-1
28831,48,"16-Jun",2003,"Aves","Trichoglossus haematodus","Coconut lorikeet",1999-06-16,2003-06-16,1
52587,60,"15-Jun",2000,"Mammalia","Capra hircus","San Clemente Goat",1995-06-15,2000-06-15,1
5724,12,"17-Jun",1998,"Mammalia","Pusa hispida",NA,1997-06-17,1998-06-17,-1
22346,60,"10-May",2012,"Aves","Oxyura jamaicensis",NA,2007-05-10,2012-05-10,-1
63873,216,"28-Oct",2009,"Mammalia","Ovis aries","Sheep",1991-10-28,2009-10-28,-1
103277,144,"7-Jul",2016,"Reptilia","Lampropeltis triangulum",NA,2004-07-07,2016-07-07,1
55143,132,"26-May",2010,"Mammalia","Hydrochoerus hydrochaeris","Capybara",1999-05-26,2010-05-26,-1
21437,120,"16-Feb",2006,"Aves","Dendrocygna autumnalis","Black-bellied Whistling duck",1996-02-16,2006-02-16,0
101817,156,"29-Mar",2016,"Aves","Dendrocygna autumnalis","Black-bellied Whistling duck",2003-03-29,2016-03-29,-1
44212,30,"13-Jul",2012,"Aves","Neophema splendida",NA,2010-01-13,2012-07-13,1
68351,84,"5-Dec",2008,"Mammalia","Mustela nigripes","Black Footed Ferret",2001-12-05,2008-12-05,1
73802,72,"1-Jul",2013,"Mammalia","Saimiri sciureus","Common Squirrel Monkey",2007-07-01,2013-07-01,-1
5551,96,"3-Jul",1998,"Mammalia","Colobus guereza","Colobus Monkey",1990-07-03,1998-07-03,-1
56883,264,"23-Apr",2013,"Mammalia","Giraffa camelopardalis","Baringo Giraffe",1991-04-23,2013-04-23,-1
48011,60,"31-Dec",2008,"Aves","Gallus gallus","Domestic chicken",2003-12-31,2008-12-31,1
54950,144,"11-Mar",2010,"Mammalia","Oryctolagus cuniculus","Domestic Rabbit",1998-03-11,2010-03-11,-1
29937,18,"13-Mar",2002,"Aves","Eos bornea","Red lory",2000-09-13,2002-03-13,-1
105938,300,"1-Jul",2016,"Mammalia","Saimiri sciureus","Common Squirrel Monkey",1991-07-01,2016-07-01,0
87554,240,"19-Jan",2009,"Reptilia","Gopherus agassizii",NA,1989-01-19,2009-01-19,-1
64525,84,"18-Sep",2006,"Mammalia","Rousettus aegyptiacus","Egyptian fruit bat",1999-09-18,2006-09-18,-1
56049,156,"27-Apr",2010,"Mammalia","Osphranter robustus","Wallaroo",1997-04-27,2010-04-27,-1
64074,192,"22-Nov",2005,"Mammalia","Panthera tigris","White Bengal Tiger",1989-11-22,2005-11-22,1
62989,96,"29-Mar",2013,"Mammalia","Saguinus oedipus","Tamarin Monkey",2005-03-29,2013-03-29,-1
42251,132,"8-Jul",2008,"Aves","Spheniscus humboldti","Humboldt Penguin",1997-07-08,2008-07-08,-1
98847,42,"5-Apr",2016,"Mammalia","Notamacropus rufogriseus","Red Wallaby",2012-10-05,2016-04-05,-1
84465,204,"20-Mar",2007,"Reptilia","Crotalus horridus","Timber rattlesnake",1990-03-20,2007-03-20,-1
99258,60,"16-Sep",2015,"Aves","Trichoglossus haematodus","Coconut lorikeet",2010-09-16,2015-09-16,0
13239,36,"16-Feb",2007,"Amphibia","Pipa pipa","Surinam toad",2004-02-16,2007-02-16,-1
102339,156,"5-May",2016,"Mammalia","Saimiri sciureus","Common Squirrel Monkey",2003-05-05,2016-05-05,-1
97959,192,"16-Jun",2015,"Mammalia","Eidolon helvum",NA,1999-06-16,2015-06-16,-1
20989,10,"24-Oct",2005,"Aves","Eos bornea","Red lory",2004-12-24,2005-10-24,-1
67448,26,"17-Jul",2001,"Mammalia","Rattus norvegicus","Typical Rat",1999-05-17,2001-07-17,1
75845,12,"8-Nov",2012,"Mammalia","Giraffa camelopardalis","Baringo Giraffe",2011-11-08,2012-11-08,-1
13830,96,"11-Jun",2009,"Amphibia","Pipa pipa","Surinam toad",2001-06-11,2009-06-11,-1
43580,480,"21-Apr",2006,"Aves","Phoenicopterus chilensis","Chilean flamingo",1966-04-21,2006-04-21,-1
70802,60,"14-Oct",2008,"Mammalia","Mustela putorius","Ferret",2003-10-14,2008-10-14,1
33855,60,"15-Jun",2010,"Aves","Gallus gallus","Domestic chicken",2005-06-15,2010-06-15,1
71666,192,"19-Jun",2006,"Mammalia","Mandrillus sphinx","Mandrill",1990-06-19,2006-06-19,-1
96215,168,"21-Jan",2015,"Mammalia","Macropus eugenii",NA,2001-01-21,2015-01-21,-1
54396,120,"18-May",2007,"Mammalia","Rousettus lanosus",NA,1997-05-18,2007-05-18,-1
91005,156,"15-Mar",2002,"Reptilia","Crotalus lepidus",NA,1989-03-15,2002-03-15,-1
56190,18,"16-Jul",2007,"Mammalia","Osphranter rufus","Red Kangaroo",2006-01-16,2007-07-16,-1
39037,18,"17-Jan",2003,"Aves","Gallus gallus","Domestic chicken",2001-07-17,2003-01-17,-1
23289,168,"11-Feb",2011,"Aves","Eudocimus ruber","Scarlet Ibis",1997-02-11,2011-02-11,-1
63067,60,"3-Dec",2008,"Mammalia","Atelerix albiventris","Four-toed Hedgehog",2003-12-03,2008-12-03,-1
78193,0.67,"5-Sep",2013,"Mammalia","Sylvilagus transitionalis",NA,2013-08-05,2013-09-05,-1
86270,102,"16-Dec",2011,"Reptilia","Pantherophis guttatus","Corn snake",2003-06-16,2011-12-16,-1
55841,132,"31-Dec",2009,"Mammalia","Carollia perspicillata","Seba Short-tailed Bat",1998-12-31,2009-12-31,0
28629,84,"26-Mar",2000,"Mammalia","Procavia capensis","Rock Hyrax",1993-03-26,2000-03-26,-1
100510,108,"5-Jan",2016,"Mammalia","Chinchilla brevicaudata","Chinchilla",2007-01-05,2016-01-05,-1
73547,144,"7-Jul",2014,"Mammalia","Eudorcas thomsonii","Thompsons Gazelle",2002-07-07,2014-07-07,1
39644,216,"3-Nov",2008,"Aves","Phoenicopterus ruber","American flamingo",1990-11-03,2008-11-03,-1
27809,96,"8-Mar",2012,"Mammalia","Pusa hispida",NA,2004-03-08,2012-03-08,-1
102341,48,"26-Apr",2016,"Mammalia","Rattus norvegicus","Typical Rat",2012-04-26,2016-04-26,-1
30030,36,"11-Jul",2012,"Aves","Eudocimus ruber","Scarlet Ibis",2009-07-11,2012-07-11,-1
162121,219.2,"11-Mar",2016,"Mammalia","Lemur catta","Ring-tailed Lemur",1997-12-11,2016-03-11,1
104627,24,"22-Sep",2016,"Mammalia","Rattus norvegicus","Typical Rat",2014-09-22,2016-09-22,1
4371,216,"19-Oct",1996,"Mammalia","Varecia variegata","Red/black Ruffed Lemur",1978-10-19,1996-10-19,0
26890,81,"20-Mar",2000,"Mammalia","Capra nubiana","Nubian Ibex",1993-06-20,2000-03-20,-1
34715,9,"14-May",2012,"Aves","Trichoglossus haematodus","Coconut lorikeet",2011-08-14,2012-05-14,-1
106427,60,"18-Feb",2016,"Aves","Gallus gallus","Domestic chicken",2011-02-18,2016-02-18,1
42692,144,"19-Aug",2010,"Aves","Larosterna inca",NA,1998-08-19,2010-08-19,-1
24018,444,"17-Jul",2001,"Aves","Phoenicopterus ruber","American flamingo",1964-07-17,2001-07-17,-1
48577,60,"19-Jul",2013,"Aves","Gallus gallus","Domestic chicken",2008-07-19,2013-07-19,1
63329,180,"19-Mar",2006,"Mammalia","Suricata suricatta","Slender Tail Meerkat",1991-03-19,2006-03-19,0
71492,144,"25-Oct",2004,"Mammalia","Panthera tigris","White Bengal Tiger",1992-10-25,2004-10-25,1
54381,588,"30-Mar",2006,"Mammalia","Pan troglodytes","Chimpanzee",1957-03-30,2006-03-30,-1
63204,192,"10-Sep",2009,"Mammalia","Panthera leo","Masai Lion",1993-09-10,2009-09-10,-1
63983,84,"10-Mar",2011,"Mammalia","Mustela nigripes","Black Footed Ferret",2004-03-10,2011-03-10,-1
106191,60,"18-Mar",2016,"Mammalia","Mustela putorius","Ferret",2011-03-18,2016-03-18,0
56838,30,"11-Feb",2011,"Mammalia","Rattus norvegicus","Typical Rat",2008-08-11,2011-02-11,-1
55051,60,"8-Jul",2008,"Mammalia","Osphranter rufus","Red Kangaroo",2003-07-08,2008-07-08,-1
100047,2,"12-Nov",2015,"Mammalia","Sylvilagus transitionalis",NA,2015-09-12,2015-11-12,-1
74961,48,"14-Mar",2011,"Mammalia","Nanger dama","Addras Gazelle",2007-03-14,2011-03-14,-1
73251,24,"21-Oct",2014,"Mammalia","Rattus norvegicus","Typical Rat",2012-10-21,2014-10-21,1
98002,18,"9-Jun",2015,"Mammalia","Sylvilagus transitionalis",NA,2013-12-09,2015-06-09,-1
23085,48,"10-Sep",2014,"Aves","Trichoglossus haematodus","Coconut lorikeet",2010-09-10,2014-09-10,-1
53656,336,"14-Apr",2004,"Mammalia","Zalophus californianus","California Sealion",1976-04-14,2004-04-14,-1
100805,90,"8-Jan",2016,"Aves","Eudocimus ruber","Scarlet Ibis",2008-07-08,2016-01-08,-1
60448,264,"11-Aug",2003,"Mammalia","Colobus guereza","Colobus Monkey",1981-08-11,2003-08-11,-1
89913,72,"4-Dec",2000,"Mammalia","Osphranter rufus","Red Kangaroo",1994-12-04,2000-12-04,-1
102577,132,"8-Jun",2016,"Aves","Nymphicus hollandicus","Cockatiel",2005-06-08,2016-06-08,-1
106400,384,"29-Nov",2016,"Mammalia","Ursus maritimus","Polar Bear",1984-11-29,2016-11-29,1
100643,180,"9-Mar",2015,"Mammalia","Artibeus jamaicensis","Jamaican Fruit bat",2000-03-09,2015-03-09,0
79518,84,"14-Jun",2013,"Mammalia","Mustela nigripes","Black Footed Ferret",2006-06-14,2013-06-14,1
55389,132,"6-Jan",2009,"Mammalia","Nanger dama","Addras Gazelle",1998-01-06,2009-01-06,-1
72575,24,"19-Feb",2008,"Mammalia","Rattus norvegicus","Typical Rat",2006-02-19,2008-02-19,-1
56738,36,"17-May",2002,"Mammalia","Oryctolagus cuniculus","Domestic Rabbit",1999-05-17,2002-05-17,0
23837,132,"22-Feb",2000,"Reptilia","Bitis nasicornis",NA,1989-02-22,2000-02-22,-1
65991,144,"30-Mar",2006,"Mammalia","Capra hircus","San Clemente Goat",1994-03-30,2006-03-30,0
89366,36,"12-Jan",2010,"Reptilia","Corallus caninus","Emerald Tree boa",2007-01-12,2010-01-12,-1
27821,48,"10-Oct",2007,"Aves","Trichoglossus moluccanus","Rainbow lorikeet",2003-10-10,2007-10-10,-1
73176,228,"25-Jul",2014,"Mammalia","Panthera uncia","Snow Leopard",1995-07-25,2014-07-25,1
86171,54,"29-Nov",2012,"Reptilia","Furcifer pardalis","Reunion chameleon",2008-05-29,2012-11-29,-1
71027,18,"16-Oct",2006,"Mammalia","Rattus norvegicus","Typical Rat",2005-04-16,2006-10-16,0
41753,36,"1-Jul",2009,"Aves","Gallus gallus","Domestic chicken",2006-07-01,2009-07-01,1
162138,28.86,"3-Jan",2020,"Mammalia","Rattus norvegicus","Typical Rat",2017-08-03,2020-01-03,0
63539,12,"21-Dec",2009,"Mammalia","Capra hircus","San Clemente Goat",2008-12-21,2009-12-21,-1
43069,132,"22-May",2000,"Reptilia","Boa constrictor","Boa Constrictor",1989-05-22,2000-05-22,-1
57665,96,"1-Mar",2007,"Mammalia","Lontra canadensis","North Americal River Otter",1999-03-01,2007-03-01,-1
74170,264,"13-Aug",2014,"Mammalia","Addax nasomaculatus","Addax",1992-08-13,2014-08-13,-1
85259,264,"10-Sep",2012,"Reptilia","Crotalus lepidus",NA,1990-09-10,2012-09-10,-1
72611,156,"6-Jul",2007,"Mammalia","Gorilla gorilla","Gorilla",1994-07-06,2007-07-06,-1
58597,156,"14-Nov",2007,"Mammalia","Phacochoerus africanus","Warthog",1994-11-14,2007-11-14,1
58038,72,"15-Jan",2014,"Mammalia","Oryctolagus cuniculus","Domestic Rabbit",2008-01-15,2014-01-15,0
56387,72,"22-Jan",2002,"Mammalia","Capra hircus","San Clemente Goat",1996-01-22,2002-01-22,-1
15014,24,"24-Jan",2000,"Aves","Eudocimus ruber","Scarlet Ibis",1998-01-24,2000-01-24,-1
58156,144,"21-Nov",2013,"Mammalia","Eudorcas thomsonii","Thompsons Gazelle",2001-11-21,2013-11-21,-1
57939,12,"7-Jul",2014,"Mammalia","Didelphis marsupialis","Oppossum",2013-07-07,2014-07-07,-1
99547,252,"10-Sep",2015,"Aves","Phoenicopterus ruber","American flamingo",1994-09-10,2015-09-10,-1
162112,25.46,"5-Apr",2013,"Mammalia","Rattus norvegicus","Typical Rat",2011-03-05,2013-04-05,0
30349,48,"22-Mar",2004,"Aves","Neophema splendida",NA,2000-03-22,2004-03-22,-1
37532,96,"1-Aug",2013,"Aves","Gallus gallus","Domestic chicken",2005-08-01,2013-08-01,1
58187,132,"24-Apr",2012,"Mammalia","Oryctolagus cuniculus","Domestic Rabbit",2001-04-24,2012-04-24,-1
58215,96,"14-Aug",2014,"Mammalia","Capra hircus","San Clemente Goat",2006-08-14,2014-08-14,-1
28367,84,"14-Jan",2011,"Aves","Meleagris gallopavo","Domestic Lavender Turkey",2004-01-14,2011-01-14,-1
22797,24,"25-Jul",2014,"Aves","Trichoglossus haematodus","Coconut lorikeet",2012-07-25,2014-07-25,-1
63217,156,"29-Sep",2003,"Mammalia","Panthera tigris","White Bengal Tiger",1990-09-29,2003-09-29,1
79232,8,"27-Oct",2008,"Mammalia","Panthera leo","Masai Lion",2008-02-27,2008-10-27,-1
74693,348,"12-Apr",2011,"Mammalia","Gorilla gorilla","Gorilla",1982-04-12,2011-04-12,-1
24857,12,"16-Mar",2009,"Aves","Neophema splendida",NA,2008-03-16,2009-03-16,-1
19931,48,"2-Mar",2005,"Aves","Gallus gallus","Domestic chicken",2001-03-02,2005-03-02,-1
57031,156,"30-Dec",2003,"Mammalia","Mandrillus sphinx","Mandrill",1990-12-30,2003-12-30,-1
18527,36,"27-Jul",2007,"Aves","Neophema splendida",NA,2004-07-27,2007-07-27,-1
98005,12,"10-Jun",2015,"Aves","Trichoglossus haematodus","Coconut lorikeet",2014-06-10,2015-06-10,-1
89623,144,"3-Oct",2003,"Reptilia","Lampropeltis getula",NA,1991-10-03,2003-10-03,1
83217,108,"9-Dec",2009,"Reptilia","Crotalus horridus","Timber rattlesnake",2000-12-09,2009-12-09,-1
21423,84,"9-Jun",1997,"Mammalia","Panthera pardus",NA,1990-06-09,1997-06-09,0
106408,264,"27-Oct",2015,"Reptilia","Lampropeltis getula",NA,1993-10-27,2015-10-27,1
75602,24,"30-Mar",2012,"Mammalia","Rattus norvegicus","Typical Rat",2010-03-30,2012-03-30,1
55696,204,"22-Feb",2007,"Mammalia","Panthera uncia","Snow Leopard",1990-02-22,2007-02-22,-1
99522,24,"28-Sep",2015,"Mammalia","Mustela nigripes","Black Footed Ferret",2013-09-28,2015-09-28,-1
64132,300,"11-Jun",2007,"Mammalia","Saimiri sciureus","Common Squirrel Monkey",1982-06-11,2007-06-11,0
18093,24,"30-Aug",2004,"Aves","Trichoglossus moluccanus","Rainbow lorikeet",2002-08-30,2004-08-30,-1
22374,180,"17-Jan",2014,"Aves","Trichoglossus moluccanus","Rainbow lorikeet",1999-01-17,2014-01-17,-1
65177,1.25,"19-Aug",2013,"Mammalia","Sylvilagus transitionalis",NA,2013-07-19,2013-08-19,-1
55789,216,"8-Jun",2006,"Mammalia","Ailurus fulgens","Red Panda",1988-06-08,2006-06-08,-1
162009,86.5,"8-Mar",2012,"Mammalia","Mustela putorius","Ferret",2005-01-08,2012-03-08,0
82875,366,"13-Aug",2013,"Mammalia","Lemur catta","Ring-tailed Lemur",1983-02-13,2013-08-13,1
98869,132,"19-Feb",2015,"Mammalia","Hydrochoerus hydrochaeris","Capybara",2004-02-19,2015-02-19,1
79936,90,"27-Jun",2012,"Mammalia","Litocranius walleri","Southern Gerenuk",2004-12-27,2012-06-27,-1
6992,96,"22-Mar",1999,"Reptilia","Morelia viridis","Green Tree Python",1991-03-22,1999-03-22,-1
56833,204,"20-Jan",2011,"Mammalia","Pteropus rodricensis","Rodrigues Fruit Bat",1994-01-20,2011-01-20,-1
66022,96,"6-Aug",2010,"Mammalia","Lemur catta","Ring-tailed Lemur",2002-08-06,2010-08-06,1
9566,150,"2-Jan",2000,"Mammalia","Panthera tigris","White Bengal Tiger",1987-07-02,2000-01-02,0
58263,132,"8-Feb",2011,"Mammalia","Eidolon helvum",NA,2000-02-08,2011-02-08,-1
63058,186,"4-Jun",2014,"Mammalia","Litocranius walleri","Southern Gerenuk",1998-12-04,2014-06-04,-1
105339,60,"13-Dec",2016,"Mammalia","Notamacropus rufogriseus","Red Wallaby",2011-12-13,2016-12-13,-1
28056,216,"3-Nov",1998,"Mammalia","Panthera uncia","Snow Leopard",1980-11-03,1998-11-03,1
72789,48,"2-Oct",2000,"Mammalia","Mustela nigripes","Black Footed Ferret",1996-10-02,2000-10-02,-1
60496,108,"17-Jul",2002,"Mammalia","Oryctolagus cuniculus","Domestic Rabbit",1993-07-17,2002-07-17,-1
80145,36,"30-Oct",2012,"Mammalia","Oryctolagus cuniculus","Domestic Rabbit",2009-10-30,2012-10-30,1
56006,60,"11-Jul",2003,"Mammalia","Varecia variegata","Red/black Ruffed Lemur",1998-07-11,2003-07-11,-1
75677,2,"18-Jul",2013,"Mammalia","Mustela nigripes","Black Footed Ferret",2013-05-18,2013-07-18,-1
162016,60.56,"1-Nov",2016,"Reptilia","Furcifer pardalis","Reunion chameleon",2011-10-01,2016-11-01,1
105873,108,"17-Oct",2016,"Mammalia","Lycaon pictus","Cape Hunting Dog",2007-10-17,2016-10-17,1
55820,420,"20-Dec",2002,"Mammalia","Pan troglodytes","Chimpanzee",1967-12-20,2002-12-20,0
55114,132,"7-Dec",2009,"Mammalia","Hydrochoerus hydrochaeris","Capybara",1998-12-07,2009-12-07,-1
53370,144,"27-Feb",2002,"Mammalia","Phacochoerus africanus","Warthog",1990-02-27,2002-02-27,-1
103244,192,"20-Jun",2016,"Mammalia","Heterocephalus glaber","Naked Mole Rat",2000-06-20,2016-06-20,-1
105394,228,"12-Aug",2015,"Mammalia","Lontra canadensis","North Americal River Otter",1996-08-12,2015-08-12,1
98912,204,"13-Jan",2015,"Mammalia","Panthera onca","Jaguar",1998-01-13,2015-01-13,1
78671,78,"6-Aug",2010,"Mammalia","Cynomys ludovicianus","Gunnison Prairie Dog",2004-02-06,2010-08-06,1
106441,684,"25-Feb",2016,"Mammalia","Pan troglodytes","Chimpanzee",1959-02-25,2016-02-25,0
100206,120,"23-Nov",2015,"Aves","Melopsittacus undulatus","Budgerigar",2005-11-23,2015-11-23,-1
18308,36,"26-Aug",2008,"Aves","Eudocimus ruber","Scarlet Ibis",2005-08-26,2008-08-26,-1
84964,132,"30-Nov",2009,"Reptilia","Bitis nasicornis",NA,1998-11-30,2009-11-30,-1
79466,5,"17-Nov",2011,"Mammalia","Ovis canadensis","Big Horn Sheep",2011-06-17,2011-11-17,-1
104226,96,"20-Apr",2016,"Mammalia","Petaurus breviceps","Pygmy Sugar Glider",2008-04-20,2016-04-20,1
5885,2,"14-Aug",1998,"Mammalia","Saguinus oedipus","Tamarin Monkey",1998-06-14,1998-08-14,-1
55424,108,"12-Aug",2005,"Mammalia","Suricata suricatta","Slender Tail Meerkat",1996-08-12,2005-08-12,-1
57900,54,"24-Jun",2001,"Mammalia","Notamacropus rufogriseus","Red Wallaby",1996-12-24,2001-06-24,-1
73394,414,"1-Oct",2013,"Mammalia","Lemur catta","Ring-tailed Lemur",1979-04-01,2013-10-01,1
56247,84,"13-Apr",2012,"Mammalia","Mustela putorius","Ferret",2005-04-13,2012-04-13,-1
100514,48,"5-Jan",2016,"Mammalia","Atelerix albiventris","Four-toed Hedgehog",2012-01-05,2016-01-05,-1
26107,24,"3-Feb",2004,"Mammalia","Pusa hispida",NA,2002-02-03,2004-02-03,-1
39418,12,"4-Dec",2009,"Aves","Trichoglossus moluccanus","Rainbow lorikeet",2008-12-04,2009-12-04,0
103784,96,"5-Aug",2016,"Mammalia","Lemur catta","Ring-tailed Lemur",2008-08-05,2016-08-05,-1
37373,48,"25-Sep",2012,"Aves","Dendrocygna autumnalis","Black-bellied Whistling duck",2008-09-25,2012-09-25,-1
62793,72,"5-Aug",2002,"Mammalia","Rousettus lanosus",NA,1996-08-05,2002-08-05,-1
42665,108,"3-Jan",2006,"Aves","Trichoglossus moluccanus","Rainbow lorikeet",1997-01-03,2006-01-03,-1
61608,144,"3-Aug",2000,"Aves","Dendrocygna autumnalis","Black-bellied Whistling duck",1988-08-03,2000-08-03,-1
2087,36,"21-Nov",1996,"Mammalia","Didelphis marsupialis","Oppossum",1993-11-21,1996-11-21,0
64315,48,"2-Jan",2009,"Mammalia","Atelerix albiventris","Four-toed Hedgehog",2005-01-02,2009-01-02,-1
73094,168,"25-Jun",2004,"Mammalia","Ovis aries","Sheep",1990-06-25,2004-06-25,-1
85619,36,"19-Feb",2008,"Reptilia","Furcifer pardalis","Reunion chameleon",2005-02-19,2008-02-19,-1
77502,96,"6-Jun",2013,"Mammalia","Lemur catta","Ring-tailed Lemur",2005-06-06,2013-06-06,-1
64053,120,"9-Jan",2004,"Mammalia","Cebuella pygmaea","Pygmy Marmoset",1994-01-09,2004-01-09,-1
68243,156,"9-Dec",2005,"Mammalia","Hydrochoerus hydrochaeris","Capybara",1992-12-09,2005-12-09,0
79841,150,"27-Feb",2014,"Mammalia","Ovis aries","Sheep",2001-08-27,2014-02-27,0
3530,18,"4-Sep",1997,"Reptilia","Furcifer pardalis","Reunion chameleon",1996-03-04,1997-09-04,-1
91070,108,"15-Jul",2004,"Reptilia","Lampropeltis triangulum",NA,1995-07-15,2004-07-15,-1
68533,168,"2-Jan",2001,"Mammalia","Nanger dama","Addras Gazelle",1987-01-02,2001-01-02,1
60566,144,"21-Jun",2002,"Mammalia","Lontra canadensis","North Americal River Otter",1990-06-21,2002-06-21,-1
57979,48,"7-Apr",2014,"Mammalia","Ovis canadensis","Big Horn Sheep",2010-04-07,2014-04-07,-1
53385,72,"10-Aug",2005,"Mammalia","Osphranter rufus","Red Kangaroo",1999-08-10,2005-08-10,-1
75628,120,"26-Jul",2011,"Mammalia","Saguinus oedipus","Tamarin Monkey",2001-07-26,2011-07-26,-1
29783,228,"1-Aug",2013,"Aves","Platalea ajaja",NA,1994-08-01,2013-08-01,-1
58802,60,"4-Jun",2002,"Mammalia","Tragelaphus strepsiceros","Kudu",1997-06-04,2002-06-04,-1
65019,66,"13-Nov",2012,"Mammalia","Ovis aries","Sheep",2007-05-13,2012-11-13,-1
79847,84,"22-Jul",2014,"Mammalia","Mustela putorius","Ferret",2007-07-22,2014-07-22,1
82879,36,"17-Oct",2003,"Mammalia","Didelphis marsupialis","Oppossum",2000-10-17,2003-10-17,1
54335,120,"8-Dec",2003,"Mammalia","Canis lupus","Gray Wolf",1993-12-08,2003-12-08,-1
66001,96,"24-May",2010,"Mammalia","Mustela nigripes","Black Footed Ferret",2002-05-24,2010-05-24,0
47109,192,"22-Oct",2008,"Aves","Spheniscus humboldti","Humboldt Penguin",1992-10-22,2008-10-22,1
7148,24,"22-Apr",1999,"Mammalia","Notamacropus rufogriseus","Red Wallaby",1997-04-22,1999-04-22,-1
64846,36,"16-Aug",2011,"Mammalia","Panthera tigris","White Bengal Tiger",2008-08-16,2011-08-16,-1
86840,120,"30-May",2013,"Reptilia","Gonocephalus chamaeleontinus","Chameleon Forest Dragon",2003-05-30,2013-05-30,-1
55225,252,"29-Nov",2004,"Mammalia","Saimiri sciureus","Common Squirrel Monkey",1983-11-29,2004-11-29,0
84035,240,"15-Mar",2002,"Mammalia","Panthera onca","Jaguar",1982-03-15,2002-03-15,0
56560,24,"9-Aug",2007,"Mammalia","Leontopithecus chrysomelas","Golden-headed Tamarin",2005-08-09,2007-08-09,-1
72372,84,"10-Apr",2012,"Mammalia","Leontopithecus chrysomelas","Golden-headed Tamarin",2005-04-10,2012-04-10,-1
70890,18,"11-Feb",2011,"Mammalia","Rattus norvegicus","Typical Rat",2009-08-11,2011-02-11,1
53513,168,"2-Jun",2008,"Aves","Spheniscus humboldti","Humboldt Penguin",1994-06-02,2008-06-02,0
63495,24,"4-Sep",2003,"Mammalia","Mustela putorius","Ferret",2001-09-04,2003-09-04,1
67994,24,"3-Jun",2013,"Mammalia","Saimiri sciureus","Common Squirrel Monkey",2011-06-03,2013-06-03,-1
8050,240,"15-Sep",1999,"Mammalia","Lama glama","Llama",1979-09-15,1999-09-15,-1
60392,144,"21-Mar",2002,"Mammalia","Osphranter rufus","Red Kangaroo",1990-03-21,2002-03-21,0
73556,84,"21-Sep",2011,"Mammalia","Mustela nigripes","Black Footed Ferret",2004-09-21,2011-09-21,1
102736,204,"13-Jul",2015,"Reptilia","Pantherophis guttatus","Corn snake",1998-07-13,2015-07-13,0
77469,264,"25-Aug",2000,"Mammalia","Panthera pardus",NA,1978-08-25,2000-08-25,1
20450,168,"1-Apr",2005,"Aves","Dendrocygna autumnalis","Black-bellied Whistling duck",1991-04-01,2005-04-01,0
30219,24,"26-Oct",2007,"Aves","Trichoglossus moluccanus","Rainbow lorikeet",2005-10-26,2007-10-26,-1
74063,156,"25-Aug",2008,"Mammalia","Pteropus rodricensis","Rodrigues Fruit Bat",1995-08-25,2008-08-25,-1
162071,61.53,"5-Oct",2001,"Mammalia","Oryctolagus cuniculus","Domestic Rabbit",1996-08-05,2001-10-05,0
89343,108,"13-May",2005,"Reptilia","Pantherophis guttatus","Corn snake",1996-05-13,2005-05-13,1
34240,96,"25-Oct",2012,"Aves","Melopsittacus undulatus","Budgerigar",2004-10-25,2012-10-25,1
80784,132,"27-Oct",2006,"Mammalia","Tragelaphus strepsiceros","Kudu",1995-10-27,2006-10-27,0
64036,60,"14-Nov",2006,"Mammalia","Mustela nigripes","Black Footed Ferret",2001-11-14,2006-11-14,-1
91103,48,"7-Dec",2000,"Mammalia","Capra hircus","San Clemente Goat",1996-12-07,2000-12-07,-1
42542,300,"8-Feb",2012,"Aves","Phoenicopterus ruber","American flamingo",1987-02-08,2012-02-08,-1
34791,96,"24-Sep",2014,"Aves","Eos bornea","Red lory",2006-09-24,2014-09-24,-1
105869,36,"15-Aug",2016,"Mammalia","Rattus norvegicus","Typical Rat",2013-08-15,2016-08-15,1
73608,252,"23-Sep",2013,"Mammalia","Panthera tigris","White Bengal Tiger",1992-09-23,2013-09-23,-1
105998,156,"7-Apr",2011,"Reptilia","Boa constrictor","Boa Constrictor",1998-04-07,2011-04-07,1
53428,60,"10-Nov",2003,"Mammalia","Artibeus jamaicensis","Jamaican Fruit bat",1998-11-10,2003-11-10,-1
74561,96,"9-Sep",2014,"Mammalia","Osphranter robustus","Wallaroo",2006-09-09,2014-09-09,-1
4546,372,"2-Jun",1999,"Aves","Phoenicopterus ruber","American flamingo",1968-06-02,1999-06-02,-1
68811,204,"17-Jul",2002,"Mammalia","Panthera tigris","White Bengal Tiger",1985-07-17,2002-07-17,1
58112,108,"30-Dec",2014,"Mammalia","Suricata suricatta","Slender Tail Meerkat",2005-12-30,2014-12-30,-1
73720,12,"6-Jan",2006,"Mammalia","Rattus norvegicus","Typical Rat",2005-01-06,2006-01-06,0
77972,60,"18-Dec",2001,"Mammalia","Litocranius walleri","Southern Gerenuk",1996-12-18,2001-12-18,-1
98208,360,"11-Jun",2015,"Mammalia","Colobus guereza","Colobus Monkey",1985-06-11,2015-06-11,-1
105348,36,"6-Jul",2015,"Aves","Gallus gallus","Domestic chicken",2012-07-06,2015-07-06,1
71178,72,"24-Aug",2005,"Mammalia","Mustela putorius","Ferret",1999-08-24,2005-08-24,0
96831,36,"27-Feb",2015,"Mammalia","Dasyprocta punctata","Red-rumped Agouti",2012-02-27,2015-02-27,-1
105443,132,"18-Jun",2015,"Aves","Dendrocygna autumnalis","Black-bellied Whistling duck",2004-06-18,2015-06-18,-1
36486,480,"29-Aug",2014,"Aves","Phoenicopterus chilensis","Chilean flamingo",1974-08-29,2014-08-29,-1
70828,264,"15-Sep",2000,"Aves","Larosterna inca",NA,1978-09-15,2000-09-15,-1
81766,54,"5-Dec",2012,"Mammalia","Atelerix albiventris","Four-toed Hedgehog",2008-06-05,2012-12-05,1
55864,288,"10-Jan",2012,"Mammalia","Lemur catta","Ring-tailed Lemur",1988-01-10,2012-01-10,-1
64452,12,"6-Nov",2009,"Mammalia","Rattus norvegicus","Typical Rat",2008-11-06,2009-11-06,0
86408,144,"21-Nov",2000,"Mammalia","Rousettus aegyptiacus","Egyptian fruit bat",1988-11-21,2000-11-21,-1
105164,5,"14-Dec",2016,"Amphibia","Pipa pipa","Surinam toad",2016-07-14,2016-12-14,-1
10797,36,"7-Apr",2002,"Amphibia","Pipa pipa","Surinam toad",1999-04-07,2002-04-07,-1
53305,12,"21-May",2013,"Mammalia","Mus musculus","Common Mouse",2012-05-21,2013-05-21,-1
58700,6,"27-Aug",2013,"Mammalia","Phacochoerus africanus","Warthog",2013-02-27,2013-08-27,-1
106095,120,"15-Jan",2016,"Aves","Gallus gallus","Domestic chicken",2006-01-15,2016-01-15,0
30785,108,"7-Jun",2012,"Aves","Gallus gallus","Domestic chicken",2003-06-07,2012-06-07,-1
57501,144,"17-Mar",2009,"Mammalia","Chinchilla brevicaudata","Chinchilla",1997-03-17,2009-03-17,-1
98060,3,"17-Jun",2015,"Mammalia","Mustela putorius","Ferret",2015-03-17,2015-06-17,-1
103535,102,"2-Aug",2016,"Mammalia","Petaurus breviceps","Pygmy Sugar Glider",2008-02-02,2016-08-02,-1
98509,96,"21-Jul",2015,"Reptilia","Pantherophis guttatus","Corn snake",2007-07-21,2015-07-21,-1
74573,48,"3-Jun",2014,"Mammalia","Rattus norvegicus","Typical Rat",2010-06-03,2014-06-03,-1
29088,264,"8-Feb",2012,"Aves","Phoenicopterus ruber","American flamingo",1990-02-08,2012-02-08,-1
60579,72,"24-Jul",2000,"Mammalia","Atelerix albiventris","Four-toed Hedgehog",1994-07-24,2000-07-24,-1
75388,3,"9-Aug",2007,"Mammalia","Canis lupus","Gray Wolf",2007-05-09,2007-08-09,-1
100589,144,"26-Jan",2016,"Mammalia","Suricata suricatta","Slender Tail Meerkat",2004-01-26,2016-01-26,-1
99720,198,"5-Oct",2015,"Mammalia","Artibeus jamaicensis","Jamaican Fruit bat",1999-04-05,2015-10-05,-1
106133,216,"9-Jun",2015,"Mammalia","Ovis aries","Sheep",1997-06-09,2015-06-09,1
22697,60,"2-Apr",2003,"Aves","Oxyura jamaicensis",NA,1998-04-02,2003-04-02,-1
31559,84,"15-Dec",2005,"Aves","Gallus gallus","Domestic chicken",1998-12-15,2005-12-15,1
64486,156,"17-Oct",2006,"Mammalia","Ovis aries","Sheep",1993-10-17,2006-10-17,-1
99055,132,"8-Apr",2016,"Mammalia","Tragelaphus strepsiceros","Kudu",2005-04-08,2016-04-08,-1
63870,180,"1-May",2008,"Mammalia","Ovis aries","Sheep",1993-05-01,2008-05-01,-1
17674,396,"11-Mar",2013,"Aves","Eudocimus ruber","Scarlet Ibis",1980-03-11,2013-03-11,-1
104973,24,"8-Nov",2016,"Mammalia","Mus musculus","Common Mouse",2014-11-08,2016-11-08,0
105885,54,"5-Oct",2015,"Mammalia","Atelerix albiventris","Four-toed Hedgehog",2011-04-05,2015-10-05,1
80073,96,"25-Oct",2000,"Reptilia","Pantherophis guttatus","Corn snake",1992-10-25,2000-10-25,-1
82962,120,"14-Oct",2003,"Reptilia","Erpeton tentaculatum","Tentacled snake",1993-10-14,2003-10-14,-1
84436,204,"30-Jan",2001,"Reptilia","Morelia viridis","Green Tree Python",1984-01-30,2001-01-30,-1
106429,168,"21-Mar",2016,"Mammalia","Rousettus aegyptiacus","Egyptian fruit bat",2002-03-21,2016-03-21,1
57366,96,"18-Apr",2007,"Mammalia","Ovis aries","Sheep",1999-04-18,2007-04-18,0
10449,12,"28-Jun",2011,"Amphibia","Pipa pipa","Surinam toad",2010-06-28,2011-06-28,-1
79792,192,"7-Feb",2012,"Mammalia","Pteropus rodricensis","Rodrigues Fruit Bat",1996-02-07,2012-02-07,-1
60322,144,"25-Jun",2004,"Mammalia","Ovis aries","Sheep",1992-06-25,2004-06-25,-1
55139,138,"11-Apr",2013,"Mammalia","Suricata suricatta","Slender Tail Meerkat",2001-10-11,2013-04-11,-1
101769,108,"4-Apr",2016,"Aves","Megascops asio",NA,2007-04-04,2016-04-04,-1
72700,72,"16-Oct",2000,"Mammalia","Suricata suricatta","Slender Tail Meerkat",1994-10-16,2000-10-16,-1
77532,240,"15-Aug",2012,"Mammalia","Panthera tigris","White Bengal Tiger",1992-08-15,2012-08-15,1
73812,156,"16-May",2014,"Mammalia","Capra hircus","San Clemente Goat",2001-05-16,2014-05-16,1
55746,132,"26-Dec",2006,"Mammalia","Rousettus lanosus",NA,1995-12-26,2006-12-26,-1
99344,120,"4-Sep",2015,"Mammalia","Procavia capensis","Rock Hyrax",2005-09-04,2015-09-04,0
55138,72,"26-Feb",2009,"Mammalia","Atelerix albiventris","Four-toed Hedgehog",2003-02-26,2009-02-26,1
30393,24,"11-Jan",2007,"Aves","Trichoglossus moluccanus","Rainbow lorikeet",2005-01-11,2007-01-11,-1
51713,60,"13-Dec",2011,"Aves","Gallus gallus","Domestic chicken",2006-12-13,2011-12-13,1
79418,24,"14-Sep",2012,"Mammalia","Mus musculus","Common Mouse",2010-09-14,2012-09-14,-1
70813,60,"19-Jun",2006,"Mammalia","Mustela putorius","Ferret",2001-06-19,2006-06-19,1
60329,60,"11-Aug",2004,"Mammalia","Carollia perspicillata","Seba Short-tailed Bat",1999-08-11,2004-08-11,0
71673,24,"11-Dec",2013,"Mammalia","Petaurus breviceps","Pygmy Sugar Glider",2011-12-11,2013-12-11,-1
102001,114,"17-May",2016,"Mammalia","Artibeus jamaicensis","Jamaican Fruit bat",2006-11-17,2016-05-17,-1
77438,30,"27-Mar",2013,"Mammalia","Litocranius walleri","Southern Gerenuk",2010-09-27,2013-03-27,-1
102784,180,"2-Jun",2016,"Mammalia","Panthera onca","Jaguar",2001-06-02,2016-06-02,1
30472,12,"18-Sep",2007,"Aves","Trichoglossus haematodus","Coconut lorikeet",2006-09-18,2007-09-18,-1
63512,264,"30-Jan",2009,"Mammalia","Lama glama","Llama",1987-01-30,2009-01-30,-1
55962,24,"18-Aug",2006,"Mammalia","Rattus norvegicus","Typical Rat",2004-08-18,2006-08-18,0
94198,120,"27-Sep",2007,"Reptilia","Bitis nasicornis",NA,1997-09-27,2007-09-27,1
92262,84,"23-Apr",2001,"Reptilia","Crotalus polystictus",NA,1994-04-23,2001-04-23,-1
99442,252,"27-Aug",2015,"Aves","Eudocimus ruber","Scarlet Ibis",1994-08-27,2015-08-27,-1
35642,108,"11-Feb",2011,"Aves","Gallus gallus","Domestic chicken",2002-02-11,2011-02-11,-1
64555,48,"7-Dec",2004,"Mammalia","Mustela putorius","Ferret",2000-12-07,2004-12-07,0
98016,228,"9-Jun",2015,"Mammalia","Macropus eugenii",NA,1996-06-09,2015-06-09,-1
72268,9,"17-Jun",2011,"Mammalia","Procavia capensis","Rock Hyrax",2010-09-17,2011-06-17,-1
28249,204,"19-Dec",2003,"Aves","Phoenicopterus chilensis","Chilean flamingo",1986-12-19,2003-12-19,-1
55280,72,"17-Apr",2006,"Mammalia","Osphranter robustus","Wallaroo",2000-04-17,2006-04-17,-1
105358,360,"11-Jun",2015,"Mammalia","Colobus guereza","Colobus Monkey",1985-06-11,2015-06-11,0
43789,204,"11-Feb",2011,"Aves","Platalea ajaja",NA,1994-02-11,2011-02-11,1
20689,276,"4-Sep",2014,"Aves","Spheniscus humboldti","Humboldt Penguin",1991-09-04,2014-09-04,-1
42892,24,"30-Dec",2008,"Aves","Trichoglossus haematodus","Coconut lorikeet",2006-12-30,2008-12-30,-1
66549,240,"1-Aug",2008,"Mammalia","Varecia variegata","Red/black Ruffed Lemur",1988-08-01,2008-08-01,1
30493,126,"13-Mar",2009,"Aves","Leucopsar rothschildi","Bali mynah",1998-09-13,2009-03-13,-1
84498,132,"19-Jul",2005,"Reptilia","Heloderma suspectum","Gila Monster",1994-07-19,2005-07-19,-1
40298,72,"18-Jan",2008,"Aves","Eos bornea","Red lory",2002-01-18,2008-01-18,-1
162082,241.16,"24-Feb",2020,"Mammalia","Lemur catta","Ring-tailed Lemur",2000-01-24,2020-02-24,1
70796,336,"2-Dec",2010,"Mammalia","Varecia variegata","Red/black Ruffed Lemur",1982-12-02,2010-12-02,0
102186,48,"11-May",2016,"Mammalia","Tragelaphus strepsiceros","Kudu",2012-05-11,2016-05-11,-1
30262,120,"14-Mar",2011,"Aves","Trichoglossus haematodus","Coconut lorikeet",2001-03-14,2011-03-14,-1
58533,24,"22-Dec",2011,"Mammalia","Addax nasomaculatus","Addax",2009-12-22,2011-12-22,0
96414,132,"4-Dec",2009,"Reptilia","Pantherophis guttatus","Corn snake",1998-12-04,2009-12-04,1
68210,156,"7-Apr",2008,"Mammalia","Leontopithecus chrysomelas","Golden-headed Tamarin",1995-04-07,2008-04-07,1
102524,204,"6-May",2016,"Mammalia","Eidolon helvum",NA,1999-05-06,2016-05-06,-1
29539,54,"12-Dec",2011,"Aves","Gallus gallus","Domestic chicken",2007-06-12,2011-12-12,-1
66045,348,"28-May",2013,"Mammalia","Varecia variegata","Red/black Ruffed Lemur",1984-05-28,2013-05-28,0
56344,36,"3-Jul",2000,"Mammalia","Didelphis marsupialis","Oppossum",1997-07-03,2000-07-03,-1
162141,27.63,"6-Sep",2007,"Mammalia","Rattus norvegicus","Typical Rat",2005-05-06,2007-09-06,0
79807,144,"1-Aug",2014,"Mammalia","Hydrochoerus hydrochaeris","Capybara",2002-08-01,2014-08-01,-1
68101,120,"11-Apr",2006,"Mammalia","Carollia perspicillata","Seba Short-tailed Bat",1996-04-11,2006-04-11,0
68308,288,"3-Jul",2006,"Mammalia","Lemur catta","Ring-tailed Lemur",1982-07-03,2006-07-03,1
62859,48,"20-Feb",2014,"Mammalia","Heterocephalus glaber","Naked Mole Rat",2010-02-20,2014-02-20,-1
28554,204,"6-Feb",2012,"Mammalia","Pusa hispida",NA,1995-02-06,2012-02-06,-1
39798,12,"2-Nov",2005,"Aves","Neophema splendida",NA,2004-11-02,2005-11-02,0
4192,84,"4-Feb",1998,"Mammalia","Notamacropus rufogriseus","Red Wallaby",1991-02-04,1998-02-04,-1
59617,168,"11-Jan",2013,"Mammalia","Artibeus jamaicensis","Jamaican Fruit bat",1999-01-11,2013-01-11,0
56815,300,"15-Jan",2013,"Mammalia","Lemur catta","Ring-tailed Lemur",1988-01-15,2013-01-15,-1
73324,36,"25-Aug",2011,"Mammalia","Atelerix albiventris","Four-toed Hedgehog",2008-08-25,2011-08-25,1
56848,36,"13-May",2014,"Mammalia","Cebuella pygmaea","Pygmy Marmoset",2011-05-13,2014-05-13,-1
102204,84,"24-May",2016,"Mammalia","Nanger dama","Addras Gazelle",2009-05-24,2016-05-24,-1
101069,168,"8-Feb",2016,"Aves","Meleagris gallopavo","Domestic Lavender Turkey",2002-02-08,2016-02-08,-1
68252,42,"15-Jul",2013,"Mammalia","Atelerix albiventris","Four-toed Hedgehog",2010-01-15,2013-07-15,1
106199,60,"9-Jan",2017,"Mammalia","Canis lupus","Gray Wolf",2012-01-09,2017-01-09,1
80156,120,"27-Jul",2004,"Mammalia","Saguinus oedipus","Tamarin Monkey",1994-07-27,2004-07-27,-1
90602,12,"28-Jul",2006,"Reptilia","Furcifer pardalis","Reunion chameleon",2005-07-28,2006-07-28,-1
77481,180,"12-May",2000,"Mammalia","Lontra canadensis","North Americal River Otter",1985-05-12,2000-05-12,1
14852,108,"27-Mar",1999,"Mammalia","Notamacropus rufogriseus","Red Wallaby",1990-03-27,1999-03-27,-1
74940,180,"13-Jan",2012,"Mammalia","Phacochoerus africanus","Warthog",1997-01-13,2012-01-13,-1
102383,120,"26-Apr",2016,"Aves","Nymphicus hollandicus","Cockatiel",2006-04-26,2016-04-26,-1
32510,72,"6-Aug",2001,"Mammalia","Pusa hispida",NA,1995-08-06,2001-08-06,1
78409,180,"11-Dec",2013,"Mammalia","Panthera uncia","Snow Leopard",1998-12-11,2013-12-11,0
81011,198,"22-May",2007,"Reptilia","Eublepharis macularius","Leopard Gecko",1990-11-22,2007-05-22,-1
31261,24,"12-Apr",2010,"Aves","Neophema splendida",NA,2008-04-12,2010-04-12,-1
70790,204,"5-Dec",2008,"Mammalia","Panthera tigris","White Bengal Tiger",1991-12-05,2008-12-05,1
82483,312,"7-Sep",2012,"Reptilia","Morelia viridis","Green Tree Python",1986-09-07,2012-09-07,-1
10167,36,"7-Jan",2000,"Amphibia","Pipa pipa","Surinam toad",1997-01-07,2000-01-07,-1
59910,60,"22-Jan",2014,"Mammalia","Hydrochoerus hydrochaeris","Capybara",2009-01-22,2014-01-22,-1
54635,24,"31-Dec",2009,"Mammalia","Eidolon helvum",NA,2007-12-31,2009-12-31,-1
100533,102,"6-Jan",2016,"Mammalia","Leontopithecus chrysomelas","Golden-headed Tamarin",2007-07-06,2016-01-06,-1
54572,108,"6-Jul",2012,"Mammalia","Cynomys ludovicianus","Gunnison Prairie Dog",2003-07-06,2012-07-06,-1
64320,168,"9-Sep",2005,"Mammalia","Saguinus oedipus","Tamarin Monkey",1991-09-09,2005-09-09,-1
55419,240,"30-Mar",2012,"Mammalia","Ailurus fulgens","Red Panda",1992-03-30,2012-03-30,0
61605,96,"23-Jan",2004,"Mammalia","Notamacropus rufogriseus","Red Wallaby",1996-01-23,2004-01-23,-1
63598,48,"2-May",2007,"Mammalia","Capra hircus","San Clemente Goat",2003-05-02,2007-05-02,1
55259,246,"28-Oct",2013,"Mammalia","Panthera uncia","Snow Leopard",1993-04-28,2013-10-28,0
100822,72,"8-Jan",2016,"Mammalia","Suricata suricatta","Slender Tail Meerkat",2010-01-08,2016-01-08,-1
99715,228,"4-Nov",2015,"Aves","Phoenicopterus ruber","American flamingo",1996-11-04,2015-11-04,1
88567,96,"30-Jun",2016,"Mammalia","Oryctolagus cuniculus","Domestic Rabbit",2008-06-30,2016-06-30,0
70670,156,"28-Apr",2011,"Mammalia","Suricata suricatta","Slender Tail Meerkat",1998-04-28,2011-04-28,1
62926,264,"8-Nov",2012,"Mammalia","Pteropus rodricensis","Rodrigues Fruit Bat",1990-11-08,2012-11-08,-1
56821,24,"18-May",2007,"Mammalia","Rattus norvegicus","Typical Rat",2005-05-18,2007-05-18,-1
47570,30,"28-Jan",2013,"Aves","Gallus gallus","Domestic chicken",2010-07-28,2013-01-28,1
65128,24,"18-Oct",2013,"Mammalia","Rousettus aegyptiacus","Egyptian fruit bat",2011-10-18,2013-10-18,-1
54609,276,"23-Jun",2006,"Mammalia","Ursus maritimus","Polar Bear",1983-06-23,2006-06-23,-1
22512,120,"11-Jul",2011,"Aves","Eudocimus ruber","Scarlet Ibis",2001-07-11,2011-07-11,-1
53860,48,"22-Jun",2012,"Mammalia","Rousettus aegyptiacus","Egyptian fruit bat",2008-06-22,2012-06-22,-1
68167,48,"1-Aug",2012,"Mammalia","Mustela putorius","Ferret",2008-08-01,2012-08-01,0
84031,144,"17-Mar",2011,"Reptilia","Lampropeltis triangulum",NA,1999-03-17,2011-03-17,-1
162078,29.03,"2-Sep",2015,"Mammalia","Rattus norvegicus","Typical Rat",2013-04-02,2015-09-02,1
90028,168,"2-Aug",2013,"Mammalia","Zalophus californianus","California Sealion",1999-08-02,2013-08-02,1
56469,180,"2-Aug",1999,"Mammalia","Phacochoerus africanus","Warthog",1984-08-02,1999-08-02,1
53556,66,"30-Apr",2012,"Mammalia","Suricata suricatta","Slender Tail Meerkat",2006-10-30,2012-04-30,-1
37536,132,"20-Sep",2002,"Aves","Gallus gallus","Domestic chicken",1991-09-20,2002-09-20,-1
77504,66,"25-Sep",2012,"Mammalia","Lemur catta","Ring-tailed Lemur",2007-03-25,2012-09-25,-1
29381,60,"28-Feb",2003,"Aves","Gallus gallus","Domestic chicken",1998-02-28,2003-02-28,1
62228,72,"11-Oct",2002,"Mammalia","Atelerix albiventris","Four-toed Hedgehog",1996-10-11,2002-10-11,-1
100009,144,"1-Dec",2015,"Aves","Dendrocygna autumnalis","Black-bellied Whistling duck",2003-12-01,2015-12-01,-1
20211,54,"25-Oct",2004,"Aves","Meleagris gallopavo","Domestic Lavender Turkey",2000-04-25,2004-10-25,-1
85821,36,"15-Jun",2007,"Reptilia","Crotalus lepidus",NA,2004-06-15,2007-06-15,-1
85189,180,"2-Feb",2009,"Reptilia","Eublepharis macularius","Leopard Gecko",1994-02-02,2009-02-02,0
60192,192,"24-Jun",2001,"Mammalia","Capra nubiana","Nubian Ibex",1985-06-24,2001-06-24,-1
73438,528,"1-Oct",2014,"Mammalia","Pan troglodytes","Chimpanzee",1970-10-01,2014-10-01,0
34337,96,"15-May",2012,"Aves","Melopsittacus undulatus","Budgerigar",2004-05-15,2012-05-15,1
4786,156,"25-Aug",1997,"Reptilia","Crotalus lepidus",NA,1984-08-25,1997-08-25,0
70952,24,"2-Dec",2004,"Mammalia","Rattus norvegicus","Typical Rat",2002-12-02,2004-12-02,1
32594,12,"13-Nov",2003,"Aves","Trichoglossus haematodus","Coconut lorikeet",2002-11-13,2003-11-13,-1
54636,120,"2-Aug",2006,"Mammalia","Osphranter robustus","Wallaroo",1996-08-02,2006-08-02,-1
8239,120,"18-Sep",1999,"Mammalia","Tragelaphus strepsiceros","Kudu",1989-09-18,1999-09-18,-1
56894,18,"31-Jan",2007,"Mammalia","Osphranter robustus","Wallaroo",2005-07-31,2007-01-31,-1
24623,132,"28-Feb",2000,"Aves","Megascops asio",NA,1989-02-28,2000-02-28,-1
52721,48,"22-Sep",2004,"Mammalia","Ailurus fulgens","Red Panda",2000-09-22,2004-09-22,-1
66090,288,"24-Dec",2008,"Mammalia","Lemur catta","Ring-tailed Lemur",1984-12-24,2008-12-24,1
53894,192,"1-Apr",2011,"Mammalia","Giraffa camelopardalis","Baringo Giraffe",1995-04-01,2011-04-01,-1
99670,96,"11-Sep",2015,"Mammalia","Oryctolagus cuniculus","Domestic Rabbit",2007-09-11,2015-09-11,-1
87019,168,"25-Jun",2007,"Reptilia","Lampropeltis getula",NA,1993-06-25,2007-06-25,-1
106573,210,"24-Aug",2015,"Mammalia","Lontra canadensis","North Americal River Otter",1998-02-24,2015-08-24,1
19157,228,"4-Oct",2013,"Aves","Spheniscus humboldti","Humboldt Penguin",1994-10-04,2013-10-04,-1
62452,48,"23-Oct",2001,"Mammalia","Notamacropus rufogriseus","Red Wallaby",1997-10-23,2001-10-23,-1
58857,216,"27-Nov",2009,"Mammalia","Ovis aries","Sheep",1991-11-27,2009-11-27,0
22907,24,"7-May",2002,"Aves","Eos bornea","Red lory",2000-05-07,2002-05-07,-1
64551,216,"22-Feb",2011,"Mammalia","Pteropus rodricensis","Rodrigues Fruit Bat",1993-02-22,2011-02-22,-1
64203,48,"5-Dec",2007,"Mammalia","Osphranter rufus","Red Kangaroo",2003-12-05,2007-12-05,-1
44499,144,"22-May",2001,"Aves","Gallus gallus","Domestic chicken",1989-05-22,2001-05-22,-1
89119,180,"9-Dec",2013,"Reptilia","Lampropeltis getula",NA,1998-12-09,2013-12-09,1
102110,132,"20-Jan",2004,"Reptilia","Lampropeltis triangulum",NA,1993-01-20,2004-01-20,1
75386,192,"2-Sep",2011,"Mammalia","Osphranter rufus","Red Kangaroo",1995-09-02,2011-09-02,-1
106520,138,"15-Sep",2015,"Mammalia","Oryctolagus cuniculus","Domestic Rabbit",2004-03-15,2015-09-15,1
80045,114,"9-Apr",2001,"Mammalia","Addax nasomaculatus","Addax",1991-10-09,2001-04-09,-1
103861,24,"22-Aug",2016,"Mammalia","Rattus norvegicus","Typical Rat",2014-08-22,2016-08-22,0
74508,72,"23-Aug",2012,"Mammalia","Petaurus breviceps","Pygmy Sugar Glider",2006-08-23,2012-08-23,-1
3603,12,"25-Aug",1997,"Mammalia","Procavia capensis","Rock Hyrax",1996-08-25,1997-08-25,0
54268,162,"18-Apr",2005,"Mammalia","Tragelaphus strepsiceros","Kudu",1991-10-18,2005-04-18,-1
20976,7,"26-Jan",2006,"Aves","Trichoglossus moluccanus","Rainbow lorikeet",2005-06-26,2006-01-26,0
63600,204,"25-Jun",2007,"Mammalia","Nanger dama","Addras Gazelle",1990-06-25,2007-06-25,0
86741,96,"31-Dec",2012,"Reptilia","Erpeton tentaculatum","Tentacled snake",2004-12-31,2012-12-31,-1
90702,144,"7-Aug",2013,"Reptilia","Crotalus polystictus",NA,2001-08-07,2013-08-07,-1
102506,24,"13-May",2016,"Mammalia","Rattus norvegicus","Typical Rat",2014-05-13,2016-05-13,-1
32369,204,"20-Feb",2003,"Aves","Dendrocygna autumnalis","Black-bellied Whistling duck",1986-02-20,2003-02-20,-1
35335,144,"3-Jun",2011,"Aves","Gallus gallus","Domestic chicken",1999-06-03,2011-06-03,1
64115,192,"6-Nov",2003,"Mammalia","Leontopithecus chrysomelas","Golden-headed Tamarin",1987-11-06,2003-11-06,-1
102425,36,"25-May",2016,"Aves","Gallus gallus","Domestic chicken",2013-05-25,2016-05-25,-1
42185,78,"6-Nov",2009,"Aves","Trichoglossus moluccanus","Rainbow lorikeet",2003-05-06,2009-11-06,-1
35853,144,"15-Jun",2012,"Aves","Eos bornea","Red lory",2000-06-15,2012-06-15,-1
58093,60,"18-Feb",2014,"Mammalia","Procavia capensis","Rock Hyrax",2009-02-18,2014-02-18,-1
35353,12,"30-Sep",2014,"Aves","Trichoglossus haematodus","Coconut lorikeet",2013-09-30,2014-09-30,-1
53471,216,"13-Aug",2007,"Mammalia","Colobus guereza","Colobus Monkey",1989-08-13,2007-08-13,-1
67678,132,"6-Jun",2008,"Mammalia","Suricata suricatta","Slender Tail Meerkat",1997-06-06,2008-06-06,0
71054,300,"16-Sep",2011,"Mammalia","Lama glama","Llama",1986-09-16,2011-09-16,0
84496,48,"7-Nov",2007,"Reptilia","Crotalus lepidus",NA,2003-11-07,2007-11-07,-1
60684,48,"29-Dec",2003,"Mammalia","Atelerix albiventris","Four-toed Hedgehog",1999-12-29,2003-12-29,-1
59046,24,"20-Apr",2012,"Mammalia","Mus musculus","Common Mouse",2010-04-20,2012-04-20,-1
58757,108,"8-Mar",2007,"Mammalia","Osphranter rufus","Red Kangaroo",1998-03-08,2007-03-08,-1
105825,72,"26-Jun",2015,"Aves","Gallus gallus","Domestic chicken",2009-06-26,2015-06-26,1
86269,300,"3-Apr",2009,"Reptilia","Boa constrictor","Boa Constrictor",1984-04-03,2009-04-03,1
24682,24,"11-Sep",2002,"Aves","Eos bornea","Red lory",2000-09-11,2002-09-11,-1
101176,72,"23-Feb",2016,"Mammalia","Oryctolagus cuniculus","Domestic Rabbit",2010-02-23,2016-02-23,-1
92695,120,"3-Aug",2009,"Reptilia","Boa constrictor","Boa Constrictor",1999-08-03,2009-08-03,-1
100783,120,"3-Jan",2012,"Reptilia","Eublepharis macularius","Leopard Gecko",2002-01-03,2012-01-03,1
56720,48,"18-May",2007,"Mammalia","Cynomys ludovicianus","Gunnison Prairie Dog",2003-05-18,2007-05-18,-1
106461,102,"5-Apr",2016,"Mammalia","Mustela putorius","Ferret",2007-10-05,2016-04-05,1
35269,24,"30-Aug",2004,"Aves","Trichoglossus moluccanus","Rainbow lorikeet",2002-08-30,2004-08-30,-1
89616,234,"30-Jan",2013,"Reptilia","Pantherophis guttatus","Corn snake",1993-07-30,2013-01-30,0
86702,120,"13-Sep",2002,"Reptilia","Crotalus lepidus",NA,1992-09-13,2002-09-13,-1
70931,276,"18-Jan",2012,"Mammalia","Addax nasomaculatus","Addax",1989-01-18,2012-01-18,1
23169,24,"14-May",2004,"Aves","Larosterna inca",NA,2002-05-14,2004-05-14,-1
95885,180,"15-Jan",2015,"Aves","Megascops asio",NA,2000-01-15,2015-01-15,-1
11497,36,"18-Oct",2002,"Amphibia","Phyllomedusa bicolor","Giant Waxy Tree Frog",1999-10-18,2002-10-18,-1
55414,408,"19-Aug",2009,"Mammalia","Ursus maritimus","Polar Bear",1975-08-19,2009-08-19,0
56120,2,"7-Sep",2007,"Mammalia","Mustela nigripes","Black Footed Ferret",2007-07-07,2007-09-07,-1
73330,240,"19-Dec",2014,"Mammalia","Leontopithecus chrysomelas","Golden-headed Tamarin",1994-12-19,2014-12-19,1
90504,9,"5-Apr",2007,"Reptilia","Furcifer pardalis","Reunion chameleon",2006-07-05,2007-04-05,-1
74874,12,"19-Jul",2001,"Mammalia","Leontopithecus chrysomelas","Golden-headed Tamarin",2000-07-19,2001-07-19,-1
106319,120,"7-Mar",2016,"Mammalia","Canis lupus","Gray Wolf",2006-03-07,2016-03-07,1
73423,36,"14-May",2004,"Mammalia","Mustela putorius","Ferret",2001-05-14,2004-05-14,1
63333,144,"9-Jul",2009,"Mammalia","Rousettus aegyptiacus","Egyptian fruit bat",1997-07-09,2009-07-09,0
60892,84,"28-Nov",2003,"Mammalia","Mustela putorius","Ferret",1996-11-28,2003-11-28,1
57854,12,"27-Mar",2009,"Mammalia","Phacochoerus africanus","Warthog",2008-03-27,2009-03-27,-1
27771,60,"4-Jan",2007,"Aves","Trichoglossus haematodus","Coconut lorikeet",2002-01-04,2007-01-04,-1
100059,2,"2-Nov",2015,"Mammalia","Sylvilagus transitionalis",NA,2015-09-02,2015-11-02,-1
80150,42,"28-Jan",2003,"Mammalia","Macropus eugenii",NA,1999-07-28,2003-01-28,-1
53607,72,"19-Aug",2011,"Mammalia","Saimiri sciureus","Common Squirrel Monkey",2005-08-19,2011-08-19,-1
53525,126,"5-Apr",2001,"Mammalia","Rousettus lanosus",NA,1990-10-05,2001-04-05,-1
67933,336,"28-Feb",2011,"Mammalia","Varecia variegata","Red/black Ruffed Lemur",1983-02-28,2011-02-28,0
98169,15,"6-Jul",2015,"Mammalia","Leontopithecus chrysomelas","Golden-headed Tamarin",2014-04-06,2015-07-06,-1
83185,180,"10-Sep",2008,"Mammalia","Panthera tigris","White Bengal Tiger",1993-09-10,2008-09-10,1
101311,252,"23-Feb",2016,"Reptilia","Crotalus horridus","Timber rattlesnake",1995-02-23,2016-02-23,-1
29538,126,"23-Dec",2014,"Aves","Nymphicus hollandicus","Cockatiel",2004-06-23,2014-12-23,-1
72475,144,"5-Jul",2011,"Mammalia","Panthera leo","Masai Lion",1999-07-05,2011-07-05,-1
98357,324,"22-Jun",2015,"Aves","Phoenicopterus chilensis","Chilean flamingo",1988-06-22,2015-06-22,-1
81422,84,"25-Jul",2006,"Reptilia","Erpeton tentaculatum","Tentacled snake",1999-07-25,2006-07-25,-1
102714,48,"2-Jun",2016,"Mammalia","Macropus eugenii",NA,2012-06-02,2016-06-02,-1
52579,96,"6-Aug",2002,"Mammalia","Addax nasomaculatus","Addax",1994-08-06,2002-08-06,-1
63899,144,"17-Mar",2010,"Mammalia","Hydrochoerus hydrochaeris","Capybara",1998-03-17,2010-03-17,-1
74555,144,"1-Apr",2010,"Mammalia","Zalophus californianus","California Sealion",1998-04-01,2010-04-01,-1
64586,150,"21-Aug",2006,"Mammalia","Acinonyx jubatus","Cheetah",1994-02-21,2006-08-21,-1
75792,48,"14-Oct",2009,"Mammalia","Saimiri sciureus","Common Squirrel Monkey",2005-10-14,2009-10-14,-1
55641,72,"14-Mar",2005,"Mammalia","Artibeus jamaicensis","Jamaican Fruit bat",1999-03-14,2005-03-14,-1
27519,192,"11-Aug",2008,"Aves","Phoenicopterus ruber","American flamingo",1992-08-11,2008-08-11,-1
75837,12,"7-Dec",2010,"Mammalia","Osphranter rufus","Red Kangaroo",2009-12-07,2010-12-07,-1
58362,72,"27-Dec",2011,"Mammalia","Suricata suricatta","Slender Tail Meerkat",2005-12-27,2011-12-27,-1
9797,420,"1-Dec",1999,"Aves","Phoenicopterus chilensis","Chilean flamingo",1964-12-01,1999-12-01,-1
57684,180,"25-Jul",2014,"Mammalia","Artibeus jamaicensis","Jamaican Fruit bat",1999-07-25,2014-07-25,-1
84450,240,"10-Dec",2012,"Mammalia","Panthera onca","Jaguar",1992-12-10,2012-12-10,1
18990,288,"3-Oct",2005,"Aves","Phoenicopterus ruber","American flamingo",1981-10-03,2005-10-03,1
99654,132,"19-Apr",2016,"Aves","Trichoglossus haematodus","Coconut lorikeet",2005-04-19,2016-04-19,-1
52723,42,"31-Jan",2008,"Mammalia","Ailurus fulgens","Red Panda",2004-07-31,2008-01-31,-1
98464,72,"26-Jun",2015,"Mammalia","Dasyprocta punctata","Red-rumped Agouti",2009-06-26,2015-06-26,1
54281,168,"12-Jun",2001,"Mammalia","Eudorcas thomsonii","Thompsons Gazelle",1987-06-12,2001-06-12,-1
35633,120,"27-Nov",2007,"Aves","Gallus gallus","Domestic chicken",1997-11-27,2007-11-27,1
77177,10,"22-Jan",2013,"Mammalia","Hydrochoerus hydrochaeris","Capybara",2012-03-22,2013-01-22,-1
4254,48,"11-Sep",1997,"Mammalia","Atelerix albiventris","Four-toed Hedgehog",1993-09-11,1997-09-11,-1
81179,84,"12-Sep",2011,"Mammalia","Mustela putorius","Ferret",2004-09-12,2011-09-12,0
106467,9,"22-Mar",2016,"Mammalia","Mus musculus","Common Mouse",2015-06-22,2016-03-22,1
59823,156,"29-Nov",2013,"Mammalia","Mandrillus sphinx","Mandrill",2000-11-29,2013-11-29,-1
71895,144,"19-Dec",2011,"Mammalia","Ovis canadensis","Big Horn Sheep",1999-12-19,2011-12-19,-1
98155,204,"11-Jun",2015,"Mammalia","Mandrillus sphinx","Mandrill",1998-06-11,2015-06-11,0
103926,30,"15-Aug",2016,"Aves","Melopsittacus undulatus","Budgerigar",2014-02-15,2016-08-15,-1
60139,240,"6-Feb",2004,"Mammalia","Panthera uncia","Snow Leopard",1984-02-06,2004-02-06,-1
106471,240,"4-Apr",2016,"Reptilia","Lampropeltis getula",NA,1996-04-04,2016-04-04,1
62888,48,"4-Nov",2011,"Mammalia","Atelerix albiventris","Four-toed Hedgehog",2007-11-04,2011-11-04,-1
102580,24,"1-Jun",2016,"Mammalia","Ovis aries","Sheep",2014-06-01,2016-06-01,-1
95172,132,"3-May",2010,"Reptilia","Pantherophis guttatus","Corn snake",1999-05-03,2010-05-03,-1
26203,48,"12-Oct",2012,"Aves","Gallus gallus","Domestic chicken",2008-10-12,2012-10-12,-1
64632,60,"14-Aug",2000,"Reptilia","Pantherophis guttatus","Corn snake",1995-08-14,2000-08-14,-1
4422,5,"23-Feb",1998,"Mammalia","Cynomys ludovicianus","Gunnison Prairie Dog",1997-09-23,1998-02-23,0
101752,30,"4-Apr",2016,"Mammalia","Rattus norvegicus","Typical Rat",2013-10-04,2016-04-04,-1
36831,36,"5-Nov",2007,"Aves","Trichoglossus haematodus","Coconut lorikeet",2004-11-05,2007-11-05,-1
38999,138,"20-May",2014,"Aves","Trichoglossus haematodus","Coconut lorikeet",2002-11-20,2014-05-20,-1
83021,108,"9-May",2003,"Reptilia","Morelia viridis","Green Tree Python",1994-05-09,2003-05-09,-1
162116,520.06,"1-Aug",1960,"Mammalia","Pan troglodytes","Chimpanzee",1917-04-01,1960-08-01,0
1922,36,"29-Nov",1997,"Amphibia","Pipa pipa","Surinam toad",1994-11-29,1997-11-29,-1
59770,7,"28-Oct",2003,"Mammalia","Lontra canadensis","North Americal River Otter",2003-03-28,2003-10-28,0
53703,108,"5-Apr",2001,"Mammalia","Rousettus lanosus",NA,1992-04-05,2001-04-05,-1
8045,30,"14-Sep",1999,"Mammalia","Notamacropus rufogriseus","Red Wallaby",1997-03-14,1999-09-14,-1
65227,168,"23-Sep",2013,"Mammalia","Artibeus jamaicensis","Jamaican Fruit bat",1999-09-23,2013-09-23,-1
32052,120,"23-May",2001,"Aves","Gallus gallus","Domestic chicken",1991-05-23,2001-05-23,-1
99156,252,"15-Sep",2015,"Mammalia","Chinchilla brevicaudata","Chinchilla",1994-09-15,2015-09-15,-1
66670,204,"14-Sep",2012,"Mammalia","Lama glama","Llama",1995-09-14,2012-09-14,1
73369,144,"26-Mar",2014,"Mammalia","Lycaon pictus","Cape Hunting Dog",2002-03-26,2014-03-26,0
89234,48,"30-Apr",2008,"Reptilia","Furcifer pardalis","Reunion chameleon",2004-04-30,2008-04-30,-1
98305,84,"6-Jul",2015,"Aves","Gallus gallus","Domestic chicken",2008-07-06,2015-07-06,-1
74253,120,"22-Oct",2012,"Mammalia","Nanger dama","Addras Gazelle",2002-10-22,2012-10-22,1
93583,516,"6-Apr",2009,"Mammalia","Gorilla gorilla","Gorilla",1966-04-06,2009-04-06,1
162122,24.53,"3-May",2013,"Mammalia","Rattus norvegicus","Typical Rat",2011-04-03,2013-05-03,0
37412,48,"27-Apr",2000,"Mammalia","Osphranter rufus","Red Kangaroo",1996-04-27,2000-04-27,0
62942,288,"16-Jul",2004,"Mammalia","Lemur catta","Ring-tailed Lemur",1980-07-16,2004-07-16,-1
28022,96,"3-Jan",2005,"Aves","Dendrocygna autumnalis","Black-bellied Whistling duck",1997-01-03,2005-01-03,-1
55040,228,"8-Jul",2001,"Mammalia","Mandrillus sphinx","Mandrill",1982-07-08,2001-07-08,-1
79452,42,"10-Aug",2012,"Mammalia","Litocranius walleri","Southern Gerenuk",2009-02-10,2012-08-10,-1
106425,192,"17-Jul",2015,"Mammalia","Panthera leo","Masai Lion",1999-07-17,2015-07-17,1
68025,138,"21-Jun",2007,"Mammalia","Panthera leo","Masai Lion",1995-12-21,2007-06-21,1
24096,120,"14-Aug",2007,"Aves","Gallus gallus","Domestic chicken",1997-08-14,2007-08-14,-1
85471,36,"3-Oct",2006,"Reptilia","Crotalus lepidus",NA,2003-10-03,2006-10-03,-1
40360,96,"10-Jan",2013,"Aves","Meleagris gallopavo","Domestic Lavender Turkey",2005-01-10,2013-01-10,-1
18228,72,"26-Jun",2006,"Aves","Oxyura jamaicensis",NA,2000-06-26,2006-06-26,0
74294,48,"8-Mar",2005,"Mammalia","Saimiri sciureus","Common Squirrel Monkey",2001-03-08,2005-03-08,-1
103554,108,"18-Aug",2016,"Aves","Trichoglossus haematodus","Coconut lorikeet",2007-08-18,2016-08-18,-1
27627,216,"14-Nov",2013,"Aves","Phoenicopterus ruber","American flamingo",1995-11-14,2013-11-14,-1
95439,192,"22-Jun",2004,"Reptilia","Lampropeltis getula",NA,1988-06-22,2004-06-22,1
101269,48,"11-May",2015,"Mammalia","Atelerix albiventris","Four-toed Hedgehog",2011-05-11,2015-05-11,1
5049,96,"4-May",1998,"Aves","Oxyura jamaicensis",NA,1990-05-04,1998-05-04,-1
80431,72,"16-Apr",2012,"Mammalia","Capra hircus","San Clemente Goat",2006-04-16,2012-04-16,-1
25453,120,"16-Jan",2013,"Aves","Meleagris gallopavo","Domestic Lavender Turkey",2003-01-16,2013-01-16,-1
18570,108,"28-Jul",2006,"Aves","Oxyura jamaicensis",NA,1997-07-28,2006-07-28,-1
86554,60,"9-Jul",2012,"Reptilia","Sceloporus cyanogenys","Blue spiny lizard",2007-07-09,2012-07-09,0
6683,336,"5-Mar",1999,"Mammalia","Pan troglodytes","Chimpanzee",1971-03-05,1999-03-05,-1
84207,108,"6-Feb",2006,"Reptilia","Erpeton tentaculatum","Tentacled snake",1997-02-06,2006-02-06,-1
23831,300,"31-Jan",2013,"Aves","Phoenicopterus chilensis","Chilean flamingo",1988-01-31,2013-01-31,-1
21463,156,"15-May",2009,"Aves","Dendrocygna autumnalis","Black-bellied Whistling duck",1996-05-15,2009-05-15,-1
61539,36,"2-Aug",2000,"Aves","Gallus gallus","Domestic chicken",1997-08-02,2000-08-02,-1
106556,318,"29-Nov",2016,"Mammalia","Zalophus californianus","California Sealion",1990-05-29,2016-11-29,1
55448,132,"6-Oct",2004,"Mammalia","Osphranter robustus","Wallaroo",1993-10-06,2004-10-06,-1
30392,108,"13-Sep",2002,"Aves","Nymphicus hollandicus","Cockatiel",1993-09-13,2002-09-13,-1
62501,156,"11-Apr",2008,"Mammalia","Suricata suricatta","Slender Tail Meerkat",1995-04-11,2008-04-11,1
23501,84,"16-Jul",2008,"Aves","Eos bornea","Red lory",2001-07-16,2008-07-16,-1
54831,126,"8-Jan",2008,"Mammalia","Zalophus californianus","California Sealion",1997-07-08,2008-01-08,-1
53967,48,"4-Jun",2001,"Mammalia","Lontra canadensis","North Americal River Otter",1997-06-04,2001-06-04,-1
60585,120,"17-Feb",2004,"Mammalia","Giraffa camelopardalis","Baringo Giraffe",1994-02-17,2004-02-17,-1
65805,108,"8-Oct",2012,"Mammalia","Litocranius walleri","Southern Gerenuk",2003-10-08,2012-10-08,-1
103353,120,"14-Jul",2016,"Aves","Nymphicus hollandicus","Cockatiel",2006-07-14,2016-07-14,1
35036,18,"2-Sep",2005,"Aves","Trichoglossus haematodus","Coconut lorikeet",2004-03-02,2005-09-02,-1
59689,168,"1-Mar",2011,"Mammalia","Phacochoerus africanus","Warthog",1997-03-01,2011-03-01,-1
32170,276,"23-Feb",2011,"Aves","Oxyura jamaicensis",NA,1988-02-23,2011-02-23,-1
81126,48,"20-Mar",2007,"Reptilia","Crotalus horridus","Timber rattlesnake",2003-03-20,2007-03-20,-1
34995,72,"12-May",2011,"Aves","Gallus gallus","Domestic chicken",2005-05-12,2011-05-12,1
98835,1,"10-Aug",2015,"Mammalia","Sylvilagus transitionalis",NA,2015-07-10,2015-08-10,-1
14631,168,"3-Jan",2013,"Mammalia","Mustela putorius","Ferret",1999-01-03,2013-01-03,-1
74828,36,"25-Mar",2005,"Mammalia","Petaurus breviceps","Pygmy Sugar Glider",2002-03-25,2005-03-25,0
62544,36,"20-Nov",2003,"Mammalia","Mustela putorius","Ferret",2000-11-20,2003-11-20,1
106474,42,"17-Jun",2016,"Mammalia","Didelphis marsupialis","Oppossum",2012-12-17,2016-06-17,1
86197,168,"10-Nov",2003,"Reptilia","Corallus caninus","Emerald Tree boa",1989-11-10,2003-11-10,1
54999,492,"28-Jan",2005,"Mammalia","Gorilla gorilla","Gorilla",1964-01-28,2005-01-28,-1
59945,156,"30-Jan",2009,"Mammalia","Chinchilla brevicaudata","Chinchilla",1996-01-30,2009-01-30,0
58249,132,"3-Jan",2002,"Mammalia","Osphranter robustus","Wallaroo",1991-01-03,2002-01-03,1
55202,300,"28-Jun",2010,"Mammalia","Lama glama","Llama",1985-06-28,2010-06-28,0
5047,192,"29-May",1997,"Mammalia","Panthera leo","Masai Lion",1981-05-29,1997-05-29,1
73481,24,"8-Aug",2002,"Mammalia","Rattus norvegicus","Typical Rat",2000-08-08,2002-08-08,1
9006,252,"23-Nov",1999,"Mammalia","Zalophus californianus","California Sealion",1978-11-23,1999-11-23,-1
55226,156,"12-Apr",2010,"Mammalia","Suricata suricatta","Slender Tail Meerkat",1997-04-12,2010-04-12,1
103943,60,"10-Jul",2015,"Mammalia","Atelerix albiventris","Four-toed Hedgehog",2010-07-10,2015-07-10,0
65039,72,"3-Dec",2008,"Mammalia","Oryctolagus cuniculus","Domestic Rabbit",2002-12-03,2008-12-03,1
87186,264,"5-Dec",2007,"Reptilia","Lampropeltis triangulum",NA,1985-12-05,2007-12-05,-1
39671,24,"10-Sep",2001,"Aves","Neophema splendida",NA,1999-09-10,2001-09-10,-1
28568,312,"30-Jun",2001,"Aves","Phoenicopterus ruber","American flamingo",1975-06-30,2001-06-30,-1
57770,144,"23-Dec",2010,"Mammalia","Lemur catta","Ring-tailed Lemur",1998-12-23,2010-12-23,-1
55214,180,"9-Jul",2009,"Mammalia","Chinchilla brevicaudata","Chinchilla",1994-07-09,2009-07-09,-1
55204,108,"1-Apr",2008,"Mammalia","Panthera onca","Jaguar",1999-04-01,2008-04-01,-1
70971,96,"29-Dec",2011,"Mammalia","Ovis aries","Sheep",2003-12-29,2011-12-29,1
58401,72,"8-Feb",2005,"Mammalia","Mustela putorius","Ferret",1999-02-08,2005-02-08,0
106028,72,"5-May",2016,"Mammalia","Oryctolagus cuniculus","Domestic Rabbit",2010-05-05,2016-05-05,0
79907,102,"10-Dec",2012,"Mammalia","Mustela nigripes","Black Footed Ferret",2004-06-10,2012-12-10,-1
16895,60,"27-Feb",2011,"Amphibia","Pipa pipa","Surinam toad",2006-02-27,2011-02-27,-1
97810,1,"1-Jun",2015,"Mammalia","Sylvilagus transitionalis",NA,2015-05-01,2015-06-01,-1
27875,36,"10-Jul",2014,"Aves","Trichoglossus moluccanus","Rainbow lorikeet",2011-07-10,2014-07-10,-1
27912,228,"24-Sep",2007,"Aves","Megascops asio",NA,1988-09-24,2007-09-24,-1
33734,12,"7-Jun",2005,"Aves","Gallus gallus","Domestic chicken",2004-06-07,2005-06-07,1
26946,48,"20-Mar",2000,"Mammalia","Rousettus lanosus",NA,1996-03-20,2000-03-20,-1
35175,10,"23-Aug",2004,"Aves","Trichoglossus moluccanus","Rainbow lorikeet",2003-10-23,2004-08-23,-1
103188,12,"15-Aug",2014,"Mammalia","Suricata suricatta","Slender Tail Meerkat",2013-08-15,2014-08-15,1
62839,324,"15-Nov",2012,"Mammalia","Giraffa camelopardalis","Baringo Giraffe",1985-11-15,2012-11-15,-1
22628,12,"4-Dec",2013,"Aves","Leucopsar rothschildi","Bali mynah",2012-12-04,2013-12-04,-1
7376,216,"31-Mar",1999,"Mammalia","Panthera tigris","White Bengal Tiger",1981-03-31,1999-03-31,-1
102043,72,"9-May",2016,"Reptilia","Crotalus lepidus",NA,2010-05-09,2016-05-09,-1
104087,588,"16-Aug",2016,"Reptilia","Gopherus agassizii",NA,1967-08-16,2016-08-16,-1
63012,30,"15-Jan",2007,"Mammalia","Tragelaphus strepsiceros","Kudu",2004-07-15,2007-01-15,-1
3692,36,"18-Sep",1997,"Mammalia","Macropus eugenii",NA,1994-09-18,1997-09-18,-1
74976,12,"25-Apr",2014,"Mammalia","Rattus norvegicus","Typical Rat",2013-04-25,2014-04-25,1
102787,444,"2-Jun",2016,"Mammalia","Pan troglodytes","Chimpanzee",1979-06-02,2016-06-02,-1
63001,168,"19-Dec",2003,"Mammalia","Ursus maritimus","Polar Bear",1989-12-19,2003-12-19,-1
32714,36,"13-Jan",2004,"Aves","Eos bornea","Red lory",2001-01-13,2004-01-13,-1
24503,48,"28-Feb",2000,"Amphibia","Pipa pipa","Surinam toad",1996-02-28,2000-02-28,-1
64310,192,"19-May",2003,"Mammalia","Lemur catta","Ring-tailed Lemur",1987-05-19,2003-05-19,0
3475,120,"31-Jul",1997,"Mammalia","Macropus eugenii",NA,1987-07-31,1997-07-31,-1
68015,144,"19-Aug",2014,"Mammalia","Zalophus californianus","California Sealion",2002-08-19,2014-08-19,-1
85822,138,"7-Jun",2011,"Mammalia","Panthera pardus",NA,1999-12-07,2011-06-07,0
89872,168,"8-Feb",2001,"Reptilia","Corallus caninus","Emerald Tree boa",1987-02-08,2001-02-08,-1
42821,60,"16-Dec",2005,"Aves","Gallus gallus","Domestic chicken",2000-12-16,2005-12-16,-1
34235,102,"18-Jan",2013,"Aves","Melopsittacus undulatus","Budgerigar",2004-07-18,2013-01-18,0
43293,132,"20-Nov",2006,"Aves","Gallus gallus","Domestic chicken",1995-11-20,2006-11-20,-1
99889,36,"7-Oct",2015,"Mammalia","Didelphis marsupialis","Oppossum",2012-10-07,2015-10-07,-1
104867,18,"3-Oct",2016,"Aves","Larosterna inca",NA,2015-04-03,2016-10-03,-1
104652,84,"3-Aug",2015,"Mammalia","Petaurus breviceps","Pygmy Sugar Glider",2008-08-03,2015-08-03,1
79722,180,"8-May",2006,"Mammalia","Osphranter rufus","Red Kangaroo",1991-05-08,2006-05-08,-1
98551,384,"29-Jun",2015,"Aves","Phoenicopterus ruber","American flamingo",1983-06-29,2015-06-29,1
77617,240,"11-Mar",2014,"Mammalia","Panthera uncia","Snow Leopard",1994-03-11,2014-03-11,0
63941,228,"28-Jun",2012,"Mammalia","Rousettus aegyptiacus","Egyptian fruit bat",1993-06-28,2012-06-28,0
75869,24,"30-Aug",2004,"Mammalia","Osphranter rufus","Red Kangaroo",2002-08-30,2004-08-30,-1
34291,36,"4-Jan",2005,"Aves","Gallus gallus","Domestic chicken",2002-01-04,2005-01-04,1
53845,144,"29-May",2014,"Mammalia","Saguinus oedipus","Tamarin Monkey",2002-05-29,2014-05-29,-1
56144,48,"17-Apr",2006,"Mammalia","Cynomys ludovicianus","Gunnison Prairie Dog",2002-04-17,2006-04-17,-1
44262,36,"30-Sep",2009,"Aves","Trichoglossus moluccanus","Rainbow lorikeet",2006-09-30,2009-09-30,-1
43748,78,"1-Dec",2010,"Aves","Melopsittacus undulatus","Budgerigar",2004-06-01,2010-12-01,-1
23436,96,"14-Jun",2007,"Aves","Dendrocygna autumnalis","Black-bellied Whistling duck",1999-06-14,2007-06-14,-1
6256,120,"9-Jan",1999,"Mammalia","Osphranter robustus","Wallaroo",1989-01-09,1999-01-09,0
59681,168,"16-Feb",2012,"Mammalia","Ovis canadensis","Big Horn Sheep",1998-02-16,2012-02-16,-1
106475,342,"4-Mar",2015,"Mammalia","Zalophus californianus","California Sealion",1986-09-04,2015-03-04,1
63828,204,"1-Jun",2012,"Mammalia","Canis lupus","Gray Wolf",1995-06-01,2012-06-01,0
56384,12,"18-Jul",2007,"Mammalia","Acinonyx jubatus","Cheetah",2006-07-18,2007-07-18,-1
97539,192,"12-May",2015,"Mammalia","Ovis aries","Sheep",1999-05-12,2015-05-12,-1
42579,60,"10-Nov",2004,"Aves","Gallus gallus","Domestic chicken",1999-11-10,2004-11-10,1
89007,228,"2-Oct",2006,"Reptilia","Boa constrictor","Boa Constrictor",1987-10-02,2006-10-02,-1
53762,8,"20-Apr",2004,"Mammalia","Didelphis marsupialis","Oppossum",2003-08-20,2004-04-20,-1
22216,120,"18-Dec",2013,"Aves","Trichoglossus moluccanus","Rainbow lorikeet",2003-12-18,2013-12-18,-1
63071,4,"12-Sep",2005,"Mammalia","Canis lupus","Gray Wolf",2005-05-12,2005-09-12,1
52442,216,"31-Jan",2012,"Mammalia","Heterocephalus glaber","Naked Mole Rat",1994-01-31,2012-01-31,0
73195,18,"21-Feb",2008,"Mammalia","Atelerix albiventris","Four-toed Hedgehog",2006-08-21,2008-02-21,0
56888,72,"17-Feb",2009,"Mammalia","Chinchilla brevicaudata","Chinchilla",2003-02-17,2009-02-17,-1
106426,24,"26-Jan",2016,"Mammalia","Atelerix albiventris","Four-toed Hedgehog",2014-01-26,2016-01-26,1
83614,9,"13-Jun",2003,"Reptilia","Erpeton tentaculatum","Tentacled snake",2002-09-13,2003-06-13,-1
92540,240,"10-Aug",2005,"Reptilia","Lampropeltis triangulum",NA,1985-08-10,2005-08-10,0
80303,216,"9-Jul",2010,"Mammalia","Osphranter rufus","Red Kangaroo",1992-07-09,2010-07-09,1
56832,198,"2-Sep",2014,"Mammalia","Lontra canadensis","North Americal River Otter",1998-03-02,2014-09-02,-1
54548,84,"9-Apr",2007,"Mammalia","Phacochoerus africanus","Warthog",2000-04-09,2007-04-09,-1
42291,78,"4-Jun",2002,"Aves","Meleagris gallopavo","Domestic Lavender Turkey",1995-12-04,2002-06-04,-1
23734,156,"14-Sep",2005,"Aves","Dendrocygna autumnalis","Black-bellied Whistling duck",1992-09-14,2005-09-14,-1
79497,204,"10-Mar",2012,"Mammalia","Leontopithecus chrysomelas","Golden-headed Tamarin",1995-03-10,2012-03-10,0
84972,276,"22-May",2009,"Reptilia","Pantherophis guttatus","Corn snake",1986-05-22,2009-05-22,-1
76140,108,"18-Sep",2008,"Mammalia","Oryctolagus cuniculus","Domestic Rabbit",1999-09-18,2008-09-18,-1
62666,144,"24-Apr",2003,"Mammalia","Chinchilla brevicaudata","Chinchilla",1991-04-24,2003-04-24,-1
56336,456,"22-Mar",2010,"Mammalia","Gorilla gorilla","Gorilla",1972-03-22,2010-03-22,-1
61881,36,"28-Jul",2003,"Mammalia","Mustela nigripes","Black Footed Ferret",2000-07-28,2003-07-28,-1
56084,108,"24-Aug",2006,"Mammalia","Saimiri sciureus","Common Squirrel Monkey",1997-08-24,2006-08-24,-1
61587,72,"16-Sep",2011,"Mammalia","Panthera tigris","White Bengal Tiger",2005-09-16,2011-09-16,-1
102817,102,"9-Jun",2016,"Aves","Gallus gallus","Domestic chicken",2007-12-09,2016-06-09,-1
84977,240,"13-Sep",2005,"Reptilia","Corallus caninus","Emerald Tree boa",1985-09-13,2005-09-13,-1
8267,12,"29-Oct",1999,"Mammalia","Rousettus aegyptiacus","Egyptian fruit bat",1998-10-29,1999-10-29,-1
44421,18,"4-Jan",2007,"Aves","Trichoglossus haematodus","Coconut lorikeet",2005-07-04,2007-01-04,-1
101687,8,"23-Mar",2016,"Mammalia","Didelphis marsupialis","Oppossum",2015-07-23,2016-03-23,-1
41817,228,"25-Jul",2014,"Aves","Phoenicopterus chilensis","Chilean flamingo",1995-07-25,2014-07-25,-1
72495,60,"17-Mar",2011,"Mammalia","Ovis canadensis","Big Horn Sheep",2006-03-17,2011-03-17,-1
25430,30,"11-Jan",2013,"Aves","Gallus gallus","Domestic chicken",2010-07-11,2013-01-11,-1
55074,180,"11-Apr",2014,"Mammalia","Capra hircus","San Clemente Goat",1999-04-11,2014-04-11,-1
106380,156,"30-Mar",2015,"Mammalia","Phacochoerus africanus","Warthog",2002-03-30,2015-03-30,1
60686,36,"10-Jul",2002,"Mammalia","Gorilla gorilla","Gorilla",1999-07-10,2002-07-10,-1
43590,180,"27-Mar",2009,"Aves","Larosterna inca",NA,1994-03-27,2009-03-27,-1
103185,72,"7-Jul",2016,"Reptilia","Crotalus polystictus",NA,2010-07-07,2016-07-07,-1
22997,204,"11-Feb",2011,"Aves","Eudocimus ruber","Scarlet Ibis",1994-02-11,2011-02-11,-1
62912,84,"23-Feb",2006,"Mammalia","Suricata suricatta","Slender Tail Meerkat",1999-02-23,2006-02-23,-1
55006,108,"22-Mar",2012,"Mammalia","Oryctolagus cuniculus","Domestic Rabbit",2003-03-22,2012-03-22,-1
68095,114,"13-May",2008,"Mammalia","Capra hircus","San Clemente Goat",1998-11-13,2008-05-13,1
77846,108,"7-Apr",2011,"Reptilia","Crotalus polystictus",NA,2002-04-07,2011-04-07,-1
97593,90,"6-May",2015,"Mammalia","Litocranius walleri","Southern Gerenuk",2007-11-06,2015-05-06,0
28927,84,"8-Apr",2004,"Aves","Gallus gallus","Domestic chicken",1997-04-08,2004-04-08,1
60126,84,"18-Jun",2001,"Mammalia","Procavia capensis","Rock Hyrax",1994-06-18,2001-06-18,0
56522,132,"24-Feb",2009,"Mammalia","Capra hircus","San Clemente Goat",1998-02-24,2009-02-24,0
95147,12,"21-Apr",2003,"Reptilia","Corallus caninus","Emerald Tree boa",2002-04-21,2003-04-21,-1
55141,72,"31-May",2011,"Aves","Gallus gallus","Domestic chicken",2005-05-31,2011-05-31,0
56574,10,"25-Mar",2009,"Aves","Trichoglossus moluccanus","Rainbow lorikeet",2008-05-25,2009-03-25,-1
8262,96,"23-Apr",1998,"Reptilia","Pantherophis guttatus","Corn snake",1990-04-23,1998-04-23,1
67659,228,"19-Feb",2004,"Mammalia","Panthera tigris","White Bengal Tiger",1985-02-19,2004-02-19,1
99896,240,"11-Sep",2000,"Mammalia","Panthera pardus",NA,1980-09-11,2000-09-11,1
102477,222,"27-Apr",2016,"Mammalia","Pteropus rodricensis","Rodrigues Fruit Bat",1997-10-27,2016-04-27,-1
99362,300,"26-Aug",2015,"Reptilia","Lampropeltis triangulum",NA,1990-08-26,2015-08-26,-1
18391,72,"3-May",2007,"Aves","Larosterna inca",NA,2001-05-03,2007-05-03,-1
79926,132,"29-Aug",2011,"Mammalia","Canis lupus","Gray Wolf",2000-08-29,2011-08-29,-1
56219,72,"23-Apr",2010,"Mammalia","Lontra canadensis","North Americal River Otter",2004-04-23,2010-04-23,-1
40239,138,"4-Jun",2010,"Aves","Trichoglossus haematodus","Coconut lorikeet",1998-12-04,2010-06-04,0
68171,228,"14-Mar",2012,"Mammalia","Eudorcas thomsonii","Thompsons Gazelle",1993-03-14,2012-03-14,1
85214,156,"4-Dec",2009,"Reptilia","Morelia viridis","Green Tree Python",1996-12-04,2009-12-04,-1
106290,60,"15-Jan",2015,"Aves","Gallus gallus","Domestic chicken",2010-01-15,2015-01-15,0
74144,15,"15-Mar",2007,"Mammalia","Mustela putorius","Ferret",2005-12-15,2007-03-15,1
59967,228,"28-May",2002,"Mammalia","Panthera onca","Jaguar",1983-05-28,2002-05-28,0
97472,90,"23-Apr",2015,"Aves","Larosterna inca",NA,2007-10-23,2015-04-23,-1
72156,24,"30-Nov",2009,"Mammalia","Didelphis marsupialis","Oppossum",2007-11-30,2009-11-30,0
54406,60,"5-Apr",2001,"Mammalia","Rousettus lanosus",NA,1996-04-05,2001-04-05,-1
79459,156,"17-Feb",2014,"Mammalia","Litocranius walleri","Southern Gerenuk",2001-02-17,2014-02-17,0
96003,78,"6-Feb",2015,"Mammalia","Ailurus fulgens","Red Panda",2008-08-06,2015-02-06,-1
63754,144,"19-Jul",2005,"Mammalia","Panthera leo","Masai Lion",1993-07-19,2005-07-19,0
79802,108,"24-Oct",2000,"Aves","Nymphicus hollandicus","Cockatiel",1991-10-24,2000-10-24,1
56017,36,"15-Feb",2012,"Mammalia","Cebuella pygmaea","Pygmy Marmoset",2009-02-15,2012-02-15,-1
76146,84,"21-Nov",2003,"Mammalia","Ailurus fulgens","Red Panda",1996-11-21,2003-11-21,-1
57085,36,"8-Jul",2011,"Mammalia","Oryctolagus cuniculus","Domestic Rabbit",2008-07-08,2011-07-08,-1
63523,132,"7-Feb",2003,"Mammalia","Ovis aries","Sheep",1992-02-07,2003-02-07,0
54177,108,"16-May",2014,"Mammalia","Oryctolagus cuniculus","Domestic Rabbit",2005-05-16,2014-05-16,-1
22207,48,"31-Dec",2008,"Aves","Melopsittacus undulatus","Budgerigar",2004-12-31,2008-12-31,-1
102191,30,"11-May",2016,"Mammalia","Oryctolagus cuniculus","Domestic Rabbit",2013-11-11,2016-05-11,-1
21729,174,"15-Feb",2002,"Aves","Platalea ajaja",NA,1987-08-15,2002-02-15,0
74670,96,"29-May",2014,"Mammalia","Leontopithecus chrysomelas","Golden-headed Tamarin",2006-05-29,2014-05-29,-1
75095,54,"17-Apr",2001,"Mammalia","Osphranter rufus","Red Kangaroo",1996-10-17,2001-04-17,-1
23696,192,"7-Nov",2012,"Aves","Phoenicopterus ruber","American flamingo",1996-11-07,2012-11-07,-1
106470,144,"29-Jan",2016,"Mammalia","Notamacropus rufogriseus","Red Wallaby",2004-01-29,2016-01-29,1
54743,216,"4-Oct",2010,"Mammalia","Saimiri sciureus","Common Squirrel Monkey",1992-10-04,2010-10-04,-1
73443,156,"14-Sep",2010,"Mammalia","Eudorcas thomsonii","Thompsons Gazelle",1997-09-14,2010-09-14,1
64828,120,"12-Aug",2005,"Mammalia","Lemur catta","Ring-tailed Lemur",1995-08-12,2005-08-12,-1
34731,24,"24-Sep",2014,"Aves","Trichoglossus haematodus","Coconut lorikeet",2012-09-24,2014-09-24,-1
57278,288,"25-Jul",2011,"Mammalia","Zalophus californianus","California Sealion",1987-07-25,2011-07-25,-1
60293,192,"20-Jan",2002,"Mammalia","Capra nubiana","Nubian Ibex",1986-01-20,2002-01-20,-1
58662,18,"9-Feb",2006,"Mammalia","Nanger dama","Addras Gazelle",2004-08-09,2006-02-09,-1
62182,36,"13-Oct",2003,"Mammalia","Nanger dama","Addras Gazelle",2000-10-13,2003-10-13,-1
62885,168,"29-Jan",2003,"Mammalia","Panthera tigris","White Bengal Tiger",1989-01-29,2003-01-29,-1
86700,72,"14-Jun",2005,"Reptilia","Erpeton tentaculatum","Tentacled snake",1999-06-14,2005-06-14,-1
104348,126,"12-Sep",2016,"Mammalia","Lontra canadensis","North Americal River Otter",2006-03-12,2016-09-12,-1
35754,144,"28-Mar",2005,"Aves","Eos bornea","Red lory",1993-03-28,2005-03-28,-1
63616,84,"12-Jan",2006,"Mammalia","Osphranter robustus","Wallaroo",1999-01-12,2006-01-12,-1
64283,4,"15-Aug",2013,"Mammalia","Mustela nigripes","Black Footed Ferret",2013-04-15,2013-08-15,-1
106165,204,"26-Sep",2016,"Reptilia","Crotalus horridus","Timber rattlesnake",1999-09-26,2016-09-26,1
31918,168,"17-Mar",2006,"Aves","Platalea ajaja",NA,1992-03-17,2006-03-17,-1
36833,48,"27-Oct",2014,"Aves","Trichoglossus moluccanus","Rainbow lorikeet",2010-10-27,2014-10-27,0
106076,144,"22-Feb",2016,"Mammalia","Lemur catta","Ring-tailed Lemur",2004-02-22,2016-02-22,0
63518,204,"8-Jun",2006,"Mammalia","Varecia variegata","Red/black Ruffed Lemur",1989-06-08,2006-06-08,-1
28262,288,"13-Aug",2007,"Aves","Phoenicopterus ruber","American flamingo",1983-08-13,2007-08-13,-1
61894,120,"7-Jan",2014,"Mammalia","Capra hircus","San Clemente Goat",2004-01-07,2014-01-07,1
95358,162,"24-May",2013,"Reptilia","Heloderma suspectum","Gila Monster",1999-11-24,2013-05-24,-1
99600,36,"9-Oct",2015,"Mammalia","Carollia perspicillata","Seba Short-tailed Bat",2012-10-09,2015-10-09,-1
63678,120,"14-Jul",2008,"Mammalia","Ovis aries","Sheep",1998-07-14,2008-07-14,-1
104915,120,"17-Oct",2016,"Mammalia","Capra hircus","San Clemente Goat",2006-10-17,2016-10-17,1
41637,108,"13-Sep",2013,"Aves","Melopsittacus undulatus","Budgerigar",2004-09-13,2013-09-13,0
21149,252,"10-Aug",2005,"Aves","Megascops asio",NA,1984-08-10,2005-08-10,-1
35065,24,"21-Nov",2002,"Aves","Trichoglossus moluccanus","Rainbow lorikeet",2000-11-21,2002-11-21,-1
13300,12,"22-Feb",2007,"Amphibia","Pipa pipa","Surinam toad",2006-02-22,2007-02-22,-1
73535,96,"6-Jan",2003,"Mammalia","Saguinus oedipus","Tamarin Monkey",1995-01-06,2003-01-06,1
71250,240,"18-Sep",2000,"Mammalia","Saimiri sciureus","Common Squirrel Monkey",1980-09-18,2000-09-18,0
39545,48,"31-May",2004,"Aves","Gallus gallus","Domestic chicken",2000-05-31,2004-05-31,1
63037,42,"28-Dec",2004,"Mammalia","Mustela nigripes","Black Footed Ferret",2001-06-28,2004-12-28,-1
28860,96,"15-Feb",2010,"Aves","Trichoglossus haematodus","Coconut lorikeet",2002-02-15,2010-02-15,-1
58202,210,"3-Dec",2014,"Mammalia","Giraffa camelopardalis","Baringo Giraffe",1997-06-03,2014-12-03,-1
21552,96,"23-Aug",1999,"Mammalia","Capra hircus","San Clemente Goat",1991-08-23,1999-08-23,0
55639,156,"4-Feb",2008,"Mammalia","Ovis aries","Sheep",1995-02-04,2008-02-04,-1
42992,84,"27-Jun",2005,"Aves","Gallus gallus","Domestic chicken",1998-06-27,2005-06-27,1
89111,60,"31-Jul",2009,"Reptilia","Sceloporus cyanogenys","Blue spiny lizard",2004-07-31,2009-07-31,-1
99520,12,"23-Feb",2015,"Aves","Gallus gallus","Domestic chicken",2014-02-23,2015-02-23,1
106296,168,"27-Apr",2016,"Mammalia","Capra hircus","San Clemente Goat",2002-04-27,2016-04-27,0
58479,24,"22-Dec",2014,"Mammalia","Sylvilagus transitionalis",NA,2012-12-22,2014-12-22,-1
103235,120,"7-Jul",2016,"Reptilia","Bitis nasicornis",NA,2006-07-07,2016-07-07,-1
101151,90,"1-May",2015,"Mammalia","Oryctolagus cuniculus","Domestic Rabbit",2007-11-01,2015-05-01,1
5352,240,"16-Jun",1997,"Aves","Platalea ajaja",NA,1977-06-16,1997-06-16,0
95399,204,"10-Aug",2015,"Mammalia","Artibeus jamaicensis","Jamaican Fruit bat",1998-08-10,2015-08-10,-1
71514,36,"21-Apr",2006,"Mammalia","Atelerix albiventris","Four-toed Hedgehog",2003-04-21,2006-04-21,1
74740,12,"16-Feb",2001,"Mammalia","Osphranter rufus","Red Kangaroo",2000-02-16,2001-02-16,-1
20078,132,"21-Jun",2007,"Aves","Gallus gallus","Domestic chicken",1996-06-21,2007-06-21,0
55808,180,"8-Feb",2005,"Mammalia","Lontra canadensis","North Americal River Otter",1990-02-08,2005-02-08,-1
79685,204,"24-Feb",2003,"Mammalia","Ovis canadensis","Big Horn Sheep",1986-02-24,2003-02-24,-1
74538,252,"5-Nov",2004,"Mammalia","Saimiri sciureus","Common Squirrel Monkey",1983-11-05,2004-11-05,-1
89761,144,"1-Aug",2013,"Reptilia","Crotalus lepidus",NA,2001-08-01,2013-08-01,-1
79861,132,"7-Mar",2012,"Mammalia","Lycaon pictus","Cape Hunting Dog",2001-03-07,2012-03-07,1
106117,96,"4-Oct",2016,"Mammalia","Oryctolagus cuniculus","Domestic Rabbit",2008-10-04,2016-10-04,1
88933,120,"15-Nov",2013,"Reptilia","Pantherophis guttatus","Corn snake",2003-11-15,2013-11-15,1
80761,36,"12-Apr",2010,"Reptilia","Crotalus lepidus",NA,2007-04-12,2010-04-12,-1
64778,132,"5-Dec",2006,"Mammalia","Leontopithecus chrysomelas","Golden-headed Tamarin",1995-12-05,2006-12-05,-1
54754,228,"14-Jan",2010,"Mammalia","Panthera uncia","Snow Leopard",1991-01-14,2010-01-14,-1
56118,96,"7-Jun",2007,"Mammalia","Osphranter rufus","Red Kangaroo",1999-06-07,2007-06-07,-1
7601,36,"21-Jul",1999,"Mammalia","Cynomys ludovicianus","Gunnison Prairie Dog",1996-07-21,1999-07-21,-1
54495,156,"2-Apr",2007,"Mammalia","Pteropus rodricensis","Rodrigues Fruit Bat",1994-04-02,2007-04-02,-1
44549,36,"2-Sep",2003,"Aves","Trichoglossus haematodus","Coconut lorikeet",2000-09-02,2003-09-02,-1
73190,150,"28-Aug",2007,"Mammalia","Oryctolagus cuniculus","Domestic Rabbit",1995-02-28,2007-08-28,1
20721,408,"26-Aug",2010,"Aves","Phoenicopterus chilensis","Chilean flamingo",1976-08-26,2010-08-26,-1
62427,168,"17-Feb",2009,"Mammalia","Canis lupus","Gray Wolf",1995-02-17,2009-02-17,1
54842,48,"26-Nov",2004,"Mammalia","Mustela nigripes","Black Footed Ferret",2000-11-26,2004-11-26,-1
104666,72,"23-Sep",2016,"Reptilia","Sceloporus cyanogenys","Blue spiny lizard",2010-09-23,2016-09-23,-1
6979,156,"22-Mar",1999,"Reptilia","Lampropeltis triangulum",NA,1986-03-22,1999-03-22,-1
30275,168,"6-Dec",2012,"Aves","Meleagris gallopavo","Domestic Lavender Turkey",1998-12-06,2012-12-06,1
35287,144,"2-Sep",2003,"Aves","Oxyura jamaicensis",NA,1991-09-02,2003-09-02,-1
59618,288,"14-May",2010,"Mammalia","Zalophus californianus","California Sealion",1986-05-14,2010-05-14,0
58711,120,"27-Jan",2003,"Mammalia","Litocranius walleri","Southern Gerenuk",1993-01-27,2003-01-27,-1
83265,48,"6-Nov",2000,"Reptilia","Gonocephalus chamaeleontinus","Chameleon Forest Dragon",1996-11-06,2000-11-06,-1
56155,24,"9-Sep",2008,"Mammalia","Didelphis marsupialis","Oppossum",2006-09-09,2008-09-09,-1
13938,60,"22-Apr",2001,"Amphibia","Pipa pipa","Surinam toad",1996-04-22,2001-04-22,-1
98081,24,"3-Jun",2015,"Aves","Melopsittacus undulatus","Budgerigar",2013-06-03,2015-06-03,-1
7044,36,"19-Apr",1999,"Mammalia","Notamacropus rufogriseus","Red Wallaby",1996-04-19,1999-04-19,-1
91507,60,"6-Oct",2009,"Reptilia","Sceloporus cyanogenys","Blue spiny lizard",2004-10-06,2009-10-06,0
62729,60,"29-Jan",2001,"Mammalia","Hydrochoerus hydrochaeris","Capybara",1996-01-29,2001-01-29,-1
95428,48,"10-Aug",2015,"Mammalia","Mustela nigripes","Black Footed Ferret",2011-08-10,2015-08-10,-1
73638,120,"12-Mar",2008,"Mammalia","Ovis aries","Sheep",1998-03-12,2008-03-12,1
52339,60,"16-Dec",2004,"Mammalia","Heterocephalus glaber","Naked Mole Rat",1999-12-16,2004-12-16,-1
79018,336,"6-Feb",2013,"Mammalia","Lemur catta","Ring-tailed Lemur",1985-02-06,2013-02-06,-1
30842,132,"6-Dec",2011,"Aves","Nymphicus hollandicus","Cockatiel",2000-12-06,2011-12-06,-1
56072,24,"16-Dec",2005,"Mammalia","Rousettus lanosus",NA,2003-12-16,2005-12-16,-1
57860,180,"1-Nov",2013,"Mammalia","Litocranius walleri","Southern Gerenuk",1998-11-01,2013-11-01,-1
45593,36,"17-Jan",2012,"Aves","Gallus gallus","Domestic chicken",2009-01-17,2012-01-17,1
68120,132,"14-Oct",2009,"Mammalia","Hydrochoerus hydrochaeris","Capybara",1998-10-14,2009-10-14,0
80114,48,"29-Aug",2014,"Mammalia","Cynomys ludovicianus","Gunnison Prairie Dog",2010-08-29,2014-08-29,-1
14211,24,"30-Aug",2013,"Amphibia","Phyllomedusa bicolor","Giant Waxy Tree Frog",2011-08-30,2013-08-30,-1
97017,12,"14-Apr",2015,"Reptilia","Crotalus horridus","Timber rattlesnake",2014-04-14,2015-04-14,-1
75033,24,"18-Oct",2005,"Mammalia","Notamacropus rufogriseus","Red Wallaby",2003-10-18,2005-10-18,-1
60246,156,"14-Nov",2013,"Mammalia","Artibeus jamaicensis","Jamaican Fruit bat",2000-11-14,2013-11-14,-1
25953,120,"11-Jan",2001,"Aves","Dendrocygna autumnalis","Black-bellied Whistling duck",1991-01-11,2001-01-11,-1
63639,132,"8-Mar",2010,"Mammalia","Capra nubiana","Nubian Ibex",1999-03-08,2010-03-08,-1
48702,60,"10-Jan",2001,"Aves","Gallus gallus","Domestic chicken",1996-01-10,2001-01-10,1
91094,8,"11-May",2011,"Reptilia","Corallus caninus","Emerald Tree boa",2010-09-11,2011-05-11,-1
56129,108,"12-Jul",2010,"Mammalia","Petaurus breviceps","Pygmy Sugar Glider",2001-07-12,2010-07-12,0
54855,60,"10-Mar",2012,"Mammalia","Phacochoerus africanus","Warthog",2007-03-10,2012-03-10,-1
102392,168,"19-May",2016,"Aves","Dendrocygna autumnalis","Black-bellied Whistling duck",2002-05-19,2016-05-19,-1
99890,96,"7-Oct",2015,"Mammalia","Procavia capensis","Rock Hyrax",2007-10-07,2015-10-07,-1
28815,324,"27-Apr",2009,"Aves","Phoenicopterus chilensis","Chilean flamingo",1982-04-27,2009-04-27,-1
57786,60,"9-Dec",2013,"Mammalia","Panthera leo","Masai Lion",2008-12-09,2013-12-09,-1
68173,174,"21-May",2014,"Mammalia","Capra hircus","San Clemente Goat",1999-11-21,2014-05-21,0
105783,36,"27-Jan",2016,"Mammalia","Didelphis marsupialis","Oppossum",2013-01-27,2016-01-27,0
86576,132,"24-Sep",2014,"Reptilia","Eublepharis macularius","Leopard Gecko",2003-09-24,2014-09-24,-1
23463,60,"13-Jun",2008,"Aves","Gallus gallus","Domestic chicken",2003-06-13,2008-06-13,-1
70568,48,"29-Nov",2006,"Mammalia","Atelerix albiventris","Four-toed Hedgehog",2002-11-29,2006-11-29,1
88600,108,"11-Mar",2014,"Reptilia","Bitis nasicornis",NA,2005-03-11,2014-03-11,1
58436,156,"10-May",2012,"Mammalia","Rousettus aegyptiacus","Egyptian fruit bat",1999-05-10,2012-05-10,-1
17827,96,"16-Aug",2002,"Aves","Eudocimus ruber","Scarlet Ibis",1994-08-16,2002-08-16,-1
59646,12,"26-Nov",2014,"Mammalia","Sylvilagus transitionalis",NA,2013-11-26,2014-11-26,0
58505,192,"25-Sep",2007,"Mammalia","Ovis aries","Sheep",1991-09-25,2007-09-25,0
74457,48,"1-Jun",2005,"Mammalia","Saimiri sciureus","Common Squirrel Monkey",2001-06-01,2005-06-01,-1
88509,168,"5-Oct",2009,"Reptilia","Lampropeltis triangulum",NA,1995-10-05,2009-10-05,1
104807,60,"14-Oct",2016,"Mammalia","Atelerix albiventris","Four-toed Hedgehog",2011-10-14,2016-10-14,1
63407,60,"3-May",2010,"Mammalia","Atelerix albiventris","Four-toed Hedgehog",2005-05-03,2010-05-03,-1
70891,24,"15-Jun",2004,"Mammalia","Rattus norvegicus","Typical Rat",2002-06-15,2004-06-15,1
54908,216,"14-Mar",2006,"Mammalia","Panthera leo","Masai Lion",1988-03-14,2006-03-14,-1
26975,24,"2-Dec",2014,"Aves","Gallus gallus","Domestic chicken",2012-12-02,2014-12-02,0
54213,96,"30-Jan",2014,"Mammalia","Acinonyx jubatus","Cheetah",2006-01-30,2014-01-30,-1
91301,192,"6-Apr",2011,"Reptilia","Lampropeltis getula",NA,1995-04-06,2011-04-06,1
105949,132,"26-Jan",2017,"Mammalia","Capra hircus","San Clemente Goat",2006-01-26,2017-01-26,-1
64135,8,"22-Aug",2013,"Mammalia","Heterocephalus glaber","Naked Mole Rat",2012-12-22,2013-08-22,-1
106442,564,"27-May",2015,"Mammalia","Gorilla gorilla","Gorilla",1968-05-27,2015-05-27,0
73122,192,"2-Dec",2014,"Mammalia","Saimiri sciureus","Common Squirrel Monkey",1998-12-02,2014-12-02,0
70806,42,"18-Jan",2012,"Mammalia","Rattus norvegicus","Typical Rat",2008-07-18,2012-01-18,0
63794,120,"12-Nov",2009,"Mammalia","Oryctolagus cuniculus","Domestic Rabbit",1999-11-12,2009-11-12,1
28872,276,"29-Oct",2012,"Aves","Phoenicopterus chilensis","Chilean flamingo",1989-10-29,2012-10-29,1
55818,240,"10-Sep",2010,"Mammalia","Capra nubiana","Nubian Ibex",1990-09-10,2010-09-10,0
56526,144,"19-Jun",2000,"Mammalia","Panthera onca","Jaguar",1988-06-19,2000-06-19,1
36363,312,"27-Aug",2013,"Aves","Phoenicopterus ruber","American flamingo",1987-08-27,2013-08-27,-1
65680,120,"12-Oct",2010,"Mammalia","Taurotragus derbianus",NA,2000-10-12,2010-10-12,-1
55982,60,"28-May",2002,"Mammalia","Cebuella pygmaea","Pygmy Marmoset",1997-05-28,2002-05-28,-1
56214,48,"23-Aug",2011,"Mammalia","Saimiri sciureus","Common Squirrel Monkey",2007-08-23,2011-08-23,-1
63925,24,"14-Jan",2008,"Mammalia","Didelphis marsupialis","Oppossum",2006-01-14,2008-01-14,-1
105698,42,"13-Jan",2017,"Mammalia","Nanger dama","Addras Gazelle",2013-07-13,2017-01-13,-1
16941,360,"17-Apr",2012,"Aves","Phoenicopterus chilensis","Chilean flamingo",1982-04-17,2012-04-17,-1
55223,180,"17-Mar",2014,"Mammalia","Ovis aries","Sheep",1999-03-17,2014-03-17,-1
16666,204,"27-Jan",2000,"Mammalia","Gorilla gorilla","Gorilla",1983-01-27,2000-01-27,-1
102015,156,"17-May",2016,"Mammalia","Capra hircus","San Clemente Goat",2003-05-17,2016-05-17,-1
62670,48,"6-Aug",2013,"Mammalia","Cebuella pygmaea","Pygmy Marmoset",2009-08-06,2013-08-06,-1
81965,72,"28-Nov",2012,"Reptilia","Furcifer pardalis","Reunion chameleon",2006-11-28,2012-11-28,-1
39389,12,"8-Oct",2001,"Aves","Trichoglossus haematodus","Coconut lorikeet",2000-10-08,2001-10-08,-1
98269,180,"17-Jul",2015,"Aves","Larosterna inca",NA,2000-07-17,2015-07-17,-1
19884,24,"22-Aug",2001,"Amphibia","Phyllomedusa bicolor","Giant Waxy Tree Frog",1999-08-22,2001-08-22,0
74017,156,"28-Aug",2014,"Mammalia","Tragelaphus strepsiceros","Kudu",2001-08-28,2014-08-28,-1
106333,192,"17-Mar",2015,"Mammalia","Panthera tigris","White Bengal Tiger",1999-03-17,2015-03-17,0
25511,228,"9-Mar",2000,"Reptilia","Lampropeltis triangulum",NA,1981-03-09,2000-03-09,1
3398,144,"8-Jul",1997,"Aves","Dendrocygna autumnalis","Black-bellied Whistling duck",1985-07-08,1997-07-08,-1
56002,72,"28-Jul",2014,"Mammalia","Suricata suricatta","Slender Tail Meerkat",2008-07-28,2014-07-28,-1
102086,24,"9-Jul",2015,"Aves","Gallus gallus","Domestic chicken",2013-07-09,2015-07-09,1
64141,204,"23-Apr",2014,"Mammalia","Leontopithecus chrysomelas","Golden-headed Tamarin",1997-04-23,2014-04-23,-1
93913,4,"23-Nov",2001,"Reptilia","Crotalus polystictus",NA,2001-07-23,2001-11-23,-1
106544,102,"30-Sep",2015,"Mammalia","Mustela putorius","Ferret",2007-03-30,2015-09-30,1
74023,48,"29-Aug",2012,"Mammalia","Osphranter robustus","Wallaroo",2008-08-29,2012-08-29,-1
87685,144,"15-Jul",2009,"Reptilia","Pantherophis guttatus","Corn snake",1997-07-15,2009-07-15,-1
65832,168,"10-May",2004,"Mammalia","Osphranter rufus","Red Kangaroo",1990-05-10,2004-05-10,-1
23690,12,"17-Feb",2000,"Amphibia","Phyllomedusa bicolor","Giant Waxy Tree Frog",1999-02-17,2000-02-17,-1
101614,48,"31-Mar",2016,"Mammalia","Suricata suricatta","Slender Tail Meerkat",2012-03-31,2016-03-31,-1
62711,48,"14-Oct",2014,"Mammalia","Addax nasomaculatus","Addax",2010-10-14,2014-10-14,-1
60319,84,"29-May",2003,"Mammalia","Heterocephalus glaber","Naked Mole Rat",1996-05-29,2003-05-29,-1
63199,168,"10-Dec",2004,"Mammalia","Lontra canadensis","North Americal River Otter",1990-12-10,2004-12-10,0
106092,12,"24-Aug",2016,"Mammalia","Mus musculus","Common Mouse",2015-08-24,2016-08-24,1
98921,30,"4-Sep",2015,"Mammalia","Dasyprocta punctata","Red-rumped Agouti",2013-03-04,2015-09-04,-1
88938,240,"15-May",2009,"Reptilia","Boa constrictor","Boa Constrictor",1989-05-15,2009-05-15,1
61047,144,"30-Oct",2002,"Mammalia","Lontra canadensis","North Americal River Otter",1990-10-30,2002-10-30,1
104850,60,"31-Oct",2016,"Aves","Nymphicus hollandicus","Cockatiel",2011-10-31,2016-10-31,-1
71233,156,"7-Jul",2014,"Mammalia","Oryctolagus cuniculus","Domestic Rabbit",2001-07-07,2014-07-07,-1
21374,72,"24-Jul",2001,"Aves","Meleagris gallopavo","Domestic Lavender Turkey",1995-07-24,2001-07-24,-1
20223,108,"8-Aug",2006,"Aves","Gallus gallus","Domestic chicken",1997-08-08,2006-08-08,-1
96031,12,"18-Aug",2015,"Aves","Trichoglossus haematodus","Coconut lorikeet",2014-08-18,2015-08-18,-1
15025,198,"27-Feb",1999,"Mammalia","Acinonyx jubatus","Cheetah",1982-08-27,1999-02-27,0
55093,36,"28-Jun",2012,"Mammalia","Atelerix albiventris","Four-toed Hedgehog",2009-06-28,2012-06-28,0
54228,144,"15-Aug",2001,"Mammalia","Lemur catta","Ring-tailed Lemur",1989-08-15,2001-08-15,-1
67976,108,"25-Sep",2000,"Reptilia","Lampropeltis triangulum",NA,1991-09-25,2000-09-25,1
7245,372,"29-Apr",1999,"Mammalia","Ursus maritimus","Polar Bear",1968-04-29,1999-04-29,-1
56110,48,"25-Aug",2010,"Mammalia","Atelerix albiventris","Four-toed Hedgehog",2006-08-25,2010-08-25,-1
20894,396,"18-Mar",2004,"Aves","Phoenicopterus ruber","American flamingo",1971-03-18,2004-03-18,-1
55575,60,"17-Jul",2006,"Mammalia","Cynomys ludovicianus","Gunnison Prairie Dog",2001-07-17,2006-07-17,-1
73748,228,"14-Jul",2014,"Mammalia","Panthera onca","Jaguar",1995-07-14,2014-07-14,1
55433,60,"26-May",2010,"Mammalia","Oryctolagus cuniculus","Domestic Rabbit",2005-05-26,2010-05-26,-1
63284,108,"31-Dec",2008,"Mammalia","Heterocephalus glaber","Naked Mole Rat",1999-12-31,2008-12-31,-1
7010,54,"18-Feb",1999,"Mammalia","Oryctolagus cuniculus","Domestic Rabbit",1994-08-18,1999-02-18,-1
64240,36,"2-Nov",2010,"Mammalia","Rattus norvegicus","Typical Rat",2007-11-02,2010-11-02,-1
80529,168,"27-Oct",2000,"Aves","Dendrocygna autumnalis","Black-bellied Whistling duck",1986-10-27,2000-10-27,1
63736,24,"2-Nov",2005,"Mammalia","Mustela nigripes","Black Footed Ferret",2003-11-02,2005-11-02,-1
65205,90,"20-Dec",2013,"Mammalia","Capra hircus","San Clemente Goat",2006-06-20,2013-12-20,-1
100091,132,"20-Aug",2015,"Reptilia","Pantherophis guttatus","Corn snake",2004-08-20,2015-08-20,-1
84401,108,"22-May",2001,"Reptilia","Bitis nasicornis",NA,1992-05-22,2001-05-22,-1
63695,132,"11-Aug",2005,"Mammalia","Dasyprocta punctata","Red-rumped Agouti",1994-08-11,2005-08-11,1
9482,36,"22-Nov",1999,"Mammalia","Nanger dama","Addras Gazelle",1996-11-22,1999-11-22,-1
62991,36,"23-Aug",2011,"Mammalia","Taurotragus derbianus",NA,2008-08-23,2011-08-23,-1
42842,12,"3-Oct",2005,"Aves","Eos bornea","Red lory",2004-10-03,2005-10-03,-1
63077,96,"25-Aug",2010,"Mammalia","Oryctolagus cuniculus","Domestic Rabbit",2002-08-25,2010-08-25,-1
74196,60,"30-Jan",2006,"Mammalia","Osphranter rufus","Red Kangaroo",2001-01-30,2006-01-30,-1
20662,36,"25-May",2005,"Aves","Trichoglossus haematodus","Coconut lorikeet",2002-05-25,2005-05-25,0
55635,180,"28-Feb",2006,"Mammalia","Phacochoerus africanus","Warthog",1991-02-28,2006-02-28,0
68077,180,"23-Dec",2004,"Mammalia","Capra nubiana","Nubian Ibex",1989-12-23,2004-12-23,0
32225,102,"18-Dec",2013,"Aves","Megascops asio",NA,2005-06-18,2013-12-18,-1
64454,12,"21-Jul",2009,"Mammalia","Zalophus californianus","California Sealion",2008-07-21,2009-07-21,-1
21107,24,"22-May",2006,"Aves","Trichoglossus moluccanus","Rainbow lorikeet",2004-05-22,2006-05-22,-1
21016,84,"23-Apr",2010,"Aves","Trichoglossus haematodus","Coconut lorikeet",2003-04-23,2010-04-23,-1
62658,312,"28-Nov",2007,"Mammalia","Panthera onca","Jaguar",1981-11-28,2007-11-28,0
63282,120,"25-May",2012,"Mammalia","Oryctolagus cuniculus","Domestic Rabbit",2002-05-25,2012-05-25,1
106448,162,"7-Aug",2015,"Mammalia","Lycaon pictus","Cape Hunting Dog",2002-02-07,2015-08-07,1
21566,84,"24-Jan",2000,"Mammalia","Hydrochoerus hydrochaeris","Capybara",1993-01-24,2000-01-24,1
54467,96,"19-Apr",2011,"Mammalia","Lemur catta","Ring-tailed Lemur",2003-04-19,2011-04-19,-1
64018,120,"14-Jun",2012,"Mammalia","Tragelaphus strepsiceros","Kudu",2002-06-14,2012-06-14,-1
56139,8,"5-Mar",2010,"Mammalia","Mustela nigripes","Black Footed Ferret",2009-07-05,2010-03-05,-1
106489,240,"27-Mar",2015,"Mammalia","Panthera leo","Masai Lion",1995-03-27,2015-03-27,0
55598,96,"28-Aug",2006,"Mammalia","Hydrochoerus hydrochaeris","Capybara",1998-08-28,2006-08-28,-1
25675,240,"29-Jan",2004,"Aves","Platalea ajaja",NA,1984-01-29,2004-01-29,-1
55092,156,"23-Aug",2010,"Mammalia","Lycaon pictus","Cape Hunting Dog",1997-08-23,2010-08-23,-1
64736,48,"12-Apr",2004,"Mammalia","Procavia capensis","Rock Hyrax",2000-04-12,2004-04-12,-1
28133,408,"16-Apr",2012,"Aves","Platalea ajaja",NA,1978-04-16,2012-04-16,0
63209,222,"7-Feb",2005,"Mammalia","Panthera tigris","White Bengal Tiger",1986-08-07,2005-02-07,-1
32189,240,"26-Sep",2005,"Aves","Leucopsar rothschildi","Bali mynah",1985-09-26,2005-09-26,-1
69009,60,"3-Sep",2000,"Aves","Leucopsar rothschildi","Bali mynah",1995-09-03,2000-09-03,-1
104990,144,"4-Oct",2016,"Mammalia","Capra hircus","San Clemente Goat",2004-10-04,2016-10-04,1
52517,12,"4-Sep",2001,"Mammalia","Atelerix albiventris","Four-toed Hedgehog",2000-09-04,2001-09-04,-1
58731,48,"13-Aug",2003,"Mammalia","Suricata suricatta","Slender Tail Meerkat",1999-08-13,2003-08-13,-1
36355,120,"11-Mar",2014,"Aves","Dendrocygna autumnalis","Black-bellied Whistling duck",2004-03-11,2014-03-11,-1
37042,222,"15-Apr",2013,"Aves","Phoenicopterus chilensis","Chilean flamingo",1994-10-15,2013-04-15,-1
102003,24,"21-Aug",2015,"Mammalia","Rattus norvegicus","Typical Rat",2013-08-21,2015-08-21,1
104242,144,"17-Aug",2016,"Reptilia","Boa constrictor","Boa Constrictor",2004-08-17,2016-08-17,-1
71163,318,"5-Dec",2012,"Mammalia","Zalophus californianus","California Sealion",1986-06-05,2012-12-05,0
56764,156,"2-Jan",2009,"Mammalia","Canis lupus","Gray Wolf",1996-01-02,2009-01-02,-1
54894,120,"6-Mar",2008,"Mammalia","Ovis canadensis","Big Horn Sheep",1998-03-06,2008-03-06,-1
67935,66,"19-Nov",2014,"Mammalia","Atelerix albiventris","Four-toed Hedgehog",2009-05-19,2014-11-19,1
30125,288,"19-Sep",2011,"Aves","Phoenicopterus ruber","American flamingo",1987-09-19,2011-09-19,1
55166,156,"7-Dec",2007,"Mammalia","Ailurus fulgens","Red Panda",1994-12-07,2007-12-07,0
72770,36,"27-Apr",2005,"Mammalia","Rattus norvegicus","Typical Rat",2002-04-27,2005-04-27,-1
73755,72,"21-Jan",2014,"Mammalia","Cynomys ludovicianus","Gunnison Prairie Dog",2008-01-21,2014-01-21,1
33701,24,"12-Apr",2000,"Aves","Eos bornea","Red lory",1998-04-12,2000-04-12,-1
79830,72,"25-Jan",2013,"Mammalia","Litocranius walleri","Southern Gerenuk",2007-01-25,2013-01-25,-1
72089,108,"12-Sep",2014,"Mammalia","Canis lupus","Gray Wolf",2005-09-12,2014-09-12,-1
22511,24,"2-Apr",2003,"Aves","Trichoglossus moluccanus","Rainbow lorikeet",2001-04-02,2003-04-02,-1
106335,216,"27-May",2016,"Mammalia","Panthera uncia","Snow Leopard",1998-05-27,2016-05-27,1
83955,246,"4-Nov",2013,"Reptilia","Boa constrictor","Boa Constrictor",1993-05-04,2013-11-04,-1
86706,96,"13-Jan",2011,"Reptilia","Crotalus lepidus",NA,2003-01-13,2011-01-13,-1
106047,48,"16-Jul",2015,"Mammalia","Didelphis marsupialis","Oppossum",2011-07-16,2015-07-16,1
68232,150,"13-Aug",2014,"Mammalia","Suricata suricatta","Slender Tail Meerkat",2002-02-13,2014-08-13,1
62807,96,"16-Oct",2013,"Mammalia","Lycaon pictus","Cape Hunting Dog",2005-10-16,2013-10-16,-1
88844,132,"1-Aug",2001,"Reptilia","Eublepharis macularius","Leopard Gecko",1990-08-01,2001-08-01,1
37145,7,"3-Jan",2006,"Aves","Trichoglossus moluccanus","Rainbow lorikeet",2005-06-03,2006-01-03,-1
101785,78,"25-Mar",2015,"Mammalia","Mustela putorius","Ferret",2008-09-25,2015-03-25,1
62731,144,"14-Feb",2012,"Mammalia","Taurotragus derbianus",NA,2000-02-14,2012-02-14,-1
64108,324,"10-Mar",2003,"Mammalia","Zalophus californianus","California Sealion",1976-03-10,2003-03-10,0
102042,48,"9-May",2016,"Mammalia","Atelerix albiventris","Four-toed Hedgehog",2012-05-09,2016-05-09,-1
62390,144,"11-Jun",2001,"Mammalia","Capra hircus","San Clemente Goat",1989-06-11,2001-06-11,-1
77812,60,"17-Sep",2012,"Mammalia","Atelerix albiventris","Four-toed Hedgehog",2007-09-17,2012-09-17,1
62677,138,"12-Mar",2008,"Mammalia","Ovis aries","Sheep",1996-09-12,2008-03-12,1
34299,84,"14-Jul",2011,"Aves","Melopsittacus undulatus","Budgerigar",2004-07-14,2011-07-14,1
28166,240,"20-Oct",2003,"Aves","Phoenicopterus ruber","American flamingo",1983-10-20,2003-10-20,-1
100417,3,"15-Jan",2016,"Reptilia","Crotalus polystictus",NA,2015-10-15,2016-01-15,-1
95819,240,"10-Nov",2014,"Reptilia","Morelia viridis","Green Tree Python",1994-11-10,2014-11-10,1
78930,84,"15-May",2009,"Mammalia","Capra nubiana","Nubian Ibex",2002-05-15,2009-05-15,-1
60431,60,"28-May",2002,"Mammalia","Varecia variegata","Red/black Ruffed Lemur",1997-05-28,2002-05-28,-1
99568,132,"24-Jun",2015,"Mammalia","Capra hircus","San Clemente Goat",2004-06-24,2015-06-24,0
55321,96,"6-Nov",2006,"Mammalia","Leontopithecus chrysomelas","Golden-headed Tamarin",1998-11-06,2006-11-06,-1
56237,36,"14-Dec",2005,"Mammalia","Lycaon pictus","Cape Hunting Dog",2002-12-14,2005-12-14,-1
92480,216,"14-Aug",2007,"Reptilia","Eublepharis macularius","Leopard Gecko",1989-08-14,2007-08-14,-1
4550,180,"2-Jun",1999,"Mammalia","Saimiri sciureus","Common Squirrel Monkey",1984-06-02,1999-06-02,-1
60601,54,"1-Aug",2000,"Mammalia","Notamacropus rufogriseus","Red Wallaby",1996-02-01,2000-08-01,-1
64775,120,"28-Aug",2009,"Mammalia","Oryctolagus cuniculus","Domestic Rabbit",1999-08-28,2009-08-28,0
63674,72,"14-Mar",2011,"Mammalia","Dasyprocta punctata","Red-rumped Agouti",2005-03-14,2011-03-14,-1
53811,564,"30-May",2012,"Mammalia","Gorilla gorilla","Gorilla",1965-05-30,2012-05-30,-1
65809,186,"3-Apr",2014,"Mammalia","Eidolon helvum",NA,1998-10-03,2014-04-03,-1
62516,48,"2-Mar",2011,"Mammalia","Atelerix albiventris","Four-toed Hedgehog",2007-03-02,2011-03-02,1
63904,108,"26-Dec",2006,"Mammalia","Lycaon pictus","Cape Hunting Dog",1997-12-26,2006-12-26,0
34132,96,"10-Aug",2009,"Aves","Gallus gallus","Domestic chicken",2001-08-10,2009-08-10,1
75695,78,"21-Mar",2011,"Mammalia","Lemur catta","Ring-tailed Lemur",2004-09-21,2011-03-21,-1
54663,96,"30-Apr",2000,"Mammalia","Mustela putorius","Ferret",1992-04-30,2000-04-30,1
24762,120,"27-Feb",2013,"Aves","Leucopsar rothschildi","Bali mynah",2003-02-27,2013-02-27,-1
5960,24,"2-Aug",1998,"Mammalia","Capra hircus","San Clemente Goat",1996-08-02,1998-08-02,1
89968,156,"1-Oct",2010,"Reptilia","Corallus caninus","Emerald Tree boa",1997-10-01,2010-10-01,-1
96016,36,"18-Aug",2015,"Aves","Trichoglossus haematodus","Coconut lorikeet",2012-08-18,2015-08-18,-1
53433,276,"20-Dec",2012,"Mammalia","Saguinus oedipus","Tamarin Monkey",1989-12-20,2012-12-20,-1
97642,144,"4-Jun",2015,"Mammalia","Capra hircus","San Clemente Goat",2003-06-04,2015-06-04,-1
63146,72,"9-Dec",2002,"Mammalia","Mustela nigripes","Black Footed Ferret",1996-12-09,2002-12-09,1
95123,24,"30-May",2002,"Reptilia","Corallus caninus","Emerald Tree boa",2000-05-30,2002-05-30,-1
65918,12,"19-Aug",2010,"Mammalia","Capra nubiana","Nubian Ibex",2009-08-19,2010-08-19,-1
64033,36,"16-Aug",2007,"Mammalia","Mustela nigripes","Black Footed Ferret",2004-08-16,2007-08-16,-1
96745,120,"18-Mar",2015,"Reptilia","Crotalus polystictus",NA,2005-03-18,2015-03-18,-1
20190,156,"2-Mar",2010,"Aves","Gallus gallus","Domestic chicken",1997-03-02,2010-03-02,0
21441,276,"4-Jan",2011,"Aves","Eudocimus ruber","Scarlet Ibis",1988-01-04,2011-01-04,-1
73741,96,"2-Aug",2012,"Mammalia","Mustela nigripes","Black Footed Ferret",2004-08-02,2012-08-02,1
56719,24,"6-Jul",2012,"Mammalia","Procavia capensis","Rock Hyrax",2010-07-06,2012-07-06,-1
84425,48,"14-Oct",2003,"Reptilia","Crotalus polystictus",NA,1999-10-14,2003-10-14,-1
58452,36,"6-Nov",2001,"Mammalia","Cynomys ludovicianus","Gunnison Prairie Dog",1998-11-06,2001-11-06,-1
57678,84,"4-Jan",2002,"Mammalia","Giraffa camelopardalis","Baringo Giraffe",1995-01-04,2002-01-04,-1
54597,24,"2-Sep",2010,"Mammalia","Rattus norvegicus","Typical Rat",2008-09-02,2010-09-02,-1
39427,300,"25-Sep",2012,"Aves","Spheniscus humboldti","Humboldt Penguin",1987-09-25,2012-09-25,-1
62943,192,"16-Jul",2010,"Mammalia","Panthera tigris","White Bengal Tiger",1994-07-16,2010-07-16,-1
64292,60,"24-Feb",2003,"Mammalia","Mustela nigripes","Black Footed Ferret",1998-02-24,2003-02-24,-1
74244,60,"3-Jan",2014,"Mammalia","Mustela putorius","Ferret",2009-01-03,2014-01-03,-1
84299,288,"13-Dec",2012,"Mammalia","Panthera leo","Masai Lion",1988-12-13,2012-12-13,0
104693,360,"13-Oct",2016,"Mammalia","Colobus guereza","Colobus Monkey",1986-10-13,2016-10-13,-1
92329,36,"20-Apr",2011,"Reptilia","Furcifer pardalis","Reunion chameleon",2008-04-20,2011-04-20,-1
37150,24,"13-Dec",2004,"Aves","Trichoglossus moluccanus","Rainbow lorikeet",2002-12-13,2004-12-13,-1
94546,24,"2-Sep",2003,"Reptilia","Crotalus polystictus",NA,2001-09-02,2003-09-02,-1
70925,24,"11-Jul",2006,"Mammalia","Rattus norvegicus","Typical Rat",2004-07-11,2006-07-11,0
90035,48,"2-Mar",2011,"Reptilia","Crotalus lepidus",NA,2007-03-02,2011-03-02,-1
27677,276,"22-Jul",2005,"Aves","Phoenicopterus chilensis","Chilean flamingo",1982-07-22,2005-07-22,-1
54435,156,"22-Dec",2010,"Mammalia","Eidolon helvum",NA,1997-12-22,2010-12-22,-1
97185,60,"16-Apr",2015,"Mammalia","Atelerix albiventris","Four-toed Hedgehog",2010-04-16,2015-04-16,-1
89414,216,"17-Sep",2009,"Reptilia","Lampropeltis getula",NA,1991-09-17,2009-09-17,1
18019,12,"20-Jan",2011,"Aves","Trichoglossus haematodus","Coconut lorikeet",2010-01-20,2011-01-20,-1
21234,24,"3-Jul",2003,"Aves","Eos bornea","Red lory",2001-07-03,2003-07-03,-1
79486,48,"29-Nov",2012,"Mammalia","Capra hircus","San Clemente Goat",2008-11-29,2012-11-29,-1
67774,108,"12-Jun",2008,"Mammalia","Osphranter rufus","Red Kangaroo",1999-06-12,2008-06-12,1
36147,8,"18-May",2010,"Aves","Trichoglossus moluccanus","Rainbow lorikeet",2009-09-18,2010-05-18,-1
78290,336,"13-Jan",2004,"Mammalia","Zalophus californianus","California Sealion",1976-01-13,2004-01-13,-1
60573,132,"8-Aug",2003,"Mammalia","Osphranter robustus","Wallaroo",1992-08-08,2003-08-08,-1
80176,9,"10-Nov",2011,"Mammalia","Litocranius walleri","Southern Gerenuk",2011-02-10,2011-11-10,0
91538,144,"11-Dec",2000,"Mammalia","Nanger dama","Addras Gazelle",1988-12-11,2000-12-11,-1
27451,156,"28-Aug",2014,"Aves","Dendrocygna autumnalis","Black-bellied Whistling duck",2001-08-28,2014-08-28,-1
47162,132,"21-Jan",2014,"Aves","Meleagris gallopavo","Domestic Lavender Turkey",2003-01-21,2014-01-21,1
62673,216,"21-Sep",2007,"Mammalia","Capra nubiana","Nubian Ibex",1989-09-21,2007-09-21,-1
22153,264,"12-Jan",2004,"Aves","Phoenicopterus chilensis","Chilean flamingo",1982-01-12,2004-01-12,-1
55222,84,"5-Apr",2010,"Mammalia","Oryctolagus cuniculus","Domestic Rabbit",2003-04-05,2010-04-05,-1
68643,168,"27-Feb",2011,"Mammalia","Suricata suricatta","Slender Tail Meerkat",1997-02-27,2011-02-27,1
56037,252,"17-Jul",2007,"Mammalia","Lama glama","Llama",1986-07-17,2007-07-17,-1
20722,228,"25-Apr",2006,"Aves","Platalea ajaja",NA,1987-04-25,2006-04-25,-1
91007,180,"9-Dec",2002,"Reptilia","Morelia viridis","Green Tree Python",1987-12-09,2002-12-09,-1
85830,84,"7-Aug",2003,"Reptilia","Bitis nasicornis",NA,1996-08-07,2003-08-07,-1
76893,84,"24-Jan",2013,"Mammalia","Acinonyx jubatus","Cheetah",2006-01-24,2013-01-24,0
62488,60,"23-Aug",2011,"Mammalia","Capra hircus","San Clemente Goat",2006-08-23,2011-08-23,0
27501,492,"14-Jun",2011,"Aves","Phoenicopterus ruber","American flamingo",1970-06-14,2011-06-14,-1
30886,7,"23-Feb",2004,"Aves","Neophema splendida",NA,2003-07-23,2004-02-23,-1
29897,114,"26-Sep",2003,"Aves","Dendrocygna autumnalis","Black-bellied Whistling duck",1994-03-26,2003-09-26,-1
19241,24,"14-Jun",2013,"Aves","Eudocimus ruber","Scarlet Ibis",2011-06-14,2013-06-14,-1
53561,252,"12-Jul",2013,"Mammalia","Lontra canadensis","North Americal River Otter",1992-07-12,2013-07-12,-1
28178,126,"18-Feb",2010,"Aves","Dendrocygna autumnalis","Black-bellied Whistling duck",1999-08-18,2010-02-18,-1
3120,24,"30-Jun",1997,"Mammalia","Oryctolagus cuniculus","Domestic Rabbit",1995-06-30,1997-06-30,-1
98041,252,"9-Jun",2015,"Mammalia","Panthera tigris","White Bengal Tiger",1994-06-09,2015-06-09,-1
95420,162,"30-Apr",2013,"Reptilia","Crotalus polystictus",NA,1999-10-30,2013-04-30,-1
105798,60,"7-Oct",2016,"Mammalia","Atelerix albiventris","Four-toed Hedgehog",2011-10-07,2016-10-07,1
104636,48,"28-Oct",2016,"Aves","Trichoglossus haematodus","Coconut lorikeet",2012-10-28,2016-10-28,-1
64663,36,"16-May",2001,"Mammalia","Procavia capensis","Rock Hyrax",1998-05-16,2001-05-16,0
64085,4,"22-Mar",2006,"Mammalia","Suricata suricatta","Slender Tail Meerkat",2005-11-22,2006-03-22,-1
97255,24,"4-May",2015,"Mammalia","Sylvilagus transitionalis",NA,2013-05-04,2015-05-04,-1
91940,48,"21-Jul",2009,"Reptilia","Crotalus lepidus",NA,2005-07-21,2009-07-21,-1
22163,96,"18-May",2007,"Aves","Dendrocygna autumnalis","Black-bellied Whistling duck",1999-05-18,2007-05-18,1
64754,312,"11-Oct",2011,"Mammalia","Pan troglodytes","Chimpanzee",1985-10-11,2011-10-11,-1
54437,192,"7-Oct",2008,"Mammalia","Saimiri sciureus","Common Squirrel Monkey",1992-10-07,2008-10-07,-1
28660,264,"19-Jul",2012,"Aves","Phoenicopterus ruber","American flamingo",1990-07-19,2012-07-19,-1
90248,204,"25-Aug",2004,"Reptilia","Morelia viridis","Green Tree Python",1987-08-25,2004-08-25,-1
98462,72,"15-Jun",2015,"Aves","Dendrocygna autumnalis","Black-bellied Whistling duck",2009-06-15,2015-06-15,1
42220,84,"15-Jun",2010,"Aves","Gallus gallus","Domestic chicken",2003-06-15,2010-06-15,0
105966,216,"28-Nov",2016,"Mammalia","Zalophus californianus","California Sealion",1998-11-28,2016-11-28,1
106005,120,"16-Mar",2015,"Mammalia","Lycaon pictus","Cape Hunting Dog",2005-03-16,2015-03-16,0
105791,120,"9-Jan",2017,"Mammalia","Chinchilla brevicaudata","Chinchilla",2007-01-09,2017-01-09,-1
99475,150,"21-Sep",2015,"Mammalia","Lycaon pictus","Cape Hunting Dog",2003-03-21,2015-09-21,-1
57056,24,"2-Jan",2007,"Mammalia","Leontopithecus chrysomelas","Golden-headed Tamarin",2005-01-02,2007-01-02,-1
101666,84,"22-Mar",2016,"Amphibia","Pipa pipa","Surinam toad",2009-03-22,2016-03-22,0
81872,12,"2-Sep",2003,"Reptilia","Erpeton tentaculatum","Tentacled snake",2002-09-02,2003-09-02,-1
67984,168,"27-Nov",2006,"Mammalia","Ovis aries","Sheep",1992-11-27,2006-11-27,1
103988,72,"9-Aug",2016,"Mammalia","Mustela nigripes","Black Footed Ferret",2010-08-09,2016-08-09,-1
99515,120,"19-Apr",2016,"Reptilia","Boa constrictor","Boa Constrictor",2006-04-19,2016-04-19,-1
87501,240,"14-Jun",2007,"Reptilia","Pantherophis guttatus","Corn snake",1987-06-14,2007-06-14,-1
61501,72,"17-Jan",2003,"Mammalia","Suricata suricatta","Slender Tail Meerkat",1997-01-17,2003-01-17,0
64057,138,"12-Apr",2004,"Mammalia","Acinonyx jubatus","Cheetah",1992-10-12,2004-04-12,0
100293,72,"27-Oct",2015,"Aves","Nymphicus hollandicus","Cockatiel",2009-10-27,2015-10-27,1
60344,132,"11-Jul",2001,"Mammalia","Capra hircus","San Clemente Goat",1990-07-11,2001-07-11,-1
85669,144,"28-Nov",2008,"Reptilia","Eublepharis macularius","Leopard Gecko",1996-11-28,2008-11-28,-1
73153,132,"13-Apr",2011,"Mammalia","Tragelaphus strepsiceros","Kudu",2000-04-13,2011-04-13,0
95828,24,"8-Jan",2015,"Mammalia","Atelerix albiventris","Four-toed Hedgehog",2013-01-08,2015-01-08,-1
95174,24,"12-Apr",2013,"Reptilia","Crotalus lepidus",NA,2011-04-12,2013-04-12,-1
94381,96,"22-May",2001,"Reptilia","Erpeton tentaculatum","Tentacled snake",1993-05-22,2001-05-22,-1
98445,120,"10-Jul",2015,"Mammalia","Leontopithecus chrysomelas","Golden-headed Tamarin",2005-07-10,2015-07-10,0
32015,84,"2-Sep",2011,"Aves","Melopsittacus undulatus","Budgerigar",2004-09-02,2011-09-02,-1
104259,84,"1-Sep",2016,"Aves","Nymphicus hollandicus","Cockatiel",2009-09-01,2016-09-01,-1
58080,336,"20-Aug",2009,"Mammalia","Mandrillus sphinx","Mandrill",1981-08-20,2009-08-20,1
30076,492,"24-Jan",2011,"Aves","Phoenicopterus ruber","American flamingo",1970-01-24,2011-01-24,-1
93903,108,"9-May",2011,"Reptilia","Corallus caninus","Emerald Tree boa",2002-05-09,2011-05-09,-1
55713,132,"26-Nov",2004,"Mammalia","Panthera leo","Masai Lion",1993-11-26,2004-11-26,-1
86834,12,"21-Feb",2007,"Reptilia","Bitis nasicornis",NA,2006-02-21,2007-02-21,-1
83299,216,"16-Aug",2002,"Reptilia","Boa constrictor","Boa Constrictor",1984-08-16,2002-08-16,-1
84471,24,"27-Dec",2005,"Reptilia","Bitis nasicornis",NA,2003-12-27,2005-12-27,-1
21273,48,"2-Jun",2006,"Aves","Trichoglossus haematodus","Coconut lorikeet",2002-06-02,2006-06-02,-1
101481,60,"28-May",2015,"Mammalia","Atelerix albiventris","Four-toed Hedgehog",2010-05-28,2015-05-28,1
98511,168,"10-Jul",2015,"Mammalia","Macropus eugenii",NA,2001-07-10,2015-07-10,-1
44674,96,"18-Jul",2003,"Mammalia","Pusa hispida",NA,1995-07-18,2003-07-18,0
93030,156,"25-Jan",2012,"Reptilia","Boa constrictor","Boa Constrictor",1999-01-25,2012-01-25,-1
35349,12,"27-Jun",2003,"Aves","Eos bornea","Red lory",2002-06-27,2003-06-27,-1
64749,24,"26-Nov",2010,"Mammalia","Atelerix albiventris","Four-toed Hedgehog",2008-11-26,2010-11-26,1
9760,10,"12-Jul",2001,"Amphibia","Phyllomedusa bicolor","Giant Waxy Tree Frog",2000-09-12,2001-07-12,-1
64266,90,"25-Mar",2013,"Mammalia","Tragelaphus strepsiceros","Kudu",2005-09-25,2013-03-25,-1
74035,12,"19-Jul",2013,"Mammalia","Heterocephalus glaber","Naked Mole Rat",2012-07-19,2013-07-19,-1
103097,36,"1-Jul",2016,"Mammalia","Suricata suricatta","Slender Tail Meerkat",2013-07-01,2016-07-01,-1
64759,216,"22-Jun",2011,"Mammalia","Giraffa camelopardalis","Baringo Giraffe",1993-06-22,2011-06-22,-1
55897,18,"10-Jan",2007,"Mammalia","Atelerix albiventris","Four-toed Hedgehog",2005-07-10,2007-01-10,-1
9592,5,"19-Oct",2010,"Amphibia","Pipa pipa","Surinam toad",2010-05-19,2010-10-19,-1
36538,240,"8-Oct",2014,"Aves","Phoenicopterus ruber","American flamingo",1994-10-08,2014-10-08,-1
39996,228,"28-Sep",2012,"Aves","Spheniscus humboldti","Humboldt Penguin",1993-09-28,2012-09-28,0
64841,156,"27-Apr",2009,"Mammalia","Capra nubiana","Nubian Ibex",1996-04-27,2009-04-27,-1
23013,7,"10-Mar",2003,"Aves","Neophema splendida",NA,2002-08-10,2003-03-10,-1
55274,156,"18-May",2010,"Mammalia","Giraffa camelopardalis","Baringo Giraffe",1997-05-18,2010-05-18,1
62887,72,"26-Mar",2010,"Mammalia","Panthera tigris","White Bengal Tiger",2004-03-26,2010-03-26,-1
84549,144,"25-Mar",2005,"Reptilia","Eublepharis macularius","Leopard Gecko",1993-03-25,2005-03-25,-1
65530,24,"18-Feb",2003,"Mammalia","Osphranter rufus","Red Kangaroo",2001-02-18,2003-02-18,-1
55256,204,"26-Nov",2010,"Mammalia","Panthera uncia","Snow Leopard",1993-11-26,2010-11-26,-1
57141,102,"20-Apr",2006,"Mammalia","Hydrochoerus hydrochaeris","Capybara",1997-10-20,2006-04-20,1
100662,24,"3-Feb",2016,"Mammalia","Lycaon pictus","Cape Hunting Dog",2014-02-03,2016-02-03,-1
73272,168,"14-Oct",2004,"Mammalia","Nanger dama","Addras Gazelle",1990-10-14,2004-10-14,1
57091,18,"24-Apr",2001,"Mammalia","Litocranius walleri","Southern Gerenuk",1999-10-24,2001-04-24,-1
63083,192,"11-Jun",2008,"Mammalia","Ailurus fulgens","Red Panda",1992-06-11,2008-06-11,-1
91123,108,"9-Dec",2014,"Reptilia","Sceloporus cyanogenys","Blue spiny lizard",2005-12-09,2014-12-09,-1
56708,192,"9-Nov",2009,"Mammalia","Panthera tigris","White Bengal Tiger",1993-11-09,2009-11-09,1
83734,10,"28-Jan",2004,"Reptilia","Sceloporus cyanogenys","Blue spiny lizard",2003-03-28,2004-01-28,-1
55185,156,"20-Dec",2013,"Mammalia","Saguinus oedipus","Tamarin Monkey",2000-12-20,2013-12-20,0
56967,18,"6-Aug",2009,"Mammalia","Osphranter rufus","Red Kangaroo",2008-02-06,2009-08-06,-1
5742,144,"24-Apr",1998,"Mammalia","Saguinus oedipus","Tamarin Monkey",1986-04-24,1998-04-24,0
63391,336,"9-Nov",2004,"Mammalia","Ursus maritimus","Polar Bear",1976-11-09,2004-11-09,1
162066,218.26,"2-Dec",2003,"Mammalia","Panthera pardus",NA,1985-10-02,2003-12-02,1
2298,120,"10-Dec",1997,"Mammalia","Eudorcas thomsonii","Thompsons Gazelle",1987-12-10,1997-12-10,-1
73120,144,"9-Aug",2002,"Mammalia","Saguinus oedipus","Tamarin Monkey",1990-08-09,2002-08-09,1
95997,60,"6-Feb",2015,"Mammalia","Oryctolagus cuniculus","Domestic Rabbit",2010-02-06,2015-02-06,-1
38661,72,"19-Sep",2002,"Aves","Larosterna inca",NA,1996-09-19,2002-09-19,-1
101499,12,"16-Mar",2016,"Mammalia","Rattus norvegicus","Typical Rat",2015-03-16,2016-03-16,-1
88924,84,"15-Jun",2004,"Reptilia","Crotalus horridus","Timber rattlesnake",1997-06-15,2004-06-15,0
90974,84,"20-Jul",2004,"Reptilia","Pantherophis guttatus","Corn snake",1997-07-20,2004-07-20,-1
65759,144,"6-Nov",2013,"Mammalia","Saguinus oedipus","Tamarin Monkey",2001-11-06,2013-11-06,-1
103545,192,"18-Aug",2016,"Mammalia","Leontopithecus chrysomelas","Golden-headed Tamarin",2000-08-18,2016-08-18,-1
97294,192,"28-Apr",2015,"Aves","Dendrocygna autumnalis","Black-bellied Whistling duck",1999-04-28,2015-04-28,-1
57418,24,"26-Mar",2001,"Mammalia","Phacochoerus africanus","Warthog",1999-03-26,2001-03-26,-1
42795,120,"27-Aug",2007,"Mammalia","Pusa hispida",NA,1997-08-27,2007-08-27,-1
81197,132,"13-Jun",2006,"Reptilia","Boa constrictor","Boa Constrictor",1995-06-13,2006-06-13,-1
102582,36,"8-Jun",2016,"Aves","Melopsittacus undulatus","Budgerigar",2013-06-08,2016-06-08,0
105389,180,"11-Jan",2016,"Mammalia","Chinchilla brevicaudata","Chinchilla",2001-01-11,2016-01-11,1
54917,108,"2-Jul",2013,"Mammalia","Capra hircus","San Clemente Goat",2004-07-02,2013-07-02,0
91252,54,"7-Dec",2000,"Mammalia","Cynomys ludovicianus","Gunnison Prairie Dog",1996-06-07,2000-12-07,-1
92147,144,"10-Apr",2013,"Reptilia","Corallus caninus","Emerald Tree boa",2001-04-10,2013-04-10,-1
55284,192,"3-Feb",2010,"Mammalia","Osphranter robustus","Wallaroo",1994-02-03,2010-02-03,-1
19233,84,"27-Mar",2013,"Aves","Gallus gallus","Domestic chicken",2006-03-27,2013-03-27,-1
62594,228,"20-Apr",2009,"Mammalia","Panthera leo","Masai Lion",1990-04-20,2009-04-20,1
58101,84,"16-Dec",2005,"Mammalia","Carollia perspicillata","Seba Short-tailed Bat",1998-12-16,2005-12-16,-1
60157,60,"10-Mar",2003,"Mammalia","Litocranius walleri","Southern Gerenuk",1998-03-10,2003-03-10,-1
105082,324,"2-Nov",2016,"Reptilia","Gopherus agassizii",NA,1989-11-02,2016-11-02,-1
63239,312,"10-Mar",2003,"Mammalia","Panthera tigris","White Bengal Tiger",1977-03-10,2003-03-10,0
56071,24,"4-Aug",2008,"Mammalia","Saimiri sciureus","Common Squirrel Monkey",2006-08-04,2008-08-04,-1
28888,600,"16-Apr",2013,"Aves","Phoenicopterus ruber","American flamingo",1963-04-16,2013-04-16,-1
12030,48,"19-Jul",1999,"Mammalia","Acinonyx jubatus","Cheetah",1995-07-19,1999-07-19,-1
34438,156,"19-Nov",2007,"Aves","Oxyura jamaicensis",NA,1994-11-19,2007-11-19,1
99788,18,"28-Oct",2015,"Mammalia","Osphranter robustus","Wallaroo",2014-04-28,2015-10-28,-1
64550,84,"14-Jul",2008,"Mammalia","Rousettus aegyptiacus","Egyptian fruit bat",2001-07-14,2008-07-14,-1
85133,252,"26-Apr",2011,"Reptilia","Heloderma suspectum","Gila Monster",1990-04-26,2011-04-26,-1
60897,108,"12-Jan",2004,"Mammalia","Litocranius walleri","Southern Gerenuk",1995-01-12,2004-01-12,-1
102276,84,"12-May",2016,"Aves","Dendrocygna autumnalis","Black-bellied Whistling duck",2009-05-12,2016-05-12,-1
62881,96,"1-Aug",2014,"Mammalia","Capra hircus","San Clemente Goat",2006-08-01,2014-08-01,-1
23874,168,"4-Mar",2004,"Aves","Dendrocygna autumnalis","Black-bellied Whistling duck",1990-03-04,2004-03-04,0
36465,360,"23-Jun",2004,"Aves","Phoenicopterus ruber","American flamingo",1974-06-23,2004-06-23,1
76712,48,"18-May",2010,"Mammalia","Cebuella pygmaea","Pygmy Marmoset",2006-05-18,2010-05-18,-1
86397,84,"13-Dec",2013,"Reptilia","Eublepharis macularius","Leopard Gecko",2006-12-13,2013-12-13,-1
39888,9,"23-Jan",2006,"Aves","Trichoglossus haematodus","Coconut lorikeet",2005-04-23,2006-01-23,-1
100254,60,"9-Dec",2015,"Aves","Gallus gallus","Domestic chicken",2010-12-09,2015-12-09,-1
58393,324,"26-Jun",2009,"Mammalia","Saimiri sciureus","Common Squirrel Monkey",1982-06-26,2009-06-26,0
97244,60,"16-Apr",2015,"Mammalia","Hydrochoerus hydrochaeris","Capybara",2010-04-16,2015-04-16,-1
53282,120,"28-Apr",2004,"Aves","Eudocimus ruber","Scarlet Ibis",1994-04-28,2004-04-28,0
52336,144,"17-Aug",2009,"Mammalia","Suricata suricatta","Slender Tail Meerkat",1997-08-17,2009-08-17,-1
41041,156,"11-May",2011,"Aves","Spheniscus humboldti","Humboldt Penguin",1998-05-11,2011-05-11,-1
57319,42,"20-Feb",2014,"Mammalia","Atelerix albiventris","Four-toed Hedgehog",2010-08-20,2014-02-20,1
89643,216,"16-Aug",2004,"Reptilia","Gopherus agassizii",NA,1986-08-16,2004-08-16,-1
36761,72,"2-Jun",2006,"Aves","Dendrocygna autumnalis","Black-bellied Whistling duck",2000-06-02,2006-06-02,-1
65590,2,"5-Feb",2001,"Mammalia","Heterocephalus glaber","Naked Mole Rat",2000-12-05,2001-02-05,-1
104758,2,"6-Oct",2016,"Mammalia","Sylvilagus transitionalis",NA,2016-08-06,2016-10-06,-1
54301,24,"11-Jul",2008,"Mammalia","Rattus norvegicus","Typical Rat",2006-07-11,2008-07-11,-1
54669,144,"7-Sep",2007,"Mammalia","Addax nasomaculatus","Addax",1995-09-07,2007-09-07,-1
95897,168,"28-Jan",2015,"Mammalia","Capra hircus","San Clemente Goat",2001-01-28,2015-01-28,0
106200,372,"28-Jul",2016,"Mammalia","Ursus maritimus","Polar Bear",1985-07-28,2016-07-28,0
73465,324,"27-Feb",2014,"Mammalia","Lama glama","Llama",1987-02-27,2014-02-27,-1
94532,192,"7-Jan",2011,"Reptilia","Pantherophis guttatus","Corn snake",1995-01-07,2011-01-07,1
54047,24,"22-Jan",2001,"Mammalia","Atelerix albiventris","Four-toed Hedgehog",1999-01-22,2001-01-22,-1
55151,120,"28-Jan",2005,"Mammalia","Procavia capensis","Rock Hyrax",1995-01-28,2005-01-28,-1
99874,168,"7-Oct",2015,"Aves","Megascops asio",NA,2001-10-07,2015-10-07,-1
74892,72,"23-Sep",2010,"Mammalia","Mustela nigripes","Black Footed Ferret",2004-09-23,2010-09-23,-1
99461,36,"30-Sep",2015,"Mammalia","Tragelaphus strepsiceros","Kudu",2012-09-30,2015-09-30,-1
30899,132,"22-Mar",2001,"Aves","Oxyura jamaicensis",NA,1990-03-22,2001-03-22,-1
73777,168,"25-Aug",2005,"Mammalia","Capra hircus","San Clemente Goat",1991-08-25,2005-08-25,1
64575,72,"5-Sep",2003,"Mammalia","Mustela nigripes","Black Footed Ferret",1997-09-05,2003-09-05,0
64874,60,"17-Jan",2012,"Mammalia","Lycaon pictus","Cape Hunting Dog",2007-01-17,2012-01-17,-1
87348,9,"4-Jan",2001,"Reptilia","Corallus caninus","Emerald Tree boa",2000-04-04,2001-01-04,-1
27831,96,"29-Aug",2012,"Aves","Nymphicus hollandicus","Cockatiel",2004-08-29,2012-08-29,-1
35058,84,"10-Dec",2004,"Aves","Leucopsar rothschildi","Bali mynah",1997-12-10,2004-12-10,-1
24357,168,"27-Feb",2000,"Mammalia","Ovis aries","Sheep",1986-02-27,2000-02-27,-1
64449,84,"31-Aug",2012,"Mammalia","Procavia capensis","Rock Hyrax",2005-08-31,2012-08-31,-1
100557,150,"6-Jan",2016,"Mammalia","Canis lupus","Gray Wolf",2003-07-06,2016-01-06,-1
63227,96,"3-Apr",2002,"Mammalia","Procavia capensis","Rock Hyrax",1994-04-03,2002-04-03,-1
72767,24,"3-Nov",2008,"Mammalia","Rattus norvegicus","Typical Rat",2006-11-03,2008-11-03,-1
71980,180,"2-Aug",2005,"Mammalia","Lemur catta","Ring-tailed Lemur",1990-08-02,2005-08-02,1
73375,72,"5-Jun",2012,"Mammalia","Petaurus breviceps","Pygmy Sugar Glider",2006-06-05,2012-06-05,0
92528,132,"25-Jan",2002,"Reptilia","Lampropeltis triangulum",NA,1991-01-25,2002-01-25,-1
23995,12,"6-May",2002,"Aves","Trichoglossus moluccanus","Rainbow lorikeet",2001-05-06,2002-05-06,-1
23157,72,"21-Jul",2006,"Aves","Gallus gallus","Domestic chicken",2000-07-21,2006-07-21,-1
79461,252,"7-Jun",2011,"Mammalia","Zalophus californianus","California Sealion",1990-06-07,2011-06-07,-1
38269,372,"22-Aug",2013,"Aves","Phoenicopterus chilensis","Chilean flamingo",1982-08-22,2013-08-22,-1
55836,36,"12-Aug",2004,"Mammalia","Procavia capensis","Rock Hyrax",2001-08-12,2004-08-12,-1
77765,24,"8-Jun",2005,"Mammalia","Zalophus californianus","California Sealion",2003-06-08,2005-06-08,-1
98793,180,"4-Aug",2015,"Mammalia","Ovis aries","Sheep",2000-08-04,2015-08-04,-1
65141,90,"11-Mar",2013,"Mammalia","Taurotragus derbianus",NA,2005-09-11,2013-03-11,-1
62948,264,"8-May",2008,"Mammalia","Ursus maritimus","Polar Bear",1986-05-08,2008-05-08,1
2761,60,"12-May",1997,"Amphibia","Pipa pipa","Surinam toad",1992-05-12,1997-05-12,-1
76743,216,"6-Jan",2003,"Mammalia","Panthera uncia","Snow Leopard",1985-01-06,2003-01-06,1
103359,156,"14-Jul",2016,"Aves","Meleagris gallopavo","Domestic Lavender Turkey",2003-07-14,2016-07-14,-1
31119,60,"5-Sep",2013,"Aves","Oxyura jamaicensis",NA,2008-09-05,2013-09-05,-1
19815,216,"17-Nov",2006,"Aves","Leucopsar rothschildi","Bali mynah",1988-11-17,2006-11-17,1
75280,18,"21-Jun",2002,"Mammalia","Atelerix albiventris","Four-toed Hedgehog",2000-12-21,2002-06-21,0
53733,84,"24-May",2011,"Mammalia","Suricata suricatta","Slender Tail Meerkat",2004-05-24,2011-05-24,-1
58391,180,"10-Jan",2003,"Mammalia","Ailurus fulgens","Red Panda",1988-01-10,2003-01-10,-1
63846,180,"28-Mar",2014,"Mammalia","Panthera tigris","White Bengal Tiger",1999-03-28,2014-03-28,-1
55506,102,"27-Feb",2008,"Mammalia","Procavia capensis","Rock Hyrax",1999-08-27,2008-02-27,-1
54503,216,"1-Jun",2005,"Mammalia","Lontra canadensis","North Americal River Otter",1987-06-01,2005-06-01,-1
84886,30,"8-Aug",2006,"Reptilia","Sceloporus cyanogenys","Blue spiny lizard",2004-02-08,2006-08-08,-1
64981,120,"8-May",2012,"Mammalia","Dasyprocta punctata","Red-rumped Agouti",2002-05-08,2012-05-08,0
85974,300,"13-Aug",2012,"Reptilia","Pantherophis guttatus","Corn snake",1987-08-13,2012-08-13,1
34461,102,"3-Mar",2002,"Mammalia","Pusa hispida",NA,1993-09-03,2002-03-03,1
80412,24,"23-Aug",2001,"Mammalia","Notamacropus rufogriseus","Red Wallaby",1999-08-23,2001-08-23,-1
53862,72,"7-Jan",2002,"Mammalia","Osphranter robustus","Wallaroo",1996-01-07,2002-01-07,-1
39966,96,"9-Aug",2013,"Aves","Meleagris gallopavo","Domestic Lavender Turkey",2005-08-09,2013-08-09,-1
60466,6,"24-Sep",2001,"Mammalia","Ovis aries","Sheep",2001-03-24,2001-09-24,-1
60787,168,"27-Sep",2010,"Mammalia","Canis lupus","Gray Wolf",1996-09-27,2010-09-27,0
63134,108,"13-Nov",2003,"Mammalia","Chinchilla brevicaudata","Chinchilla",1994-11-13,2003-11-13,-1
106534,228,"4-Apr",2016,"Reptilia","Boa constrictor","Boa Constrictor",1997-04-04,2016-04-04,0
29663,96,"31-Mar",2000,"Mammalia","Ovis aries","Sheep",1992-03-31,2000-03-31,-1
40350,72,"13-May",2013,"Aves","Trichoglossus haematodus","Coconut lorikeet",2007-05-13,2013-05-13,-1
103399,132,"9-Oct",2015,"Mammalia","Macropus eugenii",NA,2004-10-09,2015-10-09,1
28062,228,"13-Jun",2007,"Aves","Megascops asio",NA,1988-06-13,2007-06-13,0
87979,12,"26-Dec",2006,"Reptilia","Erpeton tentaculatum","Tentacled snake",2005-12-26,2006-12-26,-1
58853,228,"10-Jun",2011,"Mammalia","Panthera tigris","White Bengal Tiger",1992-06-10,2011-06-10,-1
43222,60,"27-Apr",2011,"Aves","Meleagris gallopavo","Domestic Lavender Turkey",2006-04-27,2011-04-27,-1
106381,192,"15-Mar",2016,"Mammalia","Panthera leo","Masai Lion",2000-03-15,2016-03-15,1
62405,144,"14-Jul",2002,"Mammalia","Capra hircus","San Clemente Goat",1990-07-14,2002-07-14,-1
98068,96,"2-Jul",2015,"Mammalia","Oryctolagus cuniculus","Domestic Rabbit",2007-07-02,2015-07-02,-1
99793,144,"28-Oct",2015,"Mammalia","Nanger dama","Addras Gazelle",2003-10-28,2015-10-28,-1
5168,60,"4-May",1998,"Mammalia","Tragelaphus strepsiceros","Kudu",1993-05-04,1998-05-04,-1
23800,336,"20-Dec",2013,"Aves","Phoenicopterus chilensis","Chilean flamingo",1985-12-20,2013-12-20,-1
27876,60,"8-Sep",2008,"Aves","Trichoglossus haematodus","Coconut lorikeet",2003-09-08,2008-09-08,-1
60374,192,"29-Oct",2003,"Mammalia","Capra nubiana","Nubian Ibex",1987-10-29,2003-10-29,-1
104357,342,"16-Sep",2016,"Aves","Spheniscus humboldti","Humboldt Penguin",1988-03-16,2016-09-16,0
17559,24,"9-May",2003,"Aves","Eos bornea","Red lory",2001-05-09,2003-05-09,-1
99862,180,"7-Oct",2015,"Aves","Megascops asio",NA,2000-10-07,2015-10-07,1
81186,288,"13-Mar",2014,"Mammalia","Varecia variegata","Red/black Ruffed Lemur",1990-03-13,2014-03-13,0
99988,24,"15-Oct",2015,"Mammalia","Rattus norvegicus","Typical Rat",2013-10-15,2015-10-15,-1
89896,12,"15-Jun",2004,"Reptilia","Sceloporus cyanogenys","Blue spiny lizard",2003-06-15,2004-06-15,-1
4664,36,"23-Mar",1998,"Mammalia","Ursus maritimus","Polar Bear",1995-03-23,1998-03-23,1
89177,204,"26-Feb",2010,"Mammalia","Acinonyx jubatus","Cheetah",1993-02-26,2010-02-26,1
48343,120,"8-Jun",2000,"Mammalia","Cebuella pygmaea","Pygmy Marmoset",1990-06-08,2000-06-08,-1
55861,84,"28-Dec",2012,"Mammalia","Suricata suricatta","Slender Tail Meerkat",2005-12-28,2012-12-28,-1
99576,12,"19-Apr",2016,"Mammalia","Sylvilagus transitionalis",NA,2015-04-19,2016-04-19,-1
65605,24,"20-Jul",2012,"Mammalia","Eidolon helvum",NA,2010-07-20,2012-07-20,-1
42792,36,"2-Sep",2003,"Aves","Eos bornea","Red lory",2000-09-02,2003-09-02,-1
96100,48,"18-Aug",2015,"Aves","Trichoglossus haematodus","Coconut lorikeet",2011-08-18,2015-08-18,-1
80779,84,"15-Nov",2010,"Mammalia","Mustela putorius","Ferret",2003-11-15,2010-11-15,1
104995,108,"1-Nov",2016,"Mammalia","Petaurus breviceps","Pygmy Sugar Glider",2007-11-01,2016-11-01,1
35395,12,"30-Aug",2004,"Aves","Eos bornea","Red lory",2003-08-30,2004-08-30,-1
72261,120,"3-Jan",2011,"Mammalia","Saguinus oedipus","Tamarin Monkey",2001-01-03,2011-01-03,-1
55623,2,"8-Sep",2008,"Mammalia","Mustela nigripes","Black Footed Ferret",2008-07-08,2008-09-08,-1
93571,72,"22-Jul",2011,"Reptilia","Pantherophis guttatus","Corn snake",2005-07-22,2011-07-22,-1
1981,348,"27-Jun",1996,"Mammalia","Zalophus californianus","California Sealion",1967-06-27,1996-06-27,-1
54208,168,"27-May",2010,"Mammalia","Pteropus rodricensis","Rodrigues Fruit Bat",1996-05-27,2010-05-27,-1
86891,24,"24-Feb",2003,"Reptilia","Erpeton tentaculatum","Tentacled snake",2001-02-24,2003-02-24,-1
56958,180,"20-Aug",2009,"Mammalia","Ailurus fulgens","Red Panda",1994-08-20,2009-08-20,0
26438,48,"3-Oct",2003,"Aves","Gallus gallus","Domestic chicken",1999-10-03,2003-10-03,-1
27695,96,"5-Feb",2010,"Aves","Trichoglossus haematodus","Coconut lorikeet",2002-02-05,2010-02-05,-1
36489,120,"16-Mar",2007,"Aves","Platalea ajaja",NA,1997-03-16,2007-03-16,-1
98589,108,"3-Aug",2015,"Mammalia","Ailurus fulgens","Red Panda",2006-08-03,2015-08-03,-1
99435,2,"21-Sep",2015,"Mammalia","Sylvilagus transitionalis",NA,2015-07-21,2015-09-21,0
64999,36,"7-Feb",2013,"Mammalia","Hydrochoerus hydrochaeris","Capybara",2010-02-07,2013-02-07,-1
56845,276,"28-May",2014,"Mammalia","Saimiri sciureus","Common Squirrel Monkey",1991-05-28,2014-05-28,0
87196,36,"17-Oct",2006,"Reptilia","Crotalus lepidus",NA,2003-10-17,2006-10-17,-1
96787,234,"9-Mar",2015,"Aves","Platalea ajaja",NA,1995-09-09,2015-03-09,-1
34212,72,"17-Sep",2013,"Aves","Melopsittacus undulatus","Budgerigar",2007-09-17,2013-09-17,1
37141,7,"2-Apr",2002,"Aves","Trichoglossus moluccanus","Rainbow lorikeet",2001-09-02,2002-04-02,-1
54924,240,"10-Apr",2014,"Mammalia","Pteropus rodricensis","Rodrigues Fruit Bat",1994-04-10,2014-04-10,-1
28741,372,"30-Jul",2014,"Aves","Phoenicopterus ruber","American flamingo",1983-07-30,2014-07-30,1
73421,144,"1-Sep",2005,"Mammalia","Acinonyx jubatus","Cheetah",1993-09-01,2005-09-01,0
68283,24,"13-Dec",2011,"Mammalia","Rattus norvegicus","Typical Rat",2009-12-13,2011-12-13,0
100387,288,"4-Jan",2016,"Mammalia","Mandrillus sphinx","Mandrill",1992-01-04,2016-01-04,-1
77970,7,"11-Nov",2010,"Mammalia","Oryctolagus cuniculus","Domestic Rabbit",2010-04-11,2010-11-11,-1
62951,180,"14-Feb",2014,"Mammalia","Artibeus jamaicensis","Jamaican Fruit bat",1999-02-14,2014-02-14,-1
88999,192,"8-Jul",2008,"Reptilia","Pantherophis guttatus","Corn snake",1992-07-08,2008-07-08,-1
101258,60,"17-Apr",2015,"Aves","Gallus gallus","Domestic chicken",2010-04-17,2015-04-17,1
62564,144,"15-May",2002,"Mammalia","Panthera uncia","Snow Leopard",1990-05-15,2002-05-15,1
20155,168,"3-Dec",2013,"Aves","Gallus gallus","Domestic chicken",1999-12-03,2013-12-03,-1
58741,15,"31-Jul",2013,"Mammalia","Nanger dama","Addras Gazelle",2012-04-30,2013-07-31,-1
104006,36,"22-Aug",2016,"Mammalia","Oryctolagus cuniculus","Domestic Rabbit",2013-08-22,2016-08-22,-1
92297,96,"31-May",2013,"Reptilia","Crotalus horridus","Timber rattlesnake",2005-05-31,2013-05-31,-1
25740,144,"12-May",2005,"Aves","Eudocimus ruber","Scarlet Ibis",1993-05-12,2005-05-12,-1
39446,48,"1-Sep",2005,"Aves","Trichoglossus haematodus","Coconut lorikeet",2001-09-01,2005-09-01,-1
68242,204,"25-May",2006,"Mammalia","Mandrillus sphinx","Mandrill",1989-05-25,2006-05-25,1
73194,180,"23-Oct",2012,"Mammalia","Capra hircus","San Clemente Goat",1997-10-23,2012-10-23,0
101566,192,"25-Feb",2016,"Reptilia","Corallus caninus","Emerald Tree boa",2000-02-25,2016-02-25,-1
73788,24,"21-Mar",2011,"Mammalia","Didelphis marsupialis","Oppossum",2009-03-21,2011-03-21,1
23158,180,"15-Aug",2014,"Aves","Gallus gallus","Domestic chicken",1999-08-15,2014-08-15,-1
6941,180,"25-Mar",1999,"Reptilia","Boa constrictor","Boa Constrictor",1984-03-25,1999-03-25,-1
33560,132,"22-Jul",2002,"Aves","Dendrocygna autumnalis","Black-bellied Whistling duck",1991-07-22,2002-07-22,1
88823,84,"13-Jul",2012,"Reptilia","Pantherophis guttatus","Corn snake",2005-07-13,2012-07-13,1
62579,72,"28-Jul",2006,"Mammalia","Mustela putorius","Ferret",2000-07-28,2006-07-28,1
78239,48,"6-Aug",2003,"Mammalia","Tragelaphus strepsiceros","Kudu",1999-08-06,2003-08-06,-1
31646,24,"30-Oct",2007,"Aves","Trichoglossus moluccanus","Rainbow lorikeet",2005-10-30,2007-10-30,-1
77359,54,"21-Dec",2011,"Mammalia","Acinonyx jubatus","Cheetah",2007-06-21,2011-12-21,-1
57912,180,"30-Oct",2012,"Mammalia","Addax nasomaculatus","Addax",1997-10-30,2012-10-30,-1
106566,168,"7-Aug",2015,"Mammalia","Lycaon pictus","Cape Hunting Dog",2001-08-07,2015-08-07,1
18922,24,"18-Dec",2007,"Aves","Trichoglossus moluccanus","Rainbow lorikeet",2005-12-18,2007-12-18,-1
32034,60,"25-Mar",2003,"Aves","Oxyura jamaicensis",NA,1998-03-25,2003-03-25,-1
81146,168,"24-Mar",2010,"Reptilia","Corallus caninus","Emerald Tree boa",1996-03-24,2010-03-24,-1
54552,360,"14-Jan",2006,"Mammalia","Gorilla gorilla","Gorilla",1976-01-14,2006-01-14,-1
62838,60,"18-Dec",2007,"Mammalia","Atelerix albiventris","Four-toed Hedgehog",2002-12-18,2007-12-18,0
162118,25.2,"19-Apr",2013,"Mammalia","Rattus norvegicus","Typical Rat",2011-03-19,2013-04-19,0
32259,24,"13-May",2013,"Aves","Neophema splendida",NA,2011-05-13,2013-05-13,-1
19892,180,"4-Feb",2008,"Aves","Eudocimus ruber","Scarlet Ibis",1993-02-04,2008-02-04,-1
60632,168,"13-Jan",2011,"Mammalia","Ovis aries","Sheep",1997-01-13,2011-01-13,0
62857,180,"30-Apr",2013,"Mammalia","Panthera tigris","White Bengal Tiger",1998-04-30,2013-04-30,-1
20386,132,"13-Jun",2014,"Aves","Meleagris gallopavo","Domestic Lavender Turkey",2003-06-13,2014-06-13,-1
70771,144,"17-Sep",2013,"Mammalia","Colobus guereza","Colobus Monkey",2001-09-17,2013-09-17,1
72532,24,"4-Feb",2002,"Mammalia","Saimiri sciureus","Common Squirrel Monkey",2000-02-04,2002-02-04,-1
102900,84,"3-Jun",2016,"Reptilia","Furcifer pardalis","Reunion chameleon",2009-06-03,2016-06-03,-1
20993,9,"19-Mar",2007,"Aves","Trichoglossus haematodus","Coconut lorikeet",2006-06-19,2007-03-19,-1
28323,132,"28-Apr",2008,"Aves","Meleagris gallopavo","Domestic Lavender Turkey",1997-04-28,2008-04-28,-1
75096,132,"22-Jun",2004,"Mammalia","Ailurus fulgens","Red Panda",1993-06-22,2004-06-22,-1
63563,168,"12-Jul",2013,"Mammalia","Suricata suricatta","Slender Tail Meerkat",1999-07-12,2013-07-12,-1
71225,60,"24-Feb",2014,"Mammalia","Mustela putorius","Ferret",2009-02-24,2014-02-24,1
101554,60,"19-Feb",2016,"Mammalia","Oryctolagus cuniculus","Domestic Rabbit",2011-02-19,2016-02-19,-1
4475,72,"20-Jan",1998,"Mammalia","Tragelaphus strepsiceros","Kudu",1992-01-20,1998-01-20,-1
65724,180,"21-Nov",2008,"Mammalia","Saguinus oedipus","Tamarin Monkey",1993-11-21,2008-11-21,-1
88967,108,"12-Apr",2010,"Reptilia","Morelia viridis","Green Tree Python",2001-04-12,2010-04-12,0
105237,204,"8-Dec",2016,"Mammalia","Saguinus oedipus","Tamarin Monkey",1999-12-08,2016-12-08,0
20110,252,"20-Jan",2009,"Aves","Dendrocygna autumnalis","Black-bellied Whistling duck",1988-01-20,2009-01-20,-1
42909,36,"10-Nov",2003,"Aves","Neophema splendida",NA,2000-11-10,2003-11-10,-1
63659,60,"31-May",2004,"Mammalia","Carollia perspicillata","Seba Short-tailed Bat",1999-05-31,2004-05-31,1
102356,444,"25-May",2016,"Aves","Phoenicopterus ruber","American flamingo",1979-05-25,2016-05-25,-1
39447,12,"13-Dec",2011,"Aves","Neophema splendida",NA,2010-12-13,2011-12-13,-1
91958,48,"18-Dec",2008,"Reptilia","Gonocephalus chamaeleontinus","Chameleon Forest Dragon",2004-12-18,2008-12-18,-1
100738,36,"20-Jan",2016,"Mammalia","Didelphis marsupialis","Oppossum",2013-01-20,2016-01-20,-1
64088,60,"16-Feb",2001,"Mammalia","Dasyprocta punctata","Red-rumped Agouti",1996-02-16,2001-02-16,1
30356,60,"2-Jul",2008,"Aves","Gallus gallus","Domestic chicken",2003-07-02,2008-07-02,1
79168,36,"16-Sep",2002,"Mammalia","Oryctolagus cuniculus","Domestic Rabbit",1999-09-16,2002-09-16,-1
99316,24,"15-Apr",2016,"Aves","Melopsittacus undulatus","Budgerigar",2014-04-15,2016-04-15,0
54867,216,"27-Sep",2007,"Mammalia","Saimiri sciureus","Common Squirrel Monkey",1989-09-27,2007-09-27,0
84701,252,"12-Jul",2010,"Reptilia","Eublepharis macularius","Leopard Gecko",1989-07-12,2010-07-12,-1
35047,108,"31-May",2011,"Aves","Meleagris gallopavo","Domestic Lavender Turkey",2002-05-31,2011-05-31,1
104879,252,"3-Oct",2016,"Mammalia","Lemur catta","Ring-tailed Lemur",1995-10-03,2016-10-03,-1
73232,4,"2-Jun",2011,"Mammalia","Didelphis marsupialis","Oppossum",2011-02-02,2011-06-02,1
56348,18,"25-Feb",2004,"Mammalia","Hydrochoerus hydrochaeris","Capybara",2002-08-25,2004-02-25,-1
105974,120,"12-Jan",2015,"Mammalia","Lycaon pictus","Cape Hunting Dog",2005-01-12,2015-01-12,1
102970,108,"3-Jun",2016,"Mammalia","Osphranter rufus","Red Kangaroo",2007-06-03,2016-06-03,-1
57841,12,"6-May",2003,"Mammalia","Hydrochoerus hydrochaeris","Capybara",2002-05-06,2003-05-06,-1
106579,96,"16-Nov",2000,"Mammalia","Oryctolagus cuniculus","Domestic Rabbit",1992-11-16,2000-11-16,0
85725,276,"3-Jan",2005,"Reptilia","Gopherus agassizii",NA,1982-01-03,2005-01-03,-1
55781,24,"17-Apr",2006,"Mammalia","Rattus norvegicus","Typical Rat",2004-04-17,2006-04-17,-1
54949,216,"23-Jan",2008,"Mammalia","Capra nubiana","Nubian Ibex",1990-01-23,2008-01-23,-1
70857,144,"11-Oct",2011,"Mammalia","Dasyprocta punctata","Red-rumped Agouti",1999-10-11,2011-10-11,1
91137,204,"12-Nov",2004,"Reptilia","Crotalus horridus","Timber rattlesnake",1987-11-12,2004-11-12,-1
48678,60,"22-Apr",2003,"Aves","Gallus gallus","Domestic chicken",1998-04-22,2003-04-22,1
104659,120,"28-Sep",2016,"Aves","Gallus gallus","Domestic chicken",2006-09-28,2016-09-28,-1
102673,60,"1-Jun",2016,"Reptilia","Heloderma suspectum","Gila Monster",2011-06-01,2016-06-01,-1
78447,132,"9-Mar",2002,"Mammalia","Phacochoerus africanus","Warthog",1991-03-09,2002-03-09,1
100288,108,"27-Oct",2015,"Mammalia","Suricata suricatta","Slender Tail Meerkat",2006-10-27,2015-10-27,-1
71357,108,"5-Dec",2014,"Mammalia","Canis lupus","Gray Wolf",2005-12-05,2014-12-05,1
64827,120,"30-Jul",2001,"Mammalia","Canis lupus","Gray Wolf",1991-07-30,2001-07-30,-1
36756,84,"2-Jun",2006,"Aves","Dendrocygna autumnalis","Black-bellied Whistling duck",1999-06-02,2006-06-02,-1
43815,96,"15-Mar",2005,"Aves","Trichoglossus haematodus","Coconut lorikeet",1997-03-15,2005-03-15,-1
75936,144,"27-Nov",2014,"Mammalia","Leontopithecus chrysomelas","Golden-headed Tamarin",2002-11-27,2014-11-27,-1
21179,12,"22-May",2006,"Aves","Trichoglossus moluccanus","Rainbow lorikeet",2005-05-22,2006-05-22,-1
28693,60,"6-Aug",2009,"Mammalia","Pusa hispida",NA,2004-08-06,2009-08-06,-1
60504,120,"17-Jan",2003,"Mammalia","Artibeus jamaicensis","Jamaican Fruit bat",1993-01-17,2003-01-17,-1
5162,60,"4-May",1998,"Reptilia","Eublepharis macularius","Leopard Gecko",1993-05-04,1998-05-04,0
55402,156,"31-Aug",2006,"Mammalia","Capra hircus","San Clemente Goat",1993-08-31,2006-08-31,0
73908,12,"2-Jul",2012,"Mammalia","Lontra canadensis","North Americal River Otter",2011-07-02,2012-07-02,-1
63687,156,"11-Jul",2011,"Mammalia","Saimiri sciureus","Common Squirrel Monkey",1998-07-11,2011-07-11,-1
54821,54,"19-Feb",2008,"Mammalia","Osphranter rufus","Red Kangaroo",2003-08-19,2008-02-19,-1
64570,12,"11-Jul",2002,"Mammalia","Phacochoerus africanus","Warthog",2001-07-11,2002-07-11,-1
29377,264,"12-Dec",2003,"Aves","Phoenicopterus chilensis","Chilean flamingo",1981-12-12,2003-12-12,-1
95305,168,"28-Jan",2014,"Mammalia","Saguinus oedipus","Tamarin Monkey",2000-01-28,2014-01-28,0
74564,24,"15-Jul",2013,"Mammalia","Rattus norvegicus","Typical Rat",2011-07-15,2013-07-15,-1
55544,264,"26-Aug",2008,"Mammalia","Addax nasomaculatus","Addax",1986-08-26,2008-08-26,-1
55532,252,"13-May",2001,"Mammalia","Saimiri sciureus","Common Squirrel Monkey",1980-05-13,2001-05-13,-1
63024,156,"28-Oct",2004,"Mammalia","Nanger dama","Addras Gazelle",1991-10-28,2004-10-28,-1
57937,24,"30-Mar",2004,"Mammalia","Osphranter rufus","Red Kangaroo",2002-03-30,2004-03-30,-1
56162,66,"22-May",2006,"Mammalia","Ovis aries","Sheep",2000-11-22,2006-05-22,-1
70782,24,"9-Jan",2012,"Mammalia","Atelerix albiventris","Four-toed Hedgehog",2010-01-09,2012-01-09,1
63744,120,"25-Apr",2011,"Mammalia","Oryctolagus cuniculus","Domestic Rabbit",2001-04-25,2011-04-25,-1
86326,324,"19-Oct",2006,"Reptilia","Heloderma suspectum","Gila Monster",1979-10-19,2006-10-19,1
74773,120,"23-Aug",2011,"Mammalia","Saimiri sciureus","Common Squirrel Monkey",2001-08-23,2011-08-23,-1
73103,156,"16-May",2014,"Mammalia","Ovis aries","Sheep",2001-05-16,2014-05-16,1
63167,96,"31-Aug",2012,"Mammalia","Capra hircus","San Clemente Goat",2004-08-31,2012-08-31,-1
56222,300,"18-Apr",2008,"Mammalia","Lama glama","Llama",1983-04-18,2008-04-18,1
75749,36,"16-Dec",2002,"Mammalia","Notamacropus rufogriseus","Red Wallaby",1999-12-16,2002-12-16,-1
64476,96,"22-May",2009,"Mammalia","Petaurus breviceps","Pygmy Sugar Glider",2001-05-22,2009-05-22,-1
36136,336,"6-Sep",2012,"Aves","Phoenicopterus chilensis","Chilean flamingo",1984-09-06,2012-09-06,-1
30574,420,"4-Nov",2002,"Aves","Phoenicopterus ruber","American flamingo",1967-11-04,2002-11-04,1
32498,156,"10-Jul",2002,"Aves","Eudocimus ruber","Scarlet Ibis",1989-07-10,2002-07-10,-1
72174,24,"5-Nov",2009,"Mammalia","Zalophus californianus","California Sealion",2007-11-05,2009-11-05,-1
66457,216,"14-Jan",2010,"Mammalia","Panthera tigris","White Bengal Tiger",1992-01-14,2010-01-14,-1
80909,300,"10-Aug",2009,"Reptilia","Gopherus agassizii",NA,1984-08-10,2009-08-10,-1
54521,24,"15-Jul",2013,"Mammalia","Atelerix albiventris","Four-toed Hedgehog",2011-07-15,2013-07-15,-1
28006,492,"6-Mar",2012,"Aves","Spheniscus humboldti","Humboldt Penguin",1971-03-06,2012-03-06,1
74665,216,"5-Oct",2000,"Aves","Phoenicopterus ruber","American flamingo",1982-10-05,2000-10-05,-1
103706,132,"30-Apr",2015,"Aves","Gallus gallus","Domestic chicken",2004-04-30,2015-04-30,1
34794,96,"10-Oct",2014,"Aves","Eos bornea","Red lory",2006-10-10,2014-10-10,-1
99849,12,"16-Nov",2015,"Mammalia","Notamacropus rufogriseus","Red Wallaby",2014-11-16,2015-11-16,-1
63017,180,"4-May",2001,"Mammalia","Osphranter rufus","Red Kangaroo",1986-05-04,2001-05-04,1
20417,324,"19-Sep",2008,"Aves","Phoenicopterus chilensis","Chilean flamingo",1981-09-19,2008-09-19,0
55558,132,"12-May",2008,"Mammalia","Suricata suricatta","Slender Tail Meerkat",1997-05-12,2008-05-12,-1
64136,36,"21-Apr",2004,"Mammalia","Mustela nigripes","Black Footed Ferret",2001-04-21,2004-04-21,-1
38934,96,"19-Oct",2011,"Aves","Dendrocygna autumnalis","Black-bellied Whistling duck",2003-10-19,2011-10-19,1
42916,36,"10-Nov",2003,"Aves","Neophema splendida",NA,2000-11-10,2003-11-10,-1
88275,204,"4-Dec",2009,"Reptilia","Boa constrictor","Boa Constrictor",1992-12-04,2009-12-04,1
85667,264,"23-Jan",2009,"Reptilia","Corallus caninus","Emerald Tree boa",1987-01-23,2009-01-23,-1
15272,408,"22-Oct",2010,"Aves","Phoenicopterus chilensis","Chilean flamingo",1976-10-22,2010-10-22,-1
43090,84,"19-Aug",2011,"Aves","Melopsittacus undulatus","Budgerigar",2004-08-19,2011-08-19,-1
71271,276,"12-Jul",2013,"Mammalia","Addax nasomaculatus","Addax",1990-07-12,2013-07-12,1
33291,24,"12-Mar",2011,"Aves","Gallus gallus","Domestic chicken",2009-03-12,2011-03-12,0
63475,192,"25-Jul",2006,"Mammalia","Lama glama","Llama",1990-07-25,2006-07-25,0
43218,36,"17-Oct",2008,"Aves","Melopsittacus undulatus","Budgerigar",2005-10-17,2008-10-17,-1
103462,216,"15-Jul",2016,"Mammalia","Lemur catta","Ring-tailed Lemur",1998-07-15,2016-07-15,-1
72921,84,"18-Jan",2011,"Mammalia","Leontopithecus chrysomelas","Golden-headed Tamarin",2004-01-18,2011-01-18,-1
70757,24,"10-Sep",2013,"Mammalia","Mus musculus","Common Mouse",2011-09-10,2013-09-10,1
32291,84,"18-Dec",2007,"Aves","Trichoglossus haematodus","Coconut lorikeet",2000-12-18,2007-12-18,-1
30477,264,"15-Feb",2007,"Aves","Platalea ajaja",NA,1985-02-15,2007-02-15,0
106141,240,"17-Mar",2016,"Mammalia","Panthera tigris","White Bengal Tiger",1996-03-17,2016-03-17,0
101998,30,"9-May",2016,"Mammalia","Rattus norvegicus","Typical Rat",2013-11-09,2016-05-09,1
74222,108,"4-Oct",2013,"Mammalia","Osphranter rufus","Red Kangaroo",2004-10-04,2013-10-04,-1
70807,204,"1-Jul",2013,"Mammalia","Lama glama","Llama",1996-07-01,2013-07-01,1
96017,30,"18-Aug",2015,"Aves","Trichoglossus haematodus","Coconut lorikeet",2013-02-18,2015-08-18,-1
63707,168,"22-Apr",2014,"Mammalia","Notamacropus rufogriseus","Red Wallaby",2000-04-22,2014-04-22,-1
97051,300,"2-Apr",2015,"Aves","Phoenicopterus ruber","American flamingo",1990-04-02,2015-04-02,-1
99790,36,"28-Oct",2015,"Mammalia","Heterocephalus glaber","Naked Mole Rat",2012-10-28,2015-10-28,-1
82916,156,"4-Nov",2002,"Reptilia","Boa constrictor","Boa Constrictor",1989-11-04,2002-11-04,-1
55302,144,"17-Aug",2009,"Mammalia","Saguinus oedipus","Tamarin Monkey",1997-08-17,2009-08-17,-1
63773,204,"21-Mar",2008,"Mammalia","Capra nubiana","Nubian Ibex",1991-03-21,2008-03-21,-1
63699,96,"6-Aug",2009,"Mammalia","Cebuella pygmaea","Pygmy Marmoset",2001-08-06,2009-08-06,-1
28892,144,"12-Jan",2004,"Aves","Dendrocygna autumnalis","Black-bellied Whistling duck",1992-01-12,2004-01-12,-1
86749,228,"27-Jun",2005,"Reptilia","Crotalus horridus","Timber rattlesnake",1986-06-27,2005-06-27,-1
55563,48,"9-Jul",2014,"Mammalia","Cebuella pygmaea","Pygmy Marmoset",2010-07-09,2014-07-09,-1
63258,192,"8-Jan",2007,"Mammalia","Zalophus californianus","California Sealion",1991-01-08,2007-01-08,-1
102008,144,"6-Oct",2008,"Mammalia","Lycaon pictus","Cape Hunting Dog",1996-10-06,2008-10-06,1
54518,132,"10-Dec",2004,"Mammalia","Panthera uncia","Snow Leopard",1993-12-10,2004-12-10,-1
22609,192,"9-Dec",2013,"Aves","Phoenicopterus chilensis","Chilean flamingo",1997-12-09,2013-12-09,-1
57458,84,"1-Dec",2006,"Mammalia","Saguinus oedipus","Tamarin Monkey",1999-12-01,2006-12-01,1
22590,216,"15-Jul",2013,"Aves","Eudocimus ruber","Scarlet Ibis",1995-07-15,2013-07-15,-1
63218,66,"26-Dec",2007,"Mammalia","Mustela nigripes","Black Footed Ferret",2002-06-26,2007-12-26,0
34972,72,"11-Jan",1999,"Mammalia","Mustela putorius","Ferret",1993-01-11,1999-01-11,1
70975,120,"22-Oct",2007,"Mammalia","Leontopithecus chrysomelas","Golden-headed Tamarin",1997-10-22,2007-10-22,0
58191,192,"2-Nov",2007,"Mammalia","Capra nubiana","Nubian Ibex",1991-11-02,2007-11-02,-1
45469,192,"6-Apr",2000,"Mammalia","Osphranter rufus","Red Kangaroo",1984-04-06,2000-04-06,1
42875,168,"29-Jul",2013,"Aves","Dendrocygna autumnalis","Black-bellied Whistling duck",1999-07-29,2013-07-29,1
56674,36,"14-Dec",2009,"Mammalia","Mustela nigripes","Black Footed Ferret",2006-12-14,2009-12-14,0
59581,4,"17-Jul",2000,"Mammalia","Artibeus jamaicensis","Jamaican Fruit bat",2000-03-17,2000-07-17,-1
60449,312,"27-Dec",2011,"Mammalia","Lemur catta","Ring-tailed Lemur",1985-12-27,2011-12-27,-1
87838,168,"9-Sep",2010,"Reptilia","Pantherophis guttatus","Corn snake",1996-09-09,2010-09-09,0
55609,12,"4-Aug",2006,"Mammalia","Rattus norvegicus","Typical Rat",2005-08-04,2006-08-04,-1
83040,30,"16-Dec",2011,"Reptilia","Furcifer pardalis","Reunion chameleon",2009-06-16,2011-12-16,-1
56285,2,"8-Sep",2008,"Mammalia","Mustela nigripes","Black Footed Ferret",2008-07-08,2008-09-08,-1
62870,84,"11-Feb",2008,"Mammalia","Ovis canadensis","Big Horn Sheep",2001-02-11,2008-02-11,-1
56326,150,"22-Feb",2005,"Mammalia","Osphranter robustus","Wallaroo",1992-08-22,2005-02-22,-1
105918,216,"22-Nov",2016,"Mammalia","Osphranter robustus","Wallaroo",1998-11-22,2016-11-22,1
69836,96,"15-Nov",2010,"Mammalia","Rousettus aegyptiacus","Egyptian fruit bat",2002-11-15,2010-11-15,1
73398,222,"15-Apr",2013,"Mammalia","Panthera uncia","Snow Leopard",1994-10-15,2013-04-15,1
5906,132,"30-Oct",1998,"Mammalia","Pan troglodytes","Chimpanzee",1987-10-30,1998-10-30,0
96512,72,"6-Mar",2015,"Aves","Eudocimus ruber","Scarlet Ibis",2009-03-06,2015-03-06,-1
98037,48,"19-May",2015,"Mammalia","Litocranius walleri","Southern Gerenuk",2011-05-19,2015-05-19,-1
65641,66,"26-Mar",2012,"Mammalia","Lycaon pictus","Cape Hunting Dog",2006-09-26,2012-03-26,-1
63558,342,"12-Dec",2011,"Mammalia","Varecia variegata","Red/black Ruffed Lemur",1983-06-12,2011-12-12,-1
102629,96,"14-Jun",2016,"Mammalia","Chinchilla brevicaudata","Chinchilla",2008-06-14,2016-06-14,-1
103677,156,"12-Jul",2016,"Mammalia","Ovis aries","Sheep",2003-07-12,2016-07-12,-1
68268,252,"24-Oct",2011,"Mammalia","Lontra canadensis","North Americal River Otter",1990-10-24,2011-10-24,1
28972,120,"16-Jan",2001,"Aves","Megascops asio",NA,1991-01-16,2001-01-16,-1
60843,72,"5-Feb",2004,"Mammalia","Cynomys ludovicianus","Gunnison Prairie Dog",1998-02-05,2004-02-05,0
10460,96,"7-Jan",2000,"Reptilia","Corallus caninus","Emerald Tree boa",1992-01-07,2000-01-07,-1
105490,168,"5-Dec",2016,"Mammalia","Osphranter robustus","Wallaroo",2002-12-05,2016-12-05,-1
75769,96,"18-Jul",2013,"Mammalia","Notamacropus rufogriseus","Red Wallaby",2005-07-18,2013-07-18,-1
65126,132,"31-Aug",2011,"Mammalia","Ovis aries","Sheep",2000-08-31,2011-08-31,-1
60321,276,"8-Mar",2004,"Mammalia","Varecia variegata","Red/black Ruffed Lemur",1981-03-08,2004-03-08,-1
20480,108,"24-Mar",2008,"Aves","Dendrocygna autumnalis","Black-bellied Whistling duck",1999-03-24,2008-03-24,-1
53615,30,"10-Nov",2011,"Mammalia","Didelphis marsupialis","Oppossum",2009-05-10,2011-11-10,-1
3783,120,"28-Jun",1997,"Reptilia","Boa constrictor","Boa Constrictor",1987-06-28,1997-06-28,-1
25745,120,"25-May",2005,"Aves","Eudocimus ruber","Scarlet Ibis",1995-05-25,2005-05-25,-1
56170,84,"6-Jan",2006,"Mammalia","Carollia perspicillata","Seba Short-tailed Bat",1999-01-06,2006-01-06,-1
56427,60,"10-Feb",2005,"Mammalia","Artibeus jamaicensis","Jamaican Fruit bat",2000-02-10,2005-02-10,-1
55893,132,"2-May",2007,"Mammalia","Rousettus lanosus",NA,1996-05-02,2007-05-02,0
42837,36,"13-Dec",2004,"Aves","Eos bornea","Red lory",2001-12-13,2004-12-13,-1
83934,432,"25-Jan",2012,"Reptilia","Heloderma suspectum","Gila Monster",1976-01-25,2012-01-25,-1
64844,150,"22-Jul",2003,"Mammalia","Addax nasomaculatus","Addax",1991-01-22,2003-07-22,-1
91460,240,"14-Mar",2013,"Reptilia","Crotalus horridus","Timber rattlesnake",1993-03-14,2013-03-14,1
63230,96,"3-Apr",2002,"Mammalia","Procavia capensis","Rock Hyrax",1994-04-03,2002-04-03,-1
79791,144,"13-Jan",2014,"Mammalia","Rousettus aegyptiacus","Egyptian fruit bat",2002-01-13,2014-01-13,-1
69817,24,"5-Sep",2000,"Mammalia","Didelphis marsupialis","Oppossum",1998-09-05,2000-09-05,-1
63802,180,"3-Jun",2010,"Mammalia","Capra hircus","San Clemente Goat",1995-06-03,2010-06-03,-1
55390,144,"31-Jul",2009,"Mammalia","Capra hircus","San Clemente Goat",1997-07-31,2009-07-31,-1
69391,36,"23-Aug",2002,"Mammalia","Mustela putorius","Ferret",1999-08-23,2002-08-23,1
9343,48,"29-Nov",1999,"Mammalia","Atelerix albiventris","Four-toed Hedgehog",1995-11-29,1999-11-29,-1
14569,72,"30-Dec",1999,"Mammalia","Canis lupus","Gray Wolf",1993-12-30,1999-12-30,-1
78205,540,"17-Mar",2008,"Mammalia","Gorilla gorilla","Gorilla",1963-03-17,2008-03-17,-1
5888,2,"14-Aug",1998,"Mammalia","Saguinus oedipus","Tamarin Monkey",1998-06-14,1998-08-14,-1
27770,300,"14-Sep",2011,"Aves","Larosterna inca",NA,1986-09-14,2011-09-14,-1
10098,36,"7-Apr",2002,"Amphibia","Pipa pipa","Surinam toad",1999-04-07,2002-04-07,-1
97111,36,"27-Mar",2015,"Aves","Trichoglossus haematodus","Coconut lorikeet",2012-03-27,2015-03-27,-1
99171,60,"22-Feb",2002,"Mammalia","Saguinus oedipus","Tamarin Monkey",1997-02-22,2002-02-22,1
65108,108,"10-Apr",2013,"Mammalia","Osphranter robustus","Wallaroo",2004-04-10,2013-04-10,-1
3788,108,"28-Jun",1997,"Aves","Megascops asio",NA,1988-06-28,1997-06-28,-1
87389,300,"28-Aug",2008,"Reptilia","Pantherophis guttatus","Corn snake",1983-08-28,2008-08-28,0
79045,84,"8-Jul",2002,"Mammalia","Artibeus jamaicensis","Jamaican Fruit bat",1995-07-08,2002-07-08,-1
60534,156,"24-Aug",2001,"Mammalia","Capra nubiana","Nubian Ibex",1988-08-24,2001-08-24,-1
92062,72,"6-Sep",2001,"Reptilia","Erpeton tentaculatum","Tentacled snake",1995-09-06,2001-09-06,-1
100918,90,"11-Feb",2016,"Reptilia","Crotalus lepidus",NA,2008-08-11,2016-02-11,1
57276,30,"13-Sep",2002,"Mammalia","Oryctolagus cuniculus","Domestic Rabbit",2000-03-13,2002-09-13,-1
69540,60,"7-Sep",2000,"Mammalia","Ovis canadensis","Big Horn Sheep",1995-09-07,2000-09-07,-1
74325,132,"2-Apr",2002,"Mammalia","Capra nubiana","Nubian Ibex",1991-04-02,2002-04-02,-1
91770,36,"23-Sep",2014,"Reptilia","Furcifer pardalis","Reunion chameleon",2011-09-23,2014-09-23,-1
53279,15,"21-Apr",2004,"Mammalia","Acinonyx jubatus","Cheetah",2003-01-21,2004-04-21,-1
102344,156,"11-Apr",2016,"Reptilia","Lampropeltis getula",NA,2003-04-11,2016-04-11,1
73069,66,"30-Jan",2012,"Mammalia","Atelerix albiventris","Four-toed Hedgehog",2006-07-30,2012-01-30,1
56901,348,"13-Oct",2010,"Mammalia","Colobus guereza","Colobus Monkey",1981-10-13,2010-10-13,-1
99034,30,"8-Apr",2016,"Mammalia","Atelerix albiventris","Four-toed Hedgehog",2013-10-08,2016-04-08,-1
74225,120,"28-Dec",2010,"Mammalia","Notamacropus rufogriseus","Red Wallaby",2000-12-28,2010-12-28,-1
104750,282,"24-Oct",2016,"Mammalia","Varecia variegata","Red/black Ruffed Lemur",1993-04-24,2016-10-24,-1
103668,30,"4-Aug",2016,"Mammalia","Lycaon pictus","Cape Hunting Dog",2014-02-04,2016-08-04,0
162081,26.36,"21-Feb",2020,"Mammalia","Rattus norvegicus","Typical Rat",2017-12-21,2020-02-21,1
21480,132,"30-Jan",2009,"Aves","Gallus gallus","Domestic chicken",1998-01-30,2009-01-30,1
65600,204,"24-Aug",2005,"Mammalia","Lama glama","Llama",1988-08-24,2005-08-24,-1
65945,204,"21-Aug",2008,"Mammalia","Panthera tigris","White Bengal Tiger",1991-08-21,2008-08-21,0
62986,78,"20-Jun",2011,"Mammalia","Atelerix albiventris","Four-toed Hedgehog",2004-12-20,2011-06-20,-1
87607,60,"28-Sep",2009,"Reptilia","Erpeton tentaculatum","Tentacled snake",2004-09-28,2009-09-28,-1
23417,138,"11-Dec",2013,"Aves","Meleagris gallopavo","Domestic Lavender Turkey",2002-06-11,2013-12-11,-1
11570,288,"13-Jan",2000,"Mammalia","Giraffa camelopardalis","Baringo Giraffe",1976-01-13,2000-01-13,-1
68047,180,"3-Oct",2007,"Mammalia","Canis lupus","Gray Wolf",1992-10-03,2007-10-03,1
40265,48,"10-Nov",2014,"Aves","Trichoglossus haematodus","Coconut lorikeet",2010-11-10,2014-11-10,-1
104678,420,"23-Sep",2016,"Aves","Phoenicopterus ruber","American flamingo",1981-09-23,2016-09-23,-1
68022,168,"8-May",2001,"Mammalia","Panthera onca","Jaguar",1987-05-08,2001-05-08,1
97690,60,"10-Jun",2015,"Mammalia","Hydrochoerus hydrochaeris","Capybara",2010-06-10,2015-06-10,-1
94087,84,"22-Feb",2013,"Reptilia","Pantherophis guttatus","Corn snake",2006-02-22,2013-02-22,-1
90673,60,"14-Jun",2013,"Reptilia","Gopherus agassizii",NA,2008-06-14,2013-06-14,-1
54700,264,"30-Nov",2010,"Mammalia","Lemur catta","Ring-tailed Lemur",1988-11-30,2010-11-30,0
102801,24,"24-Sep",2015,"Aves","Gallus gallus","Domestic chicken",2013-09-24,2015-09-24,1
102840,60,"27-Mar",2015,"Mammalia","Atelerix albiventris","Four-toed Hedgehog",2010-03-27,2015-03-27,1
68359,156,"11-Apr",2008,"Mammalia","Canis lupus","Gray Wolf",1995-04-11,2008-04-11,1
70868,24,"12-Sep",2011,"Mammalia","Rattus norvegicus","Typical Rat",2009-09-12,2011-09-12,0
88774,168,"29-Oct",2008,"Reptilia","Lampropeltis triangulum",NA,1994-10-29,2008-10-29,1
5642,60,"9-Jul",1998,"Aves","Trichoglossus haematodus","Coconut lorikeet",1993-07-09,1998-07-09,-1
28607,276,"25-May",2012,"Aves","Spheniscus humboldti","Humboldt Penguin",1989-05-25,2012-05-25,1
63248,84,"5-Dec",2007,"Mammalia","Hydrochoerus hydrochaeris","Capybara",2000-12-05,2007-12-05,1
100373,144,"15-Jan",2016,"Aves","Dendrocygna autumnalis","Black-bellied Whistling duck",2004-01-15,2016-01-15,-1
99273,120,"23-Sep",2015,"Aves","Gallus gallus","Domestic chicken",2005-09-23,2015-09-23,-1
95768,168,"5-Jan",2015,"Aves","Leucopsar rothschildi","Bali mynah",2001-01-05,2015-01-05,-1
55896,96,"28-Aug",2008,"Mammalia","Mustela putorius","Ferret",2000-08-28,2008-08-28,0
67627,384,"8-Jul",2002,"Mammalia","Mandrillus sphinx","Mandrill",1970-07-08,2002-07-08,1
20957,36,"18-Jul",2007,"Aves","Meleagris gallopavo","Domestic Lavender Turkey",2004-07-18,2007-07-18,-1
64890,216,"23-Feb",2011,"Mammalia","Ovis aries","Sheep",1993-02-23,2011-02-23,0
87296,168,"15-May",2009,"Reptilia","Lampropeltis triangulum",NA,1995-05-15,2009-05-15,0
86114,126,"17-Jan",2012,"Reptilia","Eublepharis macularius","Leopard Gecko",2001-07-17,2012-01-17,-1
104025,252,"27-Jul",2016,"Aves","Phoenicopterus ruber","American flamingo",1995-07-27,2016-07-27,1
106523,180,"21-Jul",2016,"Mammalia","Acinonyx jubatus","Cheetah",2001-07-21,2016-07-21,0
73389,72,"2-Sep",2010,"Mammalia","Atelerix albiventris","Four-toed Hedgehog",2004-09-02,2010-09-02,0
84160,48,"4-Nov",2013,"Reptilia","Furcifer pardalis","Reunion chameleon",2009-11-04,2013-11-04,1
62351,72,"27-Feb",2001,"Mammalia","Notamacropus rufogriseus","Red Wallaby",1995-02-27,2001-02-27,-1
78514,96,"3-Feb",2006,"Mammalia","Capra hircus","San Clemente Goat",1998-02-03,2006-02-03,0
105671,216,"23-Sep",2016,"Aves","Trichoglossus moluccanus","Rainbow lorikeet",1998-09-23,2016-09-23,1
102732,204,"2-Jun",2016,"Mammalia","Eidolon helvum",NA,1999-06-02,2016-06-02,-1
19334,108,"8-Mar",2010,"Aves","Gallus gallus","Domestic chicken",2001-03-08,2010-03-08,-1
57918,204,"22-Feb",2010,"Mammalia","Ailurus fulgens","Red Panda",1993-02-22,2010-02-22,0
73341,60,"3-Jun",2010,"Mammalia","Atelerix albiventris","Four-toed Hedgehog",2005-06-03,2010-06-03,1
72189,120,"1-Apr",2003,"Mammalia","Ailurus fulgens","Red Panda",1993-04-01,2003-04-01,-1
96754,276,"26-Feb",2015,"Aves","Eudocimus ruber","Scarlet Ibis",1992-02-26,2015-02-26,-1
43561,216,"18-Aug",2003,"Aves","Larosterna inca",NA,1985-08-18,2003-08-18,-1
71675,24,"29-Jan",2002,"Mammalia","Osphranter robustus","Wallaroo",2000-01-29,2002-01-29,-1
103742,78,"12-Aug",2016,"Mammalia","Procavia capensis","Rock Hyrax",2010-02-12,2016-08-12,-1
12633,36,"7-Jun",1999,"Mammalia","Pusa hispida",NA,1996-06-07,1999-06-07,1
71721,96,"10-Jun",2001,"Mammalia","Notamacropus rufogriseus","Red Wallaby",1993-06-10,2001-06-10,-1
27979,168,"18-Jul",2008,"Aves","Trichoglossus haematodus","Coconut lorikeet",1994-07-18,2008-07-18,-1
104467,420,"20-Sep",2016,"Aves","Phoenicopterus chilensis","Chilean flamingo",1981-09-20,2016-09-20,-1
32592,72,"9-Apr",2008,"Aves","Trichoglossus haematodus","Coconut lorikeet",2002-04-09,2008-04-09,-1
53797,12,"11-Aug",2004,"Mammalia","Didelphis marsupialis","Oppossum",2003-08-11,2004-08-11,-1
81209,180,"5-Jun",2006,"Reptilia","Lampropeltis getula",NA,1991-06-05,2006-06-05,-1
24938,72,"3-May",2012,"Aves","Gallus gallus","Domestic chicken",2006-05-03,2012-05-03,-1
74733,72,"30-Jan",2009,"Mammalia","Oryctolagus cuniculus","Domestic Rabbit",2003-01-30,2009-01-30,-1
63666,60,"21-Apr",2004,"Mammalia","Ursus maritimus","Polar Bear",1999-04-21,2004-04-21,1
86971,36,"15-Apr",2005,"Reptilia","Bitis nasicornis",NA,2002-04-15,2005-04-15,-1
73709,24,"14-Aug",2012,"Mammalia","Atelerix albiventris","Four-toed Hedgehog",2010-08-14,2012-08-14,1
31585,60,"1-Aug",2013,"Aves","Eudocimus ruber","Scarlet Ibis",2008-08-01,2013-08-01,-1
32131,138,"28-Oct",2014,"Aves","Dendrocygna autumnalis","Black-bellied Whistling duck",2003-04-28,2014-10-28,-1
89662,492,"9-Dec",2011,"Reptilia","Boa constrictor","Boa Constrictor",1970-12-09,2011-12-09,0
34174,120,"10-Aug",2009,"Aves","Dendrocygna autumnalis","Black-bellied Whistling duck",1999-08-10,2009-08-10,1
91066,132,"16-Dec",2014,"Reptilia","Heloderma suspectum","Gila Monster",2003-12-16,2014-12-16,-1
100665,24,"3-Feb",2016,"Mammalia","Lycaon pictus","Cape Hunting Dog",2014-02-03,2016-02-03,-1
92557,138,"1-May",2013,"Reptilia","Lampropeltis getula",NA,2001-11-01,2013-05-01,-1
94251,204,"17-Feb",2009,"Reptilia","Pantherophis guttatus","Corn snake",1992-02-17,2009-02-17,-1
95302,216,"29-Dec",2014,"Reptilia","Lampropeltis getula",NA,1996-12-29,2014-12-29,-1
33108,144,"17-Apr",2000,"Mammalia","Suricata suricatta","Slender Tail Meerkat",1988-04-17,2000-04-17,-1
60332,24,"17-Mar",2003,"Mammalia","Didelphis marsupialis","Oppossum",2001-03-17,2003-03-17,-1
64839,96,"3-Jul",2003,"Mammalia","Phacochoerus africanus","Warthog",1995-07-03,2003-07-03,-1
53554,96,"13-Nov",2012,"Mammalia","Rattus norvegicus","Typical Rat",2004-11-13,2012-11-13,-1
53690,180,"5-May",2004,"Mammalia","Colobus guereza","Colobus Monkey",1989-05-05,2004-05-05,-1
100076,6,"2-Nov",2015,"Mammalia","Ovis canadensis","Big Horn Sheep",2015-05-02,2015-11-02,-1
75157,48,"19-Jul",2006,"Mammalia","Rousettus aegyptiacus","Egyptian fruit bat",2002-07-19,2006-07-19,-1
63491,144,"22-Aug",2002,"Mammalia","Leontopithecus chrysomelas","Golden-headed Tamarin",1990-08-22,2002-08-22,1
67639,96,"25-Sep",2001,"Mammalia","Cebuella pygmaea","Pygmy Marmoset",1993-09-25,2001-09-25,0
91739,228,"23-Sep",2013,"Reptilia","Heloderma suspectum","Gila Monster",1994-09-23,2013-09-23,1
64433,72,"6-Jan",2012,"Mammalia","Mustela nigripes","Black Footed Ferret",2006-01-06,2012-01-06,-1
98586,12,"31-Jul",2015,"Mammalia","Lontra canadensis","North Americal River Otter",2014-07-31,2015-07-31,-1
56710,60,"4-Aug",2008,"Mammalia","Mustela putorius","Ferret",2003-08-04,2008-08-04,-1
104123,132,"23-Aug",2016,"Aves","Trichoglossus haematodus","Coconut lorikeet",2005-08-23,2016-08-23,-1
56428,9,"26-Jan",2011,"Mammalia","Suricata suricatta","Slender Tail Meerkat",2010-04-26,2011-01-26,-1
68334,60,"15-Jun",2011,"Mammalia","Atelerix albiventris","Four-toed Hedgehog",2006-06-15,2011-06-15,1
85745,60,"30-May",2012,"Reptilia","Morelia viridis","Green Tree Python",2007-05-30,2012-05-30,-1
91295,120,"21-Feb",2013,"Reptilia","Morelia viridis","Green Tree Python",2003-02-21,2013-02-21,-1
68003,3,"10-Mar",2009,"Mammalia","Rattus norvegicus","Typical Rat",2008-12-10,2009-03-10,-1
80364,240,"21-Oct",2011,"Mammalia","Zalophus californianus","California Sealion",1991-10-21,2011-10-21,0
10588,48,"1-Sep",2005,"Amphibia","Phyllomedusa bicolor","Giant Waxy Tree Frog",2001-09-01,2005-09-01,-1
79030,90,"9-Apr",2014,"Mammalia","Lycaon pictus","Cape Hunting Dog",2006-10-09,2014-04-09,-1
106255,132,"29-Jan",2015,"Aves","Melopsittacus undulatus","Budgerigar",2004-01-29,2015-01-29,1
65995,204,"27-Feb",2014,"Mammalia","Ovis aries","Sheep",1997-02-27,2014-02-27,0
89133,252,"12-May",2005,"Reptilia","Boa constrictor","Boa Constrictor",1984-05-12,2005-05-12,1
10704,96,"10-Sep",2001,"Amphibia","Pipa pipa","Surinam toad",1993-09-10,2001-09-10,-1
42994,108,"22-May",2000,"Mammalia","Osphranter rufus","Red Kangaroo",1991-05-22,2000-05-22,-1
95628,12,"13-Aug",2015,"Reptilia","Furcifer pardalis","Reunion chameleon",2014-08-13,2015-08-13,-1
37761,108,"29-Apr",2005,"Reptilia","Corallus caninus","Emerald Tree boa",1996-04-29,2005-04-29,-1
84130,60,"12-Dec",2005,"Reptilia","Crotalus lepidus",NA,2000-12-12,2005-12-12,-1
72149,24,"5-Nov",2008,"Mammalia","Rattus norvegicus","Typical Rat",2006-11-05,2008-11-05,-1
11774,264,"18-Dec",1998,"Mammalia","Saimiri sciureus","Common Squirrel Monkey",1976-12-18,1998-12-18,0
88314,240,"17-Jul",2008,"Reptilia","Boa constrictor","Boa Constrictor",1988-07-17,2008-07-17,-1
54316,108,"4-Jun",2008,"Mammalia","Panthera tigris","White Bengal Tiger",1999-06-04,2008-06-04,-1
161999,75.7,"2-Aug",2011,"Mammalia","Mustela putorius","Ferret",2005-04-02,2011-08-02,0
54976,216,"27-May",2010,"Mammalia","Pteropus rodricensis","Rodrigues Fruit Bat",1992-05-27,2010-05-27,-1
95919,84,"6-Feb",2014,"Mammalia","Mustela putorius","Ferret",2007-02-06,2014-02-06,1
30928,144,"12-Apr",2004,"Mammalia","Pusa hispida",NA,1992-04-12,2004-04-12,-1
71042,84,"1-Jun",2006,"Mammalia","Oryctolagus cuniculus","Domestic Rabbit",1999-06-01,2006-06-01,1
41178,84,"13-May",2013,"Aves","Trichoglossus haematodus","Coconut lorikeet",2006-05-13,2013-05-13,0
29935,240,"9-Nov",2011,"Aves","Larosterna inca",NA,1991-11-09,2011-11-09,-1
73897,192,"4-Apr",2012,"Mammalia","Panthera leo","Masai Lion",1996-04-04,2012-04-04,1
80179,180,"14-Aug",2007,"Mammalia","Cebuella pygmaea","Pygmy Marmoset",1992-08-14,2007-08-14,-1
35076,60,"19-Apr",2000,"Mammalia","Atelerix albiventris","Four-toed Hedgehog",1995-04-19,2000-04-19,-1
79984,1.25,"19-Aug",2013,"Mammalia","Sylvilagus transitionalis",NA,2013-07-19,2013-08-19,-1
58209,18,"18-May",2012,"Mammalia","Ovis canadensis","Big Horn Sheep",2010-11-18,2012-05-18,-1
55773,90,"8-Nov",2004,"Mammalia","Procavia capensis","Rock Hyrax",1997-05-08,2004-11-08,-1
85170,72,"27-Sep",2013,"Mammalia","Mustela nigripes","Black Footed Ferret",2007-09-27,2013-09-27,1
90144,84,"31-Jul",2009,"Reptilia","Crotalus polystictus",NA,2002-07-31,2009-07-31,-1
97962,48,"26-May",2015,"Mammalia","Atelerix albiventris","Four-toed Hedgehog",2011-05-26,2015-05-26,-1
59843,180,"24-Feb",2006,"Mammalia","Colobus guereza","Colobus Monkey",1991-02-24,2006-02-24,-1
64813,192,"13-Aug",2000,"Mammalia","Addax nasomaculatus","Addax",1984-08-13,2000-08-13,-1
79192,276,"10-Oct",2006,"Mammalia","Varecia variegata","Red/black Ruffed Lemur",1983-10-10,2006-10-10,-1
104424,318,"11-Oct",2016,"Aves","Phoenicopterus ruber","American flamingo",1990-04-11,2016-10-11,1
65478,72,"15-Jan",2007,"Mammalia","Ailurus fulgens","Red Panda",2001-01-15,2007-01-15,-1
106347,30,"10-Jun",2015,"Mammalia","Atelerix albiventris","Four-toed Hedgehog",2012-12-10,2015-06-10,1
38912,72,"31-May",2006,"Aves","Dendrocygna autumnalis","Black-bellied Whistling duck",2000-05-31,2006-05-31,-1
101634,11,"1-Apr",2016,"Mammalia","Didelphis marsupialis","Oppossum",2015-05-01,2016-04-01,-1
53425,132,"16-Jul",2009,"Mammalia","Artibeus jamaicensis","Jamaican Fruit bat",1998-07-16,2009-07-16,-1
96718,192,"6-Mar",2015,"Mammalia","Ovis aries","Sheep",1999-03-06,2015-03-06,-1
54160,240,"19-Dec",2012,"Mammalia","Colobus guereza","Colobus Monkey",1992-12-19,2012-12-19,-1
54278,300,"3-Feb",2014,"Mammalia","Pan troglodytes","Chimpanzee",1989-02-03,2014-02-03,-1
55131,120,"15-Jan",2014,"Mammalia","Litocranius walleri","Southern Gerenuk",2004-01-15,2014-01-15,-1
58165,84,"31-Oct",2011,"Mammalia","Saguinus oedipus","Tamarin Monkey",2004-10-31,2011-10-31,-1
53829,36,"3-Aug",2004,"Mammalia","Osphranter rufus","Red Kangaroo",2001-08-03,2004-08-03,-1
103451,30,"2-Aug",2016,"Aves","Melopsittacus undulatus","Budgerigar",2014-02-02,2016-08-02,-1
63121,180,"14-Feb",2014,"Mammalia","Artibeus jamaicensis","Jamaican Fruit bat",1999-02-14,2014-02-14,1
55318,36,"1-Dec",2006,"Mammalia","Atelerix albiventris","Four-toed Hedgehog",2003-12-01,2006-12-01,-1
60218,144,"18-Sep",2003,"Mammalia","Panthera tigris","White Bengal Tiger",1991-09-18,2003-09-18,0
73814,228,"3-Apr",2012,"Mammalia","Panthera tigris","White Bengal Tiger",1993-04-03,2012-04-03,0
63276,48,"3-Jan",2005,"Mammalia","Dasyprocta punctata","Red-rumped Agouti",2001-01-03,2005-01-03,0
99566,264,"30-Dec",2002,"Mammalia","Panthera onca","Jaguar",1980-12-30,2002-12-30,1
96394,42,"3-Feb",2015,"Mammalia","Ovis canadensis","Big Horn Sheep",2011-08-03,2015-02-03,-1
105278,276,"2-Oct",2015,"Aves","Phoenicopterus chilensis","Chilean flamingo",1992-10-02,2015-10-02,1
56575,24,"20-Sep",2004,"Mammalia","Cynomys ludovicianus","Gunnison Prairie Dog",2002-09-20,2004-09-20,0
85256,48,"20-Jun",2008,"Reptilia","Erpeton tentaculatum","Tentacled snake",2004-06-20,2008-06-20,-1
19655,396,"7-Feb",2005,"Aves","Phoenicopterus ruber","American flamingo",1972-02-07,2005-02-07,-1
104595,204,"21-Oct",2015,"Reptilia","Lampropeltis triangulum",NA,1998-10-21,2015-10-21,1
79563,186,"6-Feb",2013,"Mammalia","Ailurus fulgens","Red Panda",1997-08-06,2013-02-06,1
97584,192,"4-Jun",2015,"Aves","Larosterna inca",NA,1999-06-04,2015-06-04,-1
3827,36,"22-Oct",1997,"Mammalia","Saguinus oedipus","Tamarin Monkey",1994-10-22,1997-10-22,-1
62884,168,"20-Jul",2012,"Mammalia","Lemur catta","Ring-tailed Lemur",1998-07-20,2012-07-20,-1
28306,204,"4-Oct",2013,"Aves","Platalea ajaja",NA,1996-10-04,2013-10-04,0
63417,216,"21-Sep",2006,"Mammalia","Leontopithecus chrysomelas","Golden-headed Tamarin",1988-09-21,2006-09-21,-1
30474,48,"4-Jul",2001,"Aves","Gallus gallus","Domestic chicken",1997-07-04,2001-07-04,0
62601,276,"6-Apr",2005,"Mammalia","Lontra canadensis","North Americal River Otter",1982-04-06,2005-04-06,0
56516,264,"24-Jan",2007,"Mammalia","Lemur catta","Ring-tailed Lemur",1985-01-24,2007-01-24,0
2068,168,"29-Oct",1996,"Mammalia","Varecia variegata","Red/black Ruffed Lemur",1982-10-29,1996-10-29,-1
106563,60,"13-Nov",2015,"Mammalia","Atelerix albiventris","Four-toed Hedgehog",2010-11-13,2015-11-13,0
64216,120,"17-Jul",2002,"Mammalia","Ovis aries","Sheep",1992-07-17,2002-07-17,1
105710,174,"12-Aug",2016,"Mammalia","Procavia capensis","Rock Hyrax",2002-02-12,2016-08-12,1
69852,18,"12-Feb",2013,"Mammalia","Sylvilagus transitionalis",NA,2011-08-12,2013-02-12,1
64189,84,"1-Dec",2009,"Mammalia","Nanger dama","Addras Gazelle",2002-12-01,2009-12-01,-1
60690,132,"6-Nov",2001,"Mammalia","Chinchilla brevicaudata","Chinchilla",1990-11-06,2001-11-06,-1
91396,264,"16-Jun",2011,"Reptilia","Corallus caninus","Emerald Tree boa",1989-06-16,2011-06-16,-1
102664,36,"1-Jun",2016,"Aves","Melopsittacus undulatus","Budgerigar",2013-06-01,2016-06-01,-1
58208,108,"16-Oct",2009,"Mammalia","Chinchilla brevicaudata","Chinchilla",2000-10-16,2009-10-16,-1
57787,180,"27-Aug",2007,"Mammalia","Addax nasomaculatus","Addax",1992-08-27,2007-08-27,-1
102175,96,"18-May",2016,"Mammalia","Osphranter robustus","Wallaroo",2008-05-18,2016-05-18,-1
25982,384,"24-Nov",2003,"Aves","Phoenicopterus chilensis","Chilean flamingo",1971-11-24,2003-11-24,-1
65595,132,"17-Dec",2012,"Mammalia","Ovis aries","Sheep",2001-12-17,2012-12-17,-1
80674,78,"30-Oct",2000,"Mammalia","Lemur catta","Ring-tailed Lemur",1994-04-30,2000-10-30,1
72779,36,"17-Nov",2006,"Mammalia","Osphranter rufus","Red Kangaroo",2003-11-17,2006-11-17,-1
53730,204,"5-Nov",2004,"Mammalia","Saimiri sciureus","Common Squirrel Monkey",1987-11-05,2004-11-05,-1
56537,12,"7-Oct",2011,"Mammalia","Ailurus fulgens","Red Panda",2010-10-07,2011-10-07,-1
79719,12,"24-Oct",2005,"Mammalia","Addax nasomaculatus","Addax",2004-10-24,2005-10-24,-1
61434,96,"20-Dec",2010,"Mammalia","Ovis canadensis","Big Horn Sheep",2002-12-20,2010-12-20,-1
87323,42,"26-Jan",2012,"Reptilia","Sceloporus cyanogenys","Blue spiny lizard",2008-07-26,2012-01-26,0
61596,222,"15-Jan",2009,"Mammalia","Panthera tigris","White Bengal Tiger",1990-07-15,2009-01-15,-1
105385,60,"18-Jul",2016,"Aves","Gallus gallus","Domestic chicken",2011-07-18,2016-07-18,1
97353,108,"5-May",2015,"Aves","Gallus gallus","Domestic chicken",2006-05-05,2015-05-05,-1
103839,60,"26-Jul",2016,"Mammalia","Mustela putorius","Ferret",2011-07-26,2016-07-26,-1
64673,84,"13-Nov",2013,"Mammalia","Litocranius walleri","Southern Gerenuk",2006-11-13,2013-11-13,-1
79854,168,"8-Apr",2011,"Mammalia","Osphranter robustus","Wallaroo",1997-04-08,2011-04-08,1
35367,72,"27-Aug",2001,"Aves","Trichoglossus haematodus","Coconut lorikeet",1995-08-27,2001-08-27,-1
91898,216,"25-Jul",2011,"Reptilia","Crotalus lepidus",NA,1993-07-25,2011-07-25,-1
55744,36,"1-Feb",2012,"Mammalia","Didelphis marsupialis","Oppossum",2009-02-01,2012-02-01,-1
41543,60,"19-Jul",2005,"Aves","Gallus gallus","Domestic chicken",2000-07-19,2005-07-19,1
93915,108,"27-Oct",2010,"Reptilia","Crotalus polystictus",NA,2001-10-27,2010-10-27,-1
106037,96,"27-Nov",2015,"Amphibia","Pipa pipa","Surinam toad",2007-11-27,2015-11-27,-1
20520,12,"25-Jul",2006,"Mammalia","Pusa hispida",NA,2005-07-25,2006-07-25,-1
54462,24,"21-Feb",2012,"Mammalia","Hydrochoerus hydrochaeris","Capybara",2010-02-21,2012-02-21,-1
53462,84,"18-Mar",2002,"Mammalia","Osphranter robustus","Wallaroo",1995-03-18,2002-03-18,-1
52951,60,"22-Jun",2000,"Mammalia","Nanger dama","Addras Gazelle",1995-06-22,2000-06-22,-1
75073,36,"6-Jan",2011,"Mammalia","Nanger dama","Addras Gazelle",2008-01-06,2011-01-06,-1
38025,126,"27-Feb",2014,"Aves","Spheniscus humboldti","Humboldt Penguin",2003-08-27,2014-02-27,-1
74422,48,"9-Nov",2012,"Mammalia","Petaurus breviceps","Pygmy Sugar Glider",2008-11-09,2012-11-09,0
71203,144,"25-Oct",2013,"Mammalia","Eidolon helvum",NA,2001-10-25,2013-10-25,1
57890,156,"7-Apr",2004,"Mammalia","Gorilla gorilla","Gorilla",1991-04-07,2004-04-07,-1
18643,144,"6-Sep",2007,"Aves","Dendrocygna autumnalis","Black-bellied Whistling duck",1995-09-06,2007-09-06,-1
78380,72,"27-Mar",2013,"Mammalia","Mustela putorius","Ferret",2007-03-27,2013-03-27,1
54255,180,"7-Dec",2007,"Mammalia","Ovis aries","Sheep",1992-12-07,2007-12-07,-1
56837,132,"13-Apr",2007,"Mammalia","Osphranter robustus","Wallaroo",1996-04-13,2007-04-13,-1
70784,144,"8-Oct",2012,"Mammalia","Capra hircus","San Clemente Goat",2000-10-08,2012-10-08,0
102779,312,"29-Jun",2016,"Aves","Spheniscus humboldti","Humboldt Penguin",1990-06-29,2016-06-29,-1
102153,204,"11-May",2016,"Reptilia","Morelia viridis","Green Tree Python",1999-05-11,2016-05-11,-1
99811,42,"21-Oct",2015,"Mammalia","Carollia perspicillata","Seba Short-tailed Bat",2012-04-21,2015-10-21,-1
73355,156,"9-Sep",2011,"Mammalia","Canis lupus","Gray Wolf",1998-09-09,2011-09-09,1
74309,12,"22-Jun",2011,"Mammalia","Ovis canadensis","Big Horn Sheep",2010-06-22,2011-06-22,-1
42856,36,"4-Aug",2008,"Aves","Eos bornea","Red lory",2005-08-04,2008-08-04,-1
54527,132,"12-Jul",2010,"Mammalia","Petaurus breviceps","Pygmy Sugar Glider",1999-07-12,2010-07-12,-1
64179,240,"6-Mar",2012,"Mammalia","Heterocephalus glaber","Naked Mole Rat",1992-03-06,2012-03-06,-1
87346,84,"14-Sep",2009,"Reptilia","Bitis nasicornis",NA,2002-09-14,2009-09-14,-1
54193,60,"14-May",2004,"Mammalia","Carollia perspicillata","Seba Short-tailed Bat",1999-05-14,2004-05-14,-1
15682,96,"1-Feb",2012,"Amphibia","Phyllomedusa bicolor","Giant Waxy Tree Frog",2004-02-01,2012-02-01,-1
85228,54,"8-Jan",2007,"Reptilia","Bitis nasicornis",NA,2002-07-08,2007-01-08,-1
99058,408,"8-Apr",2016,"Mammalia","Gorilla gorilla","Gorilla",1982-04-08,2016-04-08,-1
73570,372,"19-Sep",2001,"Mammalia","Pan troglodytes","Chimpanzee",1970-09-19,2001-09-19,1
76723,48,"23-May",2014,"Mammalia","Oryctolagus cuniculus","Domestic Rabbit",2010-05-23,2014-05-23,-1
21096,11,"12-Jun",2006,"Aves","Larosterna inca",NA,2005-07-12,2006-06-12,-1
63855,156,"17-Sep",2002,"Mammalia","Panthera tigris","White Bengal Tiger",1989-09-17,2002-09-17,1
98768,14,"30-Jun",2015,"Mammalia","Lemur catta","Ring-tailed Lemur",2014-04-30,2015-06-30,-1
106507,48,"30-Mar",2016,"Mammalia","Atelerix albiventris","Four-toed Hedgehog",2012-03-30,2016-03-30,1
104998,84,"28-Nov",2016,"Mammalia","Cebuella pygmaea","Pygmy Marmoset",2009-11-28,2016-11-28,-1
91933,108,"30-Aug",2007,"Reptilia","Heloderma suspectum","Gila Monster",1998-08-30,2007-08-30,-1
71169,228,"8-Feb",2012,"Mammalia","Varecia variegata","Red/black Ruffed Lemur",1993-02-08,2012-02-08,1
79798,168,"25-Jun",2004,"Mammalia","Ovis aries","Sheep",1990-06-25,2004-06-25,-1
84264,48,"31-Mar",2011,"Reptilia","Sceloporus cyanogenys","Blue spiny lizard",2007-03-31,2011-03-31,0
67929,120,"4-Nov",2002,"Mammalia","Addax nasomaculatus","Addax",1992-11-04,2002-11-04,-1
56412,108,"17-Oct",2008,"Mammalia","Lemur catta","Ring-tailed Lemur",1999-10-17,2008-10-17,0
103390,156,"26-May",2015,"Mammalia","Eudorcas thomsonii","Thompsons Gazelle",2002-05-26,2015-05-26,1
95477,126,"11-Aug",2015,"Mammalia","Nanger dama","Addras Gazelle",2005-02-11,2015-08-11,-1
52768,126,"3-Jun",2005,"Mammalia","Notamacropus rufogriseus","Red Wallaby",1994-12-03,2005-06-03,-1
58418,114,"25-Jan",2012,"Mammalia","Taurotragus derbianus",NA,2002-07-25,2012-01-25,-1
63326,36,"4-Oct",2010,"Mammalia","Atelerix albiventris","Four-toed Hedgehog",2007-10-04,2010-10-04,0
96008,24,"18-Aug",2015,"Reptilia","Gopherus agassizii",NA,2013-08-18,2015-08-18,-1
56678,72,"26-Jan",2006,"Mammalia","Mustela putorius","Ferret",2000-01-26,2006-01-26,1
97287,468,"24-Mar",2015,"Aves","Phoenicopterus chilensis","Chilean flamingo",1976-03-24,2015-03-24,-1
77712,300,"10-Oct",2006,"Mammalia","Lemur catta","Ring-tailed Lemur",1981-10-10,2006-10-10,-1
105635,210,"21-Dec",2016,"Mammalia","Panthera leo","Masai Lion",1999-06-21,2016-12-21,-1
106377,48,"15-Mar",2016,"Mammalia","Didelphis marsupialis","Oppossum",2012-03-15,2016-03-15,0
74369,78,"27-Jan",2010,"Mammalia","Litocranius walleri","Southern Gerenuk",2003-07-27,2010-01-27,-1
68993,84,"12-Dec",2005,"Mammalia","Mustela nigripes","Black Footed Ferret",1998-12-12,2005-12-12,1
23688,240,"13-Sep",2013,"Aves","Eudocimus ruber","Scarlet Ibis",1993-09-13,2013-09-13,-1
95480,72,"11-Aug",2015,"Mammalia","Saguinus oedipus","Tamarin Monkey",2009-08-11,2015-08-11,-1
34305,96,"22-May",2013,"Aves","Melopsittacus undulatus","Budgerigar",2005-05-22,2013-05-22,1
79386,156,"5-Jan",2004,"Mammalia","Nanger dama","Addras Gazelle",1991-01-05,2004-01-05,0
53562,96,"29-May",2014,"Mammalia","Saguinus oedipus","Tamarin Monkey",2006-05-29,2014-05-29,-1
74965,222,"10-Aug",2012,"Mammalia","Eudorcas thomsonii","Thompsons Gazelle",1994-02-10,2012-08-10,0
75202,48,"15-Jan",2013,"Mammalia","Atelerix albiventris","Four-toed Hedgehog",2009-01-15,2013-01-15,-1
53852,24,"29-May",2014,"Mammalia","Saguinus oedipus","Tamarin Monkey",2012-05-29,2014-05-29,-1
76465,12,"18-Feb",2003,"Mammalia","Osphranter rufus","Red Kangaroo",2002-02-18,2003-02-18,-1
80372,60,"16-Aug",2012,"Mammalia","Cebuella pygmaea","Pygmy Marmoset",2007-08-16,2012-08-16,-1
76517,8,"28-Dec",2009,"Mammalia","Leontopithecus chrysomelas","Golden-headed Tamarin",2009-04-28,2009-12-28,-1
99223,24,"23-Sep",2015,"Mammalia","Litocranius walleri","Southern Gerenuk",2013-09-23,2015-09-23,-1
56871,168,"14-May",2010,"Mammalia","Ovis aries","Sheep",1996-05-14,2010-05-14,1
87319,192,"12-Dec",2005,"Reptilia","Corallus caninus","Emerald Tree boa",1989-12-12,2005-12-12,-1
91154,108,"26-Aug",2013,"Reptilia","Gonocephalus chamaeleontinus","Chameleon Forest Dragon",2004-08-26,2013-08-26,-1
74530,84,"11-Aug",2014,"Mammalia","Leontopithecus chrysomelas","Golden-headed Tamarin",2007-08-11,2014-08-11,-1
91789,120,"9-Jun",2005,"Reptilia","Bitis nasicornis",NA,1995-06-09,2005-06-09,1
80476,168,"18-Jan",2011,"Mammalia","Saimiri sciureus","Common Squirrel Monkey",1997-01-18,2011-01-18,-1
28148,120,"10-Aug",2009,"Aves","Dendrocygna autumnalis","Black-bellied Whistling duck",1999-08-10,2009-08-10,-1
102719,168,"2-Jun",2016,"Mammalia","Zalophus californianus","California Sealion",2002-06-02,2016-06-02,-1
90746,12,"21-Jun",2011,"Reptilia","Erpeton tentaculatum","Tentacled snake",2010-06-21,2011-06-21,-1
106003,432,"17-Jun",2016,"Mammalia","Mandrillus sphinx","Mandrill",1980-06-17,2016-06-17,0
57943,24,"20-Sep",2004,"Mammalia","Cynomys ludovicianus","Gunnison Prairie Dog",2002-09-20,2004-09-20,-1
59707,132,"8-Apr",2011,"Mammalia","Eidolon helvum",NA,2000-04-08,2011-04-08,-1
78248,156,"3-Jun",2010,"Reptilia","Corallus caninus","Emerald Tree boa",1997-06-03,2010-06-03,-1
106401,204,"16-Mar",2016,"Mammalia","Leontopithecus chrysomelas","Golden-headed Tamarin",1999-03-16,2016-03-16,0
65376,228,"28-Nov",2001,"Mammalia","Zalophus californianus","California Sealion",1982-11-28,2001-11-28,-1
74574,276,"16-Jan",2001,"Mammalia","Mandrillus sphinx","Mandrill",1978-01-16,2001-01-16,-1
22834,300,"2-Jun",2014,"Aves","Eudocimus ruber","Scarlet Ibis",1989-06-02,2014-06-02,-1
6959,192,"17-Feb",1999,"Reptilia","Morelia viridis","Green Tree Python",1983-02-17,1999-02-17,-1
43373,132,"29-Aug",2002,"Aves","Eudocimus ruber","Scarlet Ibis",1991-08-29,2002-08-29,-1
64032,228,"18-Oct",2010,"Mammalia","Panthera tigris","White Bengal Tiger",1991-10-18,2010-10-18,-1
62422,84,"20-May",2002,"Mammalia","Capra hircus","San Clemente Goat",1995-05-20,2002-05-20,-1
91981,204,"19-Jul",2005,"Reptilia","Corallus caninus","Emerald Tree boa",1988-07-19,2005-07-19,0
162001,79.13,"5-Apr",2005,"Mammalia","Pan troglodytes","Chimpanzee",1998-09-05,2005-04-05,-1
72342,60,"7-Feb",2006,"Mammalia","Saimiri sciureus","Common Squirrel Monkey",2001-02-07,2006-02-07,-1
68064,180,"30-May",2008,"Mammalia","Ailurus fulgens","Red Panda",1993-05-30,2008-05-30,0
62796,180,"27-Jan",2014,"Mammalia","Panthera pardus",NA,1999-01-27,2014-01-27,-1
64972,8,"6-Jan",2009,"Mammalia","Capra hircus","San Clemente Goat",2008-05-06,2009-01-06,-1
78303,72,"14-Oct",2003,"Reptilia","Crotalus polystictus",NA,1997-10-14,2003-10-14,-1
102055,36,"27-Jan",2015,"Mammalia","Rattus norvegicus","Typical Rat",2012-01-27,2015-01-27,0
19763,36,"26-Oct",2004,"Aves","Trichoglossus haematodus","Coconut lorikeet",2001-10-26,2004-10-26,-1
88327,114,"3-Dec",2008,"Reptilia","Pantherophis guttatus","Corn snake",1999-06-03,2008-12-03,0
62856,204,"28-May",2014,"Mammalia","Saimiri sciureus","Common Squirrel Monkey",1997-05-28,2014-05-28,-1
5136,156,"2-Apr",1998,"Mammalia","Lama glama","Llama",1985-04-02,1998-04-02,-1
57034,48,"13-May",2004,"Mammalia","Suricata suricatta","Slender Tail Meerkat",2000-05-13,2004-05-13,-1
86877,66,"26-Mar",2014,"Reptilia","Sceloporus cyanogenys","Blue spiny lizard",2008-09-26,2014-03-26,0
85025,132,"18-Aug",2003,"Reptilia","Gopherus agassizii",NA,1992-08-18,2003-08-18,1
58484,420,"10-Jul",2000,"Aves","Eudocimus ruber","Scarlet Ibis",1965-07-10,2000-07-10,-1
27554,300,"18-May",2007,"Aves","Phoenicopterus chilensis","Chilean flamingo",1982-05-18,2007-05-18,-1
89537,168,"11-Oct",2005,"Reptilia","Crotalus lepidus",NA,1991-10-11,2005-10-11,1
55348,240,"26-Jan",2009,"Mammalia","Chinchilla brevicaudata","Chinchilla",1989-01-26,2009-01-26,-1
82860,96,"21-Mar",2002,"Reptilia","Lampropeltis triangulum",NA,1994-03-21,2002-03-21,-1
84823,312,"9-Nov",2011,"Reptilia","Heloderma suspectum","Gila Monster",1985-11-09,2011-11-09,-1
104117,36,"17-Aug",2016,"Mammalia","Mustela nigripes","Black Footed Ferret",2013-08-17,2016-08-17,-1
19201,96,"28-Feb",2006,"Aves","Gallus gallus","Domestic chicken",1998-02-28,2006-02-28,-1
84525,24,"9-May",2003,"Reptilia","Lampropeltis triangulum",NA,2001-05-09,2003-05-09,-1
63008,84,"28-Jun",2010,"Mammalia","Mustela nigripes","Black Footed Ferret",2003-06-28,2010-06-28,-1
103428,180,"21-Jul",2016,"Mammalia","Canis lupus","Gray Wolf",2001-07-21,2016-07-21,1
18844,36,"15-Apr",2010,"Aves","Trichoglossus moluccanus","Rainbow lorikeet",2007-04-15,2010-04-15,-1
23484,360,"28-Nov",2012,"Aves","Phoenicopterus chilensis","Chilean flamingo",1982-11-28,2012-11-28,-1
30921,240,"13-May",2013,"Aves","Oxyura jamaicensis",NA,1993-05-13,2013-05-13,-1
77863,24,"31-Dec",2012,"Mammalia","Rattus norvegicus","Typical Rat",2010-12-31,2012-12-31,0
74541,72,"12-Apr",2004,"Mammalia","Mustela putorius","Ferret",1998-04-12,2004-04-12,1
84190,120,"20-Aug",2010,"Reptilia","Pantherophis guttatus","Corn snake",2000-08-20,2010-08-20,-1
56128,54,"19-Sep",2005,"Mammalia","Lemur catta","Ring-tailed Lemur",2001-03-19,2005-09-19,-1
53793,12,"18-May",2007,"Mammalia","Carollia perspicillata","Seba Short-tailed Bat",2006-05-18,2007-05-18,-1
18952,216,"9-Jun",2010,"Aves","Leucopsar rothschildi","Bali mynah",1992-06-09,2010-06-09,-1
28455,120,"4-Mar",2004,"Mammalia","Pusa hispida",NA,1994-03-04,2004-03-04,-1
80942,84,"23-May",2008,"Reptilia","Sceloporus cyanogenys","Blue spiny lizard",2001-05-23,2008-05-23,-1
74666,24,"14-Aug",2012,"Mammalia","Rattus norvegicus","Typical Rat",2010-08-14,2012-08-14,-1
65265,300,"3-Jul",2007,"Mammalia","Lama glama","Llama",1982-07-03,2007-07-03,0
161992,135.06,"29-Sep",2007,"Mammalia","Pan troglodytes","Chimpanzee",1996-06-29,2007-09-29,0
98792,48,"7-Aug",2015,"Aves","Trichoglossus haematodus","Coconut lorikeet",2011-08-07,2015-08-07,-1
79215,84,"16-Sep",2010,"Mammalia","Cynomys ludovicianus","Gunnison Prairie Dog",2003-09-16,2010-09-16,1
54588,72,"14-Nov",2007,"Mammalia","Chinchilla brevicaudata","Chinchilla",2001-11-14,2007-11-14,-1
63732,84,"21-Jul",2010,"Mammalia","Atelerix albiventris","Four-toed Hedgehog",2003-07-21,2010-07-21,1
71275,168,"11-Jan",2006,"Mammalia","Osphranter rufus","Red Kangaroo",1992-01-11,2006-01-11,-1
71880,24,"26-Sep",2000,"Amphibia","Pipa pipa","Surinam toad",1998-09-26,2000-09-26,-1
62487,228,"5-Feb",2009,"Mammalia","Panthera leo","Masai Lion",1990-02-05,2009-02-05,1
76938,60,"13-Oct",2014,"Mammalia","Tragelaphus strepsiceros","Kudu",2009-10-13,2014-10-13,-1
21211,216,"7-Nov",2007,"Aves","Oxyura jamaicensis",NA,1989-11-07,2007-11-07,-1
56943,144,"19-Dec",2001,"Mammalia","Osphranter robustus","Wallaroo",1989-12-19,2001-12-19,-1
102927,90,"30-Jun",2016,"Mammalia","Suricata suricatta","Slender Tail Meerkat",2008-12-30,2016-06-30,-1
24840,24,"3-Mar",2000,"Mammalia","Didelphis marsupialis","Oppossum",1998-03-03,2000-03-03,-1
53487,17,"20-Oct",2011,"Mammalia","Didelphis marsupialis","Oppossum",2010-05-20,2011-10-20,-1
68143,216,"6-Aug",2010,"Mammalia","Phacochoerus africanus","Warthog",1992-08-06,2010-08-06,1
22066,132,"31-Aug",2004,"Aves","Trichoglossus haematodus","Coconut lorikeet",1993-08-31,2004-08-31,-1
64768,204,"5-Aug",2003,"Mammalia","Ursus maritimus","Polar Bear",1986-08-05,2003-08-05,-1
87228,216,"9-Sep",2014,"Reptilia","Pantherophis guttatus","Corn snake",1996-09-09,2014-09-09,-1
33901,12,"1-Apr",2010,"Aves","Gallus gallus","Domestic chicken",2009-04-01,2010-04-01,1
35341,120,"19-Apr",2000,"Mammalia","Macropus eugenii",NA,1990-04-19,2000-04-19,-1
56333,2,"15-Aug",2005,"Mammalia","Mustela nigripes","Black Footed Ferret",2005-06-15,2005-08-15,-1
54383,84,"21-May",2013,"Mammalia","Litocranius walleri","Southern Gerenuk",2006-05-21,2013-05-21,-1
53468,84,"7-Nov",2002,"Mammalia","Rousettus lanosus",NA,1995-11-07,2002-11-07,-1
63138,96,"30-Dec",2005,"Mammalia","Leontopithecus chrysomelas","Golden-headed Tamarin",1997-12-30,2005-12-30,-1
22862,192,"24-Feb",2003,"Aves","Phoenicopterus chilensis","Chilean flamingo",1987-02-24,2003-02-24,-1
92821,144,"19-Sep",2012,"Reptilia","Heloderma suspectum","Gila Monster",2000-09-19,2012-09-19,-1
17312,132,"4-Sep",2009,"Aves","Eudocimus ruber","Scarlet Ibis",1998-09-04,2009-09-04,-1
42811,72,"6-Nov",2003,"Aves","Eudocimus ruber","Scarlet Ibis",1997-11-06,2003-11-06,-1
56070,72,"12-May",2008,"Mammalia","Mustela nigripes","Black Footed Ferret",2002-05-12,2008-05-12,0
7375,12,"13-May",1999,"Aves","Gallus gallus","Domestic chicken",1998-05-13,1999-05-13,-1
100318,36,"11-Jan",2016,"Mammalia","Rattus norvegicus","Typical Rat",2013-01-11,2016-01-11,-1
97342,24,"28-Apr",2015,"Mammalia","Sylvilagus transitionalis",NA,2013-04-28,2015-04-28,-1
67736,144,"19-Sep",2013,"Mammalia","Capra hircus","San Clemente Goat",2001-09-19,2013-09-19,0
105531,120,"12-Oct",2016,"Mammalia","Oryctolagus cuniculus","Domestic Rabbit",2006-10-12,2016-10-12,1
86997,396,"19-Aug",2009,"Reptilia","Gopherus agassizii",NA,1976-08-19,2009-08-19,-1
75402,144,"10-Jul",2012,"Mammalia","Macropus eugenii",NA,2000-07-10,2012-07-10,-1
104911,276,"2-Dec",2015,"Reptilia","Morelia viridis","Green Tree Python",1992-12-02,2015-12-02,1
90985,36,"21-Mar",2011,"Reptilia","Gonocephalus chamaeleontinus","Chameleon Forest Dragon",2008-03-21,2011-03-21,-1
8557,108,"27-Sep",1999,"Mammalia","Capra hircus","San Clemente Goat",1990-09-27,1999-09-27,-1
43518,96,"13-May",2008,"Aves","Dendrocygna autumnalis","Black-bellied Whistling duck",2000-05-13,2008-05-13,-1
18198,60,"4-May",2005,"Aves","Dendrocygna autumnalis","Black-bellied Whistling duck",2000-05-04,2005-05-04,-1
86385,144,"30-Jan",2014,"Reptilia","Eublepharis macularius","Leopard Gecko",2002-01-30,2014-01-30,-1
25605,48,"7-Apr",2004,"Aves","Dendrocygna autumnalis","Black-bellied Whistling duck",2000-04-07,2004-04-07,-1
23749,144,"6-Mar",2014,"Aves","Eudocimus ruber","Scarlet Ibis",2002-03-06,2014-03-06,1
67722,24,"16-Dec",2001,"Mammalia","Rattus norvegicus","Typical Rat",1999-12-16,2001-12-16,0
106499,168,"12-May",2015,"Mammalia","Suricata suricatta","Slender Tail Meerkat",2001-05-12,2015-05-12,1
43465,72,"16-Aug",2004,"Aves","Gallus gallus","Domestic chicken",1998-08-16,2004-08-16,-1
78022,156,"25-Oct",2013,"Mammalia","Capra hircus","San Clemente Goat",2000-10-25,2013-10-25,1
70947,120,"2-Aug",2013,"Mammalia","Oryctolagus cuniculus","Domestic Rabbit",2003-08-02,2013-08-02,0
75382,3,"9-Aug",2007,"Mammalia","Canis lupus","Gray Wolf",2007-05-09,2007-08-09,-1
54537,120,"19-Jul",2006,"Mammalia","Osphranter rufus","Red Kangaroo",1996-07-19,2006-07-19,-1
56281,2,"7-Sep",2007,"Mammalia","Mustela nigripes","Black Footed Ferret",2007-07-07,2007-09-07,-1
73670,24,"4-Sep",2009,"Mammalia","Atelerix albiventris","Four-toed Hedgehog",2007-09-04,2009-09-04,1
79286,264,"31-Jan",2011,"Mammalia","Pteropus rodricensis","Rodrigues Fruit Bat",1989-01-31,2011-01-31,-1
63481,84,"28-Jul",2000,"Mammalia","Capra hircus","San Clemente Goat",1993-07-28,2000-07-28,-1
8075,60,"5-Aug",1999,"Mammalia","Eidolon helvum",NA,1994-08-05,1999-08-05,-1
65072,120,"6-Dec",2010,"Mammalia","Artibeus jamaicensis","Jamaican Fruit bat",2000-12-06,2010-12-06,-1
90019,168,"27-Sep",2012,"Reptilia","Morelia viridis","Green Tree Python",1998-09-27,2012-09-27,-1
21641,12,"15-Jun",2004,"Aves","Neophema splendida",NA,2003-06-15,2004-06-15,-1
74229,108,"11-Oct",2011,"Mammalia","Litocranius walleri","Southern Gerenuk",2002-10-11,2011-10-11,-1
99220,144,"23-Sep",2015,"Mammalia","Tragelaphus strepsiceros","Kudu",2003-09-23,2015-09-23,-1
79668,174,"21-May",2012,"Mammalia","Dasyprocta punctata","Red-rumped Agouti",1997-11-21,2012-05-21,1
101615,12,"22-Mar",2016,"Mammalia","Cynomys ludovicianus","Gunnison Prairie Dog",2015-03-22,2016-03-22,-1
63489,192,"30-Nov",2009,"Mammalia","Panthera pardus",NA,1993-11-30,2009-11-30,0
54558,204,"27-Aug",2001,"Mammalia","Rousettus aegyptiacus","Egyptian fruit bat",1984-08-27,2001-08-27,-1
82918,12,"27-Jun",2003,"Reptilia","Crotalus polystictus",NA,2002-06-27,2003-06-27,-1
35902,84,"13-Aug",2007,"Aves","Trichoglossus haematodus","Coconut lorikeet",2000-08-13,2007-08-13,-1
35281,144,"17-Jan",2013,"Aves","Gallus gallus","Domestic chicken",2001-01-17,2013-01-17,-1
28181,360,"8-Jan",2007,"Aves","Phoenicopterus ruber","American flamingo",1977-01-08,2007-01-08,-1
106370,54,"22-Apr",2015,"Mammalia","Atelerix albiventris","Four-toed Hedgehog",2010-10-22,2015-04-22,1
74993,8,"7-Sep",2007,"Mammalia","Litocranius walleri","Southern Gerenuk",2007-01-07,2007-09-07,-1
75292,36,"12-Dec",2005,"Mammalia","Nanger dama","Addras Gazelle",2002-12-12,2005-12-12,-1
28904,288,"20-Apr",2004,"Aves","Platalea ajaja",NA,1980-04-20,2004-04-20,0
63423,132,"9-Feb",2006,"Mammalia","Ovis aries","Sheep",1995-02-09,2006-02-09,-1
56131,84,"30-Jan",2008,"Mammalia","Macropus eugenii",NA,2001-01-30,2008-01-30,-1
105201,108,"31-Jan",2017,"Aves","Dendrocygna autumnalis","Black-bellied Whistling duck",2008-01-31,2017-01-31,-1
28582,60,"3-May",2007,"Aves","Eos bornea","Red lory",2002-05-03,2007-05-03,-1
76069,12,"26-Nov",2014,"Mammalia","Sylvilagus transitionalis",NA,2013-11-26,2014-11-26,-1
6699,9,"14-Feb",1999,"Mammalia","Panthera leo","Masai Lion",1998-05-14,1999-02-14,-1
3690,60,"11-Jul",1997,"Mammalia","Atelerix albiventris","Four-toed Hedgehog",1992-07-11,1997-07-11,0
56034,48,"1-Feb",2005,"Mammalia","Atelerix albiventris","Four-toed Hedgehog",2001-02-01,2005-02-01,1
96784,12,"9-Mar",2015,"Aves","Neophema splendida",NA,2014-03-09,2015-03-09,-1
78420,24,"21-Feb",2012,"Mammalia","Oryctolagus cuniculus","Domestic Rabbit",2010-02-21,2012-02-21,-1
2897,12,"4-Mar",1997,"Mammalia","Didelphis marsupialis","Oppossum",1996-03-04,1997-03-04,-1
4120,36,"2-Feb",1998,"Mammalia","Atelerix albiventris","Four-toed Hedgehog",1995-02-02,1998-02-02,-1
43574,204,"2-Jun",2008,"Aves","Phoenicopterus ruber","American flamingo",1991-06-02,2008-06-02,-1
86162,72,"11-Mar",2014,"Reptilia","Gonocephalus chamaeleontinus","Chameleon Forest Dragon",2008-03-11,2014-03-11,-1
106363,168,"17-Aug",2016,"Mammalia","Rousettus aegyptiacus","Egyptian fruit bat",2002-08-17,2016-08-17,1
87437,240,"12-May",2009,"Reptilia","Lampropeltis getula",NA,1989-05-12,2009-05-12,-1
55890,78,"20-Feb",2007,"Mammalia","Atelerix albiventris","Four-toed Hedgehog",2000-08-20,2007-02-20,0
78393,54,"5-Dec",2014,"Mammalia","Atelerix albiventris","Four-toed Hedgehog",2010-06-05,2014-12-05,1
99210,36,"9-Sep",2015,"Reptilia","Furcifer pardalis","Reunion chameleon",2012-09-09,2015-09-09,-1
9064,600,"15-Oct",1999,"Mammalia","Gorilla gorilla","Gorilla",1949-10-15,1999-10-15,1
96115,60,"16-Jan",2015,"Aves","Gallus gallus","Domestic chicken",2010-01-16,2015-01-16,-1
80107,24,"18-Sep",2003,"Mammalia","Leontopithecus chrysomelas","Golden-headed Tamarin",2001-09-18,2003-09-18,-1
96846,180,"27-Feb",2015,"Mammalia","Panthera tigris","White Bengal Tiger",2000-02-27,2015-02-27,-1
21281,150,"6-Mar",2008,"Aves","Dendrocygna autumnalis","Black-bellied Whistling duck",1995-09-06,2008-03-06,-1
62737,528,"8-Sep",2008,"Mammalia","Gorilla gorilla","Gorilla",1964-09-08,2008-09-08,-1
98673,216,"6-Aug",2015,"Mammalia","Panthera pardus",NA,1997-08-06,2015-08-06,-1
54972,132,"19-Feb",2010,"Mammalia","Capra hircus","San Clemente Goat",1999-02-19,2010-02-19,0
34432,156,"10-Jul",2001,"Aves","Dendrocygna autumnalis","Black-bellied Whistling duck",1988-07-10,2001-07-10,1
74590,30,"6-May",2013,"Mammalia","Rattus norvegicus","Typical Rat",2010-11-06,2013-05-06,0
70245,132,"30-Nov",2010,"Mammalia","Suricata suricatta","Slender Tail Meerkat",1999-11-30,2010-11-30,1
99269,60,"23-Sep",2015,"Mammalia","Artibeus jamaicensis","Jamaican Fruit bat",2010-09-23,2015-09-23,-1
53491,432,"13-Jul",2012,"Mammalia","Gorilla gorilla","Gorilla",1976-07-13,2012-07-13,-1
62619,72,"12-Apr",2005,"Mammalia","Oryctolagus cuniculus","Domestic Rabbit",1999-04-12,2005-04-12,-1
63395,144,"3-Aug",2004,"Mammalia","Capra hircus","San Clemente Goat",1992-08-03,2004-08-03,-1
84327,204,"8-Oct",2008,"Reptilia","Lampropeltis getula",NA,1991-10-08,2008-10-08,-1
3866,108,"13-May",1999,"Aves","Eudocimus ruber","Scarlet Ibis",1990-05-13,1999-05-13,-1
86201,156,"8-Jun",2007,"Reptilia","Gonocephalus chamaeleontinus","Chameleon Forest Dragon",1994-06-08,2007-06-08,0
64243,228,"10-Jan",2005,"Mammalia","Leontopithecus chrysomelas","Golden-headed Tamarin",1986-01-10,2005-01-10,-1
63850,120,"4-Aug",2008,"Mammalia","Ovis aries","Sheep",1998-08-04,2008-08-04,-1
75728,60,"25-Aug",2002,"Mammalia","Osphranter rufus","Red Kangaroo",1997-08-25,2002-08-25,-1
63482,156,"9-Apr",2008,"Mammalia","Petaurus breviceps","Pygmy Sugar Glider",1995-04-09,2008-04-09,0
103074,492,"27-Jun",2016,"Aves","Phoenicopterus ruber","American flamingo",1975-06-27,2016-06-27,-1
81710,156,"24-Mar",2014,"Reptilia","Morelia viridis","Green Tree Python",2001-03-24,2014-03-24,-1
64007,120,"21-Oct",2002,"Mammalia","Ovis canadensis","Big Horn Sheep",1992-10-21,2002-10-21,-1
73542,90,"26-Jan",2012,"Mammalia","Mustela putorius","Ferret",2004-07-26,2012-01-26,1
75240,72,"3-Oct",2001,"Mammalia","Suricata suricatta","Slender Tail Meerkat",1995-10-03,2001-10-03,0
65574,108,"27-Sep",2013,"Mammalia","Lycaon pictus","Cape Hunting Dog",2004-09-27,2013-09-27,-1
37664,7,"23-May",2005,"Mammalia","Pusa hispida",NA,2004-10-23,2005-05-23,-1
63780,168,"27-Jul",2010,"Mammalia","Capra hircus","San Clemente Goat",1996-07-27,2010-07-27,-1
65445,72,"15-Oct",2007,"Mammalia","Saguinus oedipus","Tamarin Monkey",2001-10-15,2007-10-15,-1
2200,24,"30-Dec",1997,"Mammalia","Heterocephalus glaber","Naked Mole Rat",1995-12-30,1997-12-30,-1
30713,228,"31-Dec",2012,"Aves","Leucopsar rothschildi","Bali mynah",1993-12-31,2012-12-31,-1
63948,156,"16-Dec",2002,"Mammalia","Tragelaphus strepsiceros","Kudu",1989-12-16,2002-12-16,-1
72107,216,"29-Mar",2012,"Mammalia","Pteropus rodricensis","Rodrigues Fruit Bat",1994-03-29,2012-03-29,-1
36909,54,"27-Apr",2009,"Aves","Trichoglossus moluccanus","Rainbow lorikeet",2004-10-27,2009-04-27,-1
3450,48,"8-Jul",1997,"Mammalia","Macropus eugenii",NA,1993-07-08,1997-07-08,-1
98967,420,"14-Sep",2015,"Reptilia","Gopherus agassizii",NA,1980-09-14,2015-09-14,-1
95950,144,"15-Jan",2015,"Mammalia","Colobus guereza","Colobus Monkey",2003-01-15,2015-01-15,-1
35039,36,"2-Sep",2005,"Aves","Trichoglossus haematodus","Coconut lorikeet",2002-09-02,2005-09-02,-1
33696,84,"21-Mar",2013,"Aves","Gallus gallus","Domestic chicken",2006-03-21,2013-03-21,1
100691,60,"3-Feb",2016,"Mammalia","Litocranius walleri","Southern Gerenuk",2011-02-03,2016-02-03,-1
101897,96,"20-Apr",2016,"Mammalia","Capra hircus","San Clemente Goat",2008-04-20,2016-04-20,0
55235,156,"11-Dec",2009,"Mammalia","Hydrochoerus hydrochaeris","Capybara",1996-12-11,2009-12-11,-1
62725,96,"28-Dec",2011,"Mammalia","Suricata suricatta","Slender Tail Meerkat",2003-12-28,2011-12-28,-1
84127,24,"7-Nov",2000,"Mammalia","Eidolon helvum",NA,1998-11-07,2000-11-07,-1
92972,12,"2-Jun",2004,"Reptilia","Sceloporus cyanogenys","Blue spiny lizard",2003-06-02,2004-06-02,-1
78197,60,"8-Jan",2001,"Mammalia","Notamacropus rufogriseus","Red Wallaby",1996-01-08,2001-01-08,-1
28053,84,"1-Sep",2005,"Aves","Gallus gallus","Domestic chicken",1998-09-01,2005-09-01,-1
85846,60,"27-Feb",2014,"Reptilia","Crotalus polystictus",NA,2009-02-27,2014-02-27,-1
67210,84,"24-Aug",2000,"Reptilia","Crotalus polystictus",NA,1993-08-24,2000-08-24,-1
56493,84,"11-Sep",2013,"Mammalia","Suricata suricatta","Slender Tail Meerkat",2006-09-11,2013-09-11,1
55307,84,"21-Dec",2007,"Mammalia","Suricata suricatta","Slender Tail Meerkat",2000-12-21,2007-12-21,-1
98744,84,"30-Jun",2015,"Aves","Nymphicus hollandicus","Cockatiel",2008-06-30,2015-06-30,1
79353,180,"15-Jun",2010,"Mammalia","Saguinus oedipus","Tamarin Monkey",1995-06-15,2010-06-15,-1
99578,126,"2-Oct",2015,"Reptilia","Crotalus lepidus",NA,2005-04-02,2015-10-02,-1
17371,216,"26-Jun",2014,"Aves","Phoenicopterus ruber","American flamingo",1996-06-26,2014-06-26,-1
67053,60,"28-Apr",2006,"Mammalia","Mustela putorius","Ferret",2001-04-28,2006-04-28,0
60309,144,"15-Jul",2009,"Mammalia","Suricata suricatta","Slender Tail Meerkat",1997-07-15,2009-07-15,-1
97975,132,"2-Jun",2015,"Mammalia","Suricata suricatta","Slender Tail Meerkat",2004-06-02,2015-06-02,-1
26912,108,"28-Jul",2002,"Aves","Dendrocygna autumnalis","Black-bellied Whistling duck",1993-07-28,2002-07-28,-1
70846,72,"9-Feb",2011,"Mammalia","Cynomys ludovicianus","Gunnison Prairie Dog",2005-02-09,2011-02-09,-1
56009,42,"27-Aug",2014,"Mammalia","Didelphis marsupialis","Oppossum",2011-02-27,2014-08-27,1
14277,96,"18-Oct",1999,"Aves","Gallus gallus","Domestic chicken",1991-10-18,1999-10-18,0
73809,252,"21-Oct",2011,"Mammalia","Saguinus oedipus","Tamarin Monkey",1990-10-21,2011-10-21,-1
101815,108,"29-Mar",2016,"Aves","Dendrocygna autumnalis","Black-bellied Whistling duck",2007-03-29,2016-03-29,-1
162023,458.9,"1-Oct",2008,"Mammalia","Gorilla gorilla","Gorilla",1970-07-01,2008-10-01,1
83737,9,"23-May",2006,"Reptilia","Sceloporus cyanogenys","Blue spiny lizard",2005-08-23,2006-05-23,-1
28878,60,"28-Jul",2002,"Aves","Gallus gallus","Domestic chicken",1997-07-28,2002-07-28,-1
63354,108,"13-Aug",2007,"Mammalia","Eidolon helvum",NA,1998-08-13,2007-08-13,-1
3869,12,"13-May",1999,"Mammalia","Hydrochoerus hydrochaeris","Capybara",1998-05-13,1999-05-13,-1
54082,504,"29-Mar",2000,"Mammalia","Pan troglodytes","Chimpanzee",1958-03-29,2000-03-29,1
77840,84,"26-Jan",2006,"Mammalia","Mustela nigripes","Black Footed Ferret",1999-01-26,2006-01-26,1
58581,144,"8-Nov",2010,"Mammalia","Suricata suricatta","Slender Tail Meerkat",1998-11-08,2010-11-08,0
89143,126,"2-Mar",2005,"Reptilia","Boa constrictor","Boa Constrictor",1994-09-02,2005-03-02,-1
32192,24,"3-Apr",2002,"Aves","Gallus gallus","Domestic chicken",2000-04-03,2002-04-03,-1
99375,348,"4-Jun",2013,"Mammalia","Giraffa camelopardalis","Baringo Giraffe",1984-06-04,2013-06-04,1
105623,42,"4-Jan",2017,"Aves","Oxyura jamaicensis",NA,2013-07-04,2017-01-04,-1
17924,60,"29-Mar",2011,"Aves","Dendrocygna autumnalis","Black-bellied Whistling duck",2006-03-29,2011-03-29,-1
100001,12,"22-Oct",2015,"Mammalia","Taurotragus derbianus",NA,2014-10-22,2015-10-22,-1
103936,156,"26-Aug",2016,"Aves","Platalea ajaja",NA,2003-08-26,2016-08-26,-1
55536,240,"29-Mar",2006,"Mammalia","Ovis aries","Sheep",1986-03-29,2006-03-29,-1
105166,186,"14-Dec",2016,"Aves","Trichoglossus haematodus","Coconut lorikeet",2001-06-14,2016-12-14,-1
22552,48,"9-Dec",2005,"Aves","Leucopsar rothschildi","Bali mynah",2001-12-09,2005-12-09,-1
86750,84,"1-Dec",2008,"Reptilia","Erpeton tentaculatum","Tentacled snake",2001-12-01,2008-12-01,-1
55988,96,"7-Jun",2006,"Mammalia","Tragelaphus strepsiceros","Kudu",1998-06-07,2006-06-07,-1
80275,360,"12-Jan",2007,"Mammalia","Mandrillus sphinx","Mandrill",1977-01-12,2007-01-12,-1
68946,144,"11-Sep",2007,"Mammalia","Lycaon pictus","Cape Hunting Dog",1995-09-11,2007-09-11,1
58174,132,"8-Jan",2009,"Mammalia","Nanger dama","Addras Gazelle",1998-01-08,2009-01-08,-1
30130,300,"12-Aug",2011,"Aves","Phoenicopterus ruber","American flamingo",1986-08-12,2011-08-12,1
80426,204,"25-Jan",2013,"Mammalia","Panthera tigris","White Bengal Tiger",1996-01-25,2013-01-25,0
57273,252,"6-Mar",2008,"Mammalia","Varecia variegata","Red/black Ruffed Lemur",1987-03-06,2008-03-06,0
55794,18,"17-Apr",2006,"Mammalia","Rattus norvegicus","Typical Rat",2004-10-17,2006-04-17,-1
73980,72,"28-Jul",2014,"Mammalia","Mustela putorius","Ferret",2008-07-28,2014-07-28,1
74962,300,"9-Dec",2013,"Mammalia","Notamacropus rufogriseus","Red Wallaby",1988-12-09,2013-12-09,-1
42363,156,"19-Nov",2012,"Aves","Dendrocygna autumnalis","Black-bellied Whistling duck",1999-11-19,2012-11-19,-1
53745,60,"26-May",2004,"Mammalia","Suricata suricatta","Slender Tail Meerkat",1999-05-26,2004-05-26,-1
59237,72,"1-Apr",2014,"Mammalia","Cynomys ludovicianus","Gunnison Prairie Dog",2008-04-01,2014-04-01,-1
105398,144,"2-Dec",2016,"Mammalia","Litocranius walleri","Southern Gerenuk",2004-12-02,2016-12-02,-1
74115,228,"7-Jan",2009,"Mammalia","Ursus maritimus","Polar Bear",1990-01-07,2009-01-07,-1
23493,156,"28-Jan",2009,"Aves","Megascops asio",NA,1996-01-28,2009-01-28,1
105104,150,"2-Nov",2016,"Aves","Nymphicus hollandicus","Cockatiel",2004-05-02,2016-11-02,-1
36333,48,"14-May",2004,"Mammalia","Pusa hispida",NA,2000-05-14,2004-05-14,-1
83989,36,"16-Apr",2001,"Reptilia","Gonocephalus chamaeleontinus","Chameleon Forest Dragon",1998-04-16,2001-04-16,1
105877,432,"8-Jan",2016,"Reptilia","Heloderma suspectum","Gila Monster",1980-01-08,2016-01-08,1
72566,96,"9-Sep",2010,"Mammalia","Heterocephalus glaber","Naked Mole Rat",2002-09-09,2010-09-09,-1
74072,60,"23-Sep",2011,"Mammalia","Atelerix albiventris","Four-toed Hedgehog",2006-09-23,2011-09-23,1
38757,156,"7-Jan",2013,"Aves","Larosterna inca",NA,2000-01-07,2013-01-07,-1
105701,10,"13-Jan",2017,"Mammalia","Litocranius walleri","Southern Gerenuk",2016-03-13,2017-01-13,-1
62863,30,"29-Dec",2008,"Mammalia","Rattus norvegicus","Typical Rat",2006-06-29,2008-12-29,-1
47340,204,"7-May",2010,"Aves","Phoenicopterus ruber","American flamingo",1993-05-07,2010-05-07,-1
63709,12,"21-May",2013,"Mammalia","Hydrochoerus hydrochaeris","Capybara",2012-05-21,2013-05-21,-1
23715,360,"21-Oct",2014,"Aves","Phoenicopterus chilensis","Chilean flamingo",1984-10-21,2014-10-21,0
79831,54,"28-Jul",2011,"Mammalia","Mustela putorius","Ferret",2007-01-28,2011-07-28,1
60675,204,"15-May",2001,"Mammalia","Panthera pardus",NA,1984-05-15,2001-05-15,0
70850,24,"2-Jul",2008,"Mammalia","Rattus norvegicus","Typical Rat",2006-07-02,2008-07-02,0
64163,240,"9-Aug",2000,"Reptilia","Morelia viridis","Green Tree Python",1980-08-09,2000-08-09,-1
61453,192,"2-Jun",2014,"Mammalia","Acinonyx jubatus","Cheetah",1998-06-02,2014-06-02,-1
59711,162,"18-Jan",2008,"Mammalia","Phacochoerus africanus","Warthog",1994-07-18,2008-01-18,0
57877,84,"23-Jan",2014,"Mammalia","Capra hircus","San Clemente Goat",2007-01-23,2014-01-23,-1
97024,108,"30-Jan",2012,"Reptilia","Crotalus lepidus",NA,2003-01-30,2012-01-30,1
25150,216,"2-Mar",2000,"Reptilia","Lampropeltis triangulum",NA,1982-03-02,2000-03-02,-1
53542,180,"31-Mar",2014,"Mammalia","Addax nasomaculatus","Addax",1999-03-31,2014-03-31,-1
62533,216,"15-Aug",2008,"Mammalia","Lontra canadensis","North Americal River Otter",1990-08-15,2008-08-15,1
64669,12,"30-Mar",2005,"Mammalia","Saguinus oedipus","Tamarin Monkey",2004-03-30,2005-03-30,-1
20467,108,"4-May",2007,"Aves","Trichoglossus moluccanus","Rainbow lorikeet",1998-05-04,2007-05-04,-1
87242,84,"3-Mar",2002,"Reptilia","Erpeton tentaculatum","Tentacled snake",1995-03-03,2002-03-03,-1
77398,7,"10-Oct",2014,"Mammalia","Leontopithecus chrysomelas","Golden-headed Tamarin",2014-03-10,2014-10-10,-1
60692,108,"7-Feb",2003,"Mammalia","Notamacropus rufogriseus","Red Wallaby",1994-02-07,2003-02-07,-1
53620,36,"15-May",2006,"Mammalia","Artibeus jamaicensis","Jamaican Fruit bat",2003-05-15,2006-05-15,-1
105642,60,"11-Sep",2015,"Mammalia","Atelerix albiventris","Four-toed Hedgehog",2010-09-11,2015-09-11,1
63836,168,"21-Oct",2014,"Mammalia","Oryctolagus cuniculus","Domestic Rabbit",2000-10-21,2014-10-21,-1
71155,168,"26-Nov",2012,"Mammalia","Dasyprocta punctata","Red-rumped Agouti",1998-11-26,2012-11-26,1
88046,48,"27-Mar",2006,"Reptilia","Crotalus polystictus",NA,2002-03-27,2006-03-27,-1
100097,24,"20-Aug",2015,"Mammalia","Didelphis marsupialis","Oppossum",2013-08-20,2015-08-20,-1
79608,120,"16-Sep",2011,"Mammalia","Phacochoerus africanus","Warthog",2001-09-16,2011-09-16,-1
3795,12,"28-Jun",1997,"Mammalia","Cynomys ludovicianus","Gunnison Prairie Dog",1996-06-28,1997-06-28,-1
98594,12,"3-Aug",2015,"Mammalia","Dasyprocta punctata","Red-rumped Agouti",2014-08-03,2015-08-03,0
96165,60,"27-Jan",2015,"Mammalia","Heterocephalus glaber","Naked Mole Rat",2010-01-27,2015-01-27,-1
68186,96,"13-Mar",2011,"Mammalia","Oryctolagus cuniculus","Domestic Rabbit",2003-03-13,2011-03-13,0
64319,96,"29-Sep",2003,"Mammalia","Chinchilla brevicaudata","Chinchilla",1995-09-29,2003-09-29,-1
34237,12,"21-Jul",2010,"Aves","Gallus gallus","Domestic chicken",2009-07-21,2010-07-21,1
100161,7,"13-Nov",2015,"Mammalia","Eudorcas thomsonii","Thompsons Gazelle",2015-04-13,2015-11-13,-1
76089,60,"14-Mar",2011,"Mammalia","Osphranter robustus","Wallaroo",2006-03-14,2011-03-14,-1
25877,300,"5-Aug",2011,"Aves","Oxyura jamaicensis",NA,1986-08-05,2011-08-05,-1
34881,72,"17-May",2004,"Aves","Eudocimus ruber","Scarlet Ibis",1998-05-17,2004-05-17,-1
67983,72,"21-Jun",2004,"Mammalia","Lemur catta","Ring-tailed Lemur",1998-06-21,2004-06-21,-1
54168,108,"19-Jun",2006,"Mammalia","Osphranter robustus","Wallaroo",1997-06-19,2006-06-19,-1
84133,72,"10-Dec",2004,"Reptilia","Gonocephalus chamaeleontinus","Chameleon Forest Dragon",1998-12-10,2004-12-10,-1
38972,33,"3-Jul",2003,"Mammalia","Pusa hispida",NA,2000-10-03,2003-07-03,-1
54947,240,"15-May",2009,"Mammalia","Capra nubiana","Nubian Ibex",1989-05-15,2009-05-15,-1
54593,264,"19-Jul",2012,"Mammalia","Mandrillus sphinx","Mandrill",1990-07-19,2012-07-19,-1
102219,42,"3-May",2016,"Reptilia","Bitis nasicornis",NA,2012-11-03,2016-05-03,-1
33171,108,"11-Feb",2011,"Aves","Leucopsar rothschildi","Bali mynah",2002-02-11,2011-02-11,1
76410,72,"26-Mar",2012,"Mammalia","Mustela putorius","Ferret",2006-03-26,2012-03-26,1
60533,108,"29-Dec",2003,"Mammalia","Pteropus rodricensis","Rodrigues Fruit Bat",1994-12-29,2003-12-29,-1
75507,264,"1-May",2009,"Mammalia","Gorilla gorilla","Gorilla",1987-05-01,2009-05-01,-1
56911,600,"23-Oct",2009,"Mammalia","Pan troglodytes","Chimpanzee",1959-10-23,2009-10-23,0
29191,84,"13-Jul",2012,"Aves","Neophema splendida",NA,2005-07-13,2012-07-13,-1
98103,24,"2-Jul",2015,"Mammalia","Lemur catta","Ring-tailed Lemur",2013-07-02,2015-07-02,-1
63226,216,"23-Dec",2008,"Mammalia","Nanger dama","Addras Gazelle",1990-12-23,2008-12-23,-1
22363,156,"10-May",2012,"Aves","Trichoglossus moluccanus","Rainbow lorikeet",1999-05-10,2012-05-10,-1
94108,9,"31-Dec",2003,"Reptilia","Sceloporus cyanogenys","Blue spiny lizard",2003-03-31,2003-12-31,-1
85239,204,"2-Sep",2008,"Reptilia","Boa constrictor","Boa Constrictor",1991-09-02,2008-09-02,-1
64515,72,"10-Mar",2011,"Mammalia","Mustela nigripes","Black Footed Ferret",2005-03-10,2011-03-10,-1
101786,228,"5-Jun",2015,"Mammalia","Panthera tigris","White Bengal Tiger",1996-06-05,2015-06-05,1
79337,18,"27-Jul",2010,"Mammalia","Eudorcas thomsonii","Thompsons Gazelle",2009-01-27,2010-07-27,-1
13268,12,"7-Feb",2013,"Amphibia","Phyllomedusa bicolor","Giant Waxy Tree Frog",2012-02-07,2013-02-07,-1
99993,108,"22-Oct",2015,"Mammalia","Nanger dama","Addras Gazelle",2006-10-22,2015-10-22,-1
75597,216,"10-Oct",2006,"Mammalia","Varecia variegata","Red/black Ruffed Lemur",1988-10-10,2006-10-10,-1
80127,12,"12-Jul",2013,"Mammalia","Atelerix albiventris","Four-toed Hedgehog",2012-07-12,2013-07-12,1
79914,72,"15-Jul",2011,"Mammalia","Oryctolagus cuniculus","Domestic Rabbit",2005-07-15,2011-07-15,1
98078,24,"3-Jun",2015,"Aves","Melopsittacus undulatus","Budgerigar",2013-06-03,2015-06-03,-1
25742,168,"12-May",2005,"Aves","Eudocimus ruber","Scarlet Ibis",1991-05-12,2005-05-12,-1
21485,120,"14-Dec",2007,"Aves","Gallus gallus","Domestic chicken",1997-12-14,2007-12-14,1
54914,156,"6-Apr",2011,"Mammalia","Chinchilla brevicaudata","Chinchilla",1998-04-06,2011-04-06,-1
68505,204,"9-Dec",2002,"Mammalia","Chinchilla brevicaudata","Chinchilla",1985-12-09,2002-12-09,1
66483,42,"24-Jun",2008,"Mammalia","Atelerix albiventris","Four-toed Hedgehog",2004-12-24,2008-06-24,-1
73630,240,"23-Mar",2009,"Mammalia","Ovis aries","Sheep",1989-03-23,2009-03-23,1
85103,204,"28-Oct",2013,"Reptilia","Eublepharis macularius","Leopard Gecko",1996-10-28,2013-10-28,-1
38504,156,"30-Apr",2000,"Aves","Gallus gallus","Domestic chicken",1987-04-30,2000-04-30,-1
104422,60,"16-Sep",2016,"Mammalia","Mustela putorius","Ferret",2011-09-16,2016-09-16,-1
54286,12,"29-May",2014,"Mammalia","Saguinus oedipus","Tamarin Monkey",2013-05-29,2014-05-29,-1
41534,96,"23-May",2006,"Aves","Dendrocygna autumnalis","Black-bellied Whistling duck",1998-05-23,2006-05-23,-1
55407,48,"8-Sep",2010,"Mammalia","Panthera tigris","White Bengal Tiger",2006-09-08,2010-09-08,-1
34284,96,"29-Aug",2012,"Aves","Melopsittacus undulatus","Budgerigar",2004-08-29,2012-08-29,-1
63972,144,"26-Mar",2012,"Mammalia","Nanger dama","Addras Gazelle",2000-03-26,2012-03-26,-1
57944,24,"20-Sep",2004,"Mammalia","Cynomys ludovicianus","Gunnison Prairie Dog",2002-09-20,2004-09-20,-1
21424,300,"7-Jun",1999,"Aves","Meleagris gallopavo","Domestic Lavender Turkey",1974-06-07,1999-06-07,1
53349,144,"12-Mar",2002,"Mammalia","Dasyprocta punctata","Red-rumped Agouti",1990-03-12,2002-03-12,-1
103616,336,"21-Sep",2015,"Aves","Phoenicopterus chilensis","Chilean flamingo",1987-09-21,2015-09-21,1
96676,168,"18-Feb",2015,"Aves","Dendrocygna autumnalis","Black-bellied Whistling duck",2001-02-18,2015-02-18,-1
97710,30,"16-Jun",2015,"Mammalia","Rattus norvegicus","Typical Rat",2012-12-16,2015-06-16,-1
103308,120,"1-Feb",2016,"Mammalia","Suricata suricatta","Slender Tail Meerkat",2006-02-01,2016-02-01,1
83312,228,"20-Oct",2003,"Reptilia","Lampropeltis triangulum",NA,1984-10-20,2003-10-20,-1
101257,36,"8-Mar",2016,"Aves","Melopsittacus undulatus","Budgerigar",2013-03-08,2016-03-08,-1
55643,72,"14-Mar",2005,"Mammalia","Artibeus jamaicensis","Jamaican Fruit bat",1999-03-14,2005-03-14,-1
56073,72,"27-Aug",2007,"Mammalia","Osphranter rufus","Red Kangaroo",2001-08-27,2007-08-27,-1
55288,216,"22-Nov",2005,"Mammalia","Leontopithecus chrysomelas","Golden-headed Tamarin",1987-11-22,2005-11-22,0
27604,60,"6-Nov",2006,"Aves","Trichoglossus haematodus","Coconut lorikeet",2001-11-06,2006-11-06,-1
67888,144,"14-Nov",2013,"Mammalia","Lycaon pictus","Cape Hunting Dog",2001-11-14,2013-11-14,1
62994,144,"8-Oct",2008,"Mammalia","Osphranter rufus","Red Kangaroo",1996-10-08,2008-10-08,0
99249,120,"4-Sep",2015,"Mammalia","Suricata suricatta","Slender Tail Meerkat",2005-09-04,2015-09-04,-1
74163,48,"7-Jul",2014,"Mammalia","Sylvilagus transitionalis",NA,2010-07-07,2014-07-07,0
89612,192,"2-Feb",2004,"Mammalia","Canis lupus","Gray Wolf",1988-02-02,2004-02-02,1
19638,108,"14-Feb",2006,"Aves","Gallus gallus","Domestic chicken",1997-02-14,2006-02-14,-1
18430,36,"15-Aug",2008,"Mammalia","Pusa hispida",NA,2005-08-15,2008-08-15,-1
95985,60,"9-Jan",2015,"Reptilia","Erpeton tentaculatum","Tentacled snake",2010-01-09,2015-01-09,-1
64160,30,"2-Apr",2013,"Mammalia","Atelerix albiventris","Four-toed Hedgehog",2010-10-02,2013-04-02,1
70342,192,"23-Dec",2010,"Mammalia","Capra hircus","San Clemente Goat",1994-12-23,2010-12-23,0
8699,84,"4-Nov",1999,"Mammalia","Cebuella pygmaea","Pygmy Marmoset",1992-11-04,1999-11-04,-1
88971,288,"24-Feb",2006,"Reptilia","Heloderma suspectum","Gila Monster",1982-02-24,2006-02-24,1
54680,204,"13-Nov",2013,"Mammalia","Chinchilla brevicaudata","Chinchilla",1996-11-13,2013-11-13,-1
78135,96,"11-Aug",2004,"Mammalia","Capra hircus","San Clemente Goat",1996-08-11,2004-08-11,-1
105102,36,"2-Nov",2016,"Aves","Gallus gallus","Domestic chicken",2013-11-02,2016-11-02,-1
3488,12,"9-Jun",1997,"Mammalia","Heterocephalus glaber","Naked Mole Rat",1996-06-09,1997-06-09,-1
87662,144,"26-Jan",2006,"Reptilia","Erpeton tentaculatum","Tentacled snake",1994-01-26,2006-01-26,-1
17094,120,"8-Apr",2002,"Aves","Meleagris gallopavo","Domestic Lavender Turkey",1992-04-08,2002-04-08,-1
58442,180,"14-Nov",2006,"Mammalia","Colobus guereza","Colobus Monkey",1991-11-14,2006-11-14,-1
56606,24,"20-Sep",2004,"Mammalia","Cynomys ludovicianus","Gunnison Prairie Dog",2002-09-20,2004-09-20,0
26820,60,"20-Mar",2000,"Mammalia","Rousettus lanosus",NA,1995-03-20,2000-03-20,-1
55082,84,"3-Apr",2000,"Mammalia","Mustela putorius","Ferret",1993-04-03,2000-04-03,1
36305,36,"6-Feb",2013,"Aves","Meleagris gallopavo","Domestic Lavender Turkey",2010-02-06,2013-02-06,-1
65555,102,"5-Jan",2005,"Mammalia","Capra hircus","San Clemente Goat",1996-07-05,2005-01-05,-1
60019,60,"9-Sep",2013,"Mammalia","Chinchilla brevicaudata","Chinchilla",2008-09-09,2013-09-09,-1
21261,168,"29-May",2003,"Aves","Eudocimus ruber","Scarlet Ibis",1989-05-29,2003-05-29,-1
65698,96,"17-Mar",2010,"Mammalia","Lontra canadensis","North Americal River Otter",2002-03-17,2010-03-17,-1
55669,144,"1-Sep",2002,"Mammalia","Rousettus lanosus",NA,1990-09-01,2002-09-01,-1
48498,84,"18-Apr",2013,"Aves","Meleagris gallopavo","Domestic Lavender Turkey",2006-04-18,2013-04-18,1
57480,48,"17-May",2002,"Mammalia","Lycaon pictus","Cape Hunting Dog",1998-05-17,2002-05-17,-1
67786,204,"1-Oct",2009,"Mammalia","Ailurus fulgens","Red Panda",1992-10-01,2009-10-01,0
78190,3,"25-Apr",2012,"Mammalia","Mustela putorius","Ferret",2012-01-25,2012-04-25,-1
95403,12,"10-Aug",2015,"Mammalia","Sylvilagus transitionalis",NA,2014-08-10,2015-08-10,-1
64356,30,"26-Dec",2006,"Mammalia","Mustela putorius","Ferret",2004-06-26,2006-12-26,-1
81177,48,"4-Mar",2004,"Mammalia","Mustela putorius","Ferret",2000-03-04,2004-03-04,1
5881,72,"13-Jul",1998,"Mammalia","Didelphis marsupialis","Oppossum",1992-07-13,1998-07-13,0
70811,144,"2-Aug",2007,"Mammalia","Saguinus oedipus","Tamarin Monkey",1995-08-02,2007-08-02,1
43404,36,"20-Jun",2005,"Aves","Eos bornea","Red lory",2002-06-20,2005-06-20,-1
74357,60,"3-May",2005,"Mammalia","Mustela putorius","Ferret",2000-05-03,2005-05-03,1
101841,108,"30-Mar",2016,"Reptilia","Pantherophis guttatus","Corn snake",2007-03-30,2016-03-30,-1
22814,480,"14-Jun",2013,"Aves","Phoenicopterus chilensis","Chilean flamingo",1973-06-14,2013-06-14,-1
20642,24,"11-Jan",2010,"Aves","Gallus gallus","Domestic chicken",2008-01-11,2010-01-11,-1
57419,24,"26-Mar",2001,"Mammalia","Phacochoerus africanus","Warthog",1999-03-26,2001-03-26,-1
64909,264,"13-Jul",2011,"Mammalia","Varecia variegata","Red/black Ruffed Lemur",1989-07-13,2011-07-13,1
103058,24,"1-Jul",2016,"Mammalia","Chinchilla brevicaudata","Chinchilla",2014-07-01,2016-07-01,-1
63295,84,"28-Feb",2013,"Mammalia","Dasyprocta punctata","Red-rumped Agouti",2006-02-28,2013-02-28,-1
63976,78,"18-Nov",2014,"Mammalia","Mustela nigripes","Black Footed Ferret",2008-05-18,2014-11-18,-1
64530,156,"17-Jan",2006,"Mammalia","Colobus guereza","Colobus Monkey",1993-01-17,2006-01-17,-1
65092,204,"23-Aug",2012,"Mammalia","Leontopithecus chrysomelas","Golden-headed Tamarin",1995-08-23,2012-08-23,-1
104078,396,"29-Aug",2016,"Aves","Phoenicopterus ruber","American flamingo",1983-08-29,2016-08-29,-1
37319,84,"13-Nov",2012,"Aves","Melopsittacus undulatus","Budgerigar",2005-11-13,2012-11-13,-1
80072,36,"24-Oct",2000,"Mammalia","Oryctolagus cuniculus","Domestic Rabbit",1997-10-24,2000-10-24,-1
106099,60,"7-Jul",2016,"Reptilia","Lampropeltis triangulum",NA,2011-07-07,2016-07-07,1
57244,216,"17-May",2010,"Mammalia","Panthera pardus",NA,1992-05-17,2010-05-17,0
68096,72,"13-Jul",2010,"Mammalia","Cynomys ludovicianus","Gunnison Prairie Dog",2004-07-13,2010-07-13,1
32385,360,"17-Aug",2006,"Aves","Phoenicopterus ruber","American flamingo",1976-08-17,2006-08-17,-1
29861,72,"1-Mar",2011,"Aves","Melopsittacus undulatus","Budgerigar",2005-03-01,2011-03-01,-1
42452,72,"3-Sep",2003,"Aves","Trichoglossus haematodus","Coconut lorikeet",1997-09-03,2003-09-03,-1
79216,24,"10-Nov",2008,"Mammalia","Oryctolagus cuniculus","Domestic Rabbit",2006-11-10,2008-11-10,0
106309,120,"15-Feb",2016,"Aves","Gallus gallus","Domestic chicken",2006-02-15,2016-02-15,1
53900,48,"7-Mar",2005,"Mammalia","Notamacropus rufogriseus","Red Wallaby",2001-03-07,2005-03-07,-1
70938,12,"21-Sep",2011,"Mammalia","Atelerix albiventris","Four-toed Hedgehog",2010-09-21,2011-09-21,0
72553,12,"8-Mar",2011,"Mammalia","Rattus norvegicus","Typical Rat",2010-03-08,2011-03-08,-1
70929,24,"12-Mar",2007,"Mammalia","Rattus norvegicus","Typical Rat",2005-03-12,2007-03-12,1
74905,192,"30-Jun",2014,"Mammalia","Colobus guereza","Colobus Monkey",1998-06-30,2014-06-30,-1
3269,168,"2-Jul",1997,"Mammalia","Osphranter rufus","Red Kangaroo",1983-07-02,1997-07-02,-1
56599,216,"23-Jan",2008,"Mammalia","Addax nasomaculatus","Addax",1990-01-23,2008-01-23,-1
70658,120,"24-Mar",2011,"Mammalia","Lycaon pictus","Cape Hunting Dog",2001-03-24,2011-03-24,0
89367,48,"28-Aug",2014,"Reptilia","Erpeton tentaculatum","Tentacled snake",2010-08-28,2014-08-28,-1
99740,24,"28-Oct",2015,"Aves","Gallus gallus","Domestic chicken",2013-10-28,2015-10-28,-1
18142,120,"25-Mar",2003,"Aves","Gallus gallus","Domestic chicken",1993-03-25,2003-03-25,-1
104450,42,"19-Oct",2016,"Aves","Melopsittacus undulatus","Budgerigar",2013-04-19,2016-10-19,-1
100759,72,"23-Dec",2015,"Mammalia","Saguinus oedipus","Tamarin Monkey",2009-12-23,2015-12-23,-1
40666,12,"18-Sep",2007,"Aves","Gallus gallus","Domestic chicken",2006-09-18,2007-09-18,-1
35391,54,"13-Dec",2004,"Aves","Eos bornea","Red lory",2000-06-13,2004-12-13,-1
23771,120,"17-Feb",2000,"Aves","Eudocimus ruber","Scarlet Ibis",1990-02-17,2000-02-17,1
64300,180,"17-Mar",2010,"Mammalia","Nanger dama","Addras Gazelle",1995-03-17,2010-03-17,0
33872,24,"13-Apr",2011,"Aves","Gallus gallus","Domestic chicken",2009-04-13,2011-04-13,1
80263,240,"8-Jan",2007,"Mammalia","Mandrillus sphinx","Mandrill",1987-01-08,2007-01-08,-1
39941,24,"6-Nov",2013,"Mammalia","Sylvilagus transitionalis",NA,2011-11-06,2013-11-06,-1
61594,168,"5-Aug",2011,"Mammalia","Pteropus rodricensis","Rodrigues Fruit Bat",1997-08-05,2011-08-05,-1
62850,216,"4-Jan",2011,"Mammalia","Addax nasomaculatus","Addax",1993-01-04,2011-01-04,-1
104865,12,"3-Oct",2016,"Aves","Larosterna inca",NA,2015-10-03,2016-10-03,-1
54283,18,"19-Feb",2010,"Mammalia","Litocranius walleri","Southern Gerenuk",2008-08-19,2010-02-19,-1
100300,192,"20-Nov",2000,"Mammalia","Varecia variegata","Red/black Ruffed Lemur",1984-11-20,2000-11-20,0
44154,120,"21-Feb",2008,"Aves","Gallus gallus","Domestic chicken",1998-02-21,2008-02-21,-1
87811,144,"4-Aug",2010,"Reptilia","Bitis nasicornis",NA,1998-08-04,2010-08-04,-1
73193,360,"2-Aug",2013,"Mammalia","Lemur catta","Ring-tailed Lemur",1983-08-02,2013-08-02,1
106160,210,"18-Aug",2016,"Mammalia","Acinonyx jubatus","Cheetah",1999-02-18,2016-08-18,1
162088,24.63,"27-Nov",2007,"Mammalia","Rattus norvegicus","Typical Rat",2005-10-27,2007-11-27,-1
43781,90,"25-Feb",2014,"Aves","Gallus gallus","Domestic chicken",2006-08-25,2014-02-25,-1
106359,312,"1-Feb",2016,"Mammalia","Ursus maritimus","Polar Bear",1990-02-01,2016-02-01,0
99859,180,"30-Oct",2015,"Mammalia","Eidolon helvum",NA,2000-10-30,2015-10-30,-1
95760,8,"2-Jan",2015,"Mammalia","Sylvilagus transitionalis",NA,2014-05-02,2015-01-02,-1
103697,24,"5-Oct",2015,"Mammalia","Rattus norvegicus","Typical Rat",2013-10-05,2015-10-05,0
105372,96,"22-Feb",2016,"Mammalia","Procavia capensis","Rock Hyrax",2008-02-22,2016-02-22,1
97054,18,"16-Mar",2015,"Aves","Gallus gallus","Domestic chicken",2013-09-16,2015-03-16,-1
162017,63.06,"20-Aug",2016,"Reptilia","Furcifer pardalis","Reunion chameleon",2011-05-20,2016-08-20,1
104332,180,"2-Sep",2016,"Reptilia","Pantherophis guttatus","Corn snake",2001-09-02,2016-09-02,1
162094,341.13,"9-Nov",2006,"Mammalia","Giraffa camelopardalis","Baringo Giraffe",1978-06-09,2006-11-09,1
32455,60,"11-Oct",2002,"Aves","Leucopsar rothschildi","Bali mynah",1997-10-11,2002-10-11,-1
103214,132,"6-Jul",2016,"Reptilia","Pantherophis guttatus","Corn snake",2005-07-06,2016-07-06,-1
41793,174,"10-Jan",2013,"Aves","Leucopsar rothschildi","Bali mynah",1998-07-10,2013-01-10,1
106447,420,"3-Oct",2014,"Mammalia","Gorilla gorilla","Gorilla",1979-10-03,2014-10-03,0
96276,156,"2-Feb",2015,"Reptilia","Heloderma suspectum","Gila Monster",2002-02-02,2015-02-02,-1
80254,156,"13-Apr",2006,"Mammalia","Saguinus oedipus","Tamarin Monkey",1993-04-13,2006-04-13,-1
80355,60,"3-Jan",2011,"Mammalia","Atelerix albiventris","Four-toed Hedgehog",2006-01-03,2011-01-03,1
31639,120,"15-Mar",2004,"Aves","Megascops asio",NA,1994-03-15,2004-03-15,-1
96812,48,"9-Mar",2015,"Mammalia","Cynomys ludovicianus","Gunnison Prairie Dog",2011-03-09,2015-03-09,1
101336,138,"25-Feb",2016,"Mammalia","Suricata suricatta","Slender Tail Meerkat",2004-08-25,2016-02-25,-1
105535,96,"22-Apr",2016,"Mammalia","Mustela nigripes","Black Footed Ferret",2008-04-22,2016-04-22,1
162080,237.16,"17-Jan",2012,"Mammalia","Leontopithecus chrysomelas","Golden-headed Tamarin",1992-04-17,2012-01-17,1
56277,2,"7-Sep",2007,"Mammalia","Mustela nigripes","Black Footed Ferret",2007-07-07,2007-09-07,-1
67943,264,"8-Nov",2010,"Mammalia","Addax nasomaculatus","Addax",1988-11-08,2010-11-08,0
36751,96,"2-Jun",2006,"Aves","Dendrocygna autumnalis","Black-bellied Whistling duck",1998-06-02,2006-06-02,-1
102837,132,"30-Jun",2016,"Aves","Dendrocygna autumnalis","Black-bellied Whistling duck",2005-06-30,2016-06-30,-1
632,48,"11-Nov",1997,"Mammalia","Saguinus oedipus","Tamarin Monkey",1993-11-11,1997-11-11,-1
74434,36,"3-Jan",2014,"Mammalia","Rattus norvegicus","Typical Rat",2011-01-03,2014-01-03,-1
26312,84,"4-Feb",2004,"Aves","Meleagris gallopavo","Domestic Lavender Turkey",1997-02-04,2004-02-04,-1
59847,264,"19-Oct",2012,"Mammalia","Mandrillus sphinx","Mandrill",1990-10-19,2012-10-19,-1
79873,72,"16-Mar",2012,"Mammalia","Mustela nigripes","Black Footed Ferret",2006-03-16,2012-03-16,-1
34384,36,"15-Feb",2013,"Aves","Melopsittacus undulatus","Budgerigar",2010-02-15,2013-02-15,1
58640,120,"12-Apr",2005,"Mammalia","Chinchilla brevicaudata","Chinchilla",1995-04-12,2005-04-12,-1
55971,96,"21-Sep",2006,"Mammalia","Ursus maritimus","Polar Bear",1998-09-21,2006-09-21,-1
95540,282,"12-May",2014,"Reptilia","Heloderma suspectum","Gila Monster",1990-11-12,2014-05-12,1
83192,96,"5-Jul",2012,"Reptilia","Sceloporus cyanogenys","Blue spiny lizard",2004-07-05,2012-07-05,-1
60858,24,"30-Jul",2003,"Mammalia","Litocranius walleri","Southern Gerenuk",2001-07-30,2003-07-30,-1
34383,192,"23-Aug",2004,"Aves","Dendrocygna autumnalis","Black-bellied Whistling duck",1988-08-23,2004-08-23,0
79471,168,"11-Aug",2004,"Mammalia","Capra nubiana","Nubian Ibex",1990-08-11,2004-08-11,-1
67500,156,"25-Aug",2000,"Mammalia","Osphranter rufus","Red Kangaroo",1987-08-25,2000-08-25,-1
98733,5,"3-Aug",2015,"Mammalia","Eudorcas thomsonii","Thompsons Gazelle",2015-03-03,2015-08-03,-1
21110,12,"18-Sep",2001,"Aves","Eos bornea","Red lory",2000-09-18,2001-09-18,-1
68388,24,"14-Jul",2008,"Mammalia","Atelerix albiventris","Four-toed Hedgehog",2006-07-14,2008-07-14,1
60017,12,"14-Feb",2011,"Mammalia","Didelphis marsupialis","Oppossum",2010-02-14,2011-02-14,0
60174,168,"10-Sep",2001,"Mammalia","Giraffa camelopardalis","Baringo Giraffe",1987-09-10,2001-09-10,-1
99187,7,"30-Sep",2015,"Mammalia","Tragelaphus strepsiceros","Kudu",2015-02-28,2015-09-30,-1
28881,144,"27-Jun",2008,"Aves","Leucopsar rothschildi","Bali mynah",1996-06-27,2008-06-27,1
58273,60,"5-Sep",2008,"Mammalia","Mustela putorius","Ferret",2003-09-05,2008-09-05,0
67766,48,"24-Dec",2014,"Mammalia","Didelphis marsupialis","Oppossum",2010-12-24,2014-12-24,0
60423,24,"19-Nov",2001,"Mammalia","Rattus norvegicus","Typical Rat",1999-11-19,2001-11-19,-1
19223,180,"4-Oct",2010,"Aves","Dendrocygna autumnalis","Black-bellied Whistling duck",1995-10-04,2010-10-04,-1
10511,60,"7-Apr",2002,"Amphibia","Pipa pipa","Surinam toad",1997-04-07,2002-04-07,-1
56174,156,"12-Jul",2013,"Mammalia","Rousettus aegyptiacus","Egyptian fruit bat",2000-07-12,2013-07-12,-1
39429,72,"23-May",2006,"Aves","Dendrocygna autumnalis","Black-bellied Whistling duck",2000-05-23,2006-05-23,-1
5892,36,"29-Oct",1998,"Mammalia","Litocranius walleri","Southern Gerenuk",1995-10-29,1998-10-29,-1
3048,120,"20-Jan",1997,"Mammalia","Lontra canadensis","North Americal River Otter",1987-01-20,1997-01-20,-1
43857,24,"20-Sep",2004,"Aves","Trichoglossus moluccanus","Rainbow lorikeet",2002-09-20,2004-09-20,-1
21878,384,"7-Jun",1999,"Mammalia","Leontopithecus chrysomelas","Golden-headed Tamarin",1967-06-07,1999-06-07,1
23834,168,"30-Jul",2014,"Aves","Meleagris gallopavo","Domestic Lavender Turkey",2000-07-30,2014-07-30,-1
90419,168,"1-Apr",2009,"Reptilia","Boa constrictor","Boa Constrictor",1995-04-01,2009-04-01,-1
58286,108,"23-Nov",2012,"Mammalia","Rousettus aegyptiacus","Egyptian fruit bat",2003-11-23,2012-11-23,-1
105688,120,"13-Jan",2017,"Mammalia","Nanger dama","Addras Gazelle",2007-01-13,2017-01-13,-1
19354,120,"20-Jun",2005,"Aves","Eudocimus ruber","Scarlet Ibis",1995-06-20,2005-06-20,0
86783,144,"5-Jul",2011,"Reptilia","Gopherus agassizii",NA,1999-07-05,2011-07-05,-1
28944,456,"14-Jul",2002,"Aves","Phoenicopterus ruber","American flamingo",1964-07-14,2002-07-14,-1
100752,240,"23-Dec",2015,"Mammalia","Saimiri sciureus","Common Squirrel Monkey",1995-12-23,2015-12-23,-1
58759,204,"25-Oct",2013,"Mammalia","Lama glama","Llama",1996-10-25,2013-10-25,-1
79764,288,"24-Jan",2011,"Mammalia","Mandrillus sphinx","Mandrill",1987-01-24,2011-01-24,-1
57445,180,"17-Oct",2008,"Mammalia","Canis lupus","Gray Wolf",1993-10-17,2008-10-17,1
54247,24,"20-Sep",2004,"Mammalia","Cynomys ludovicianus","Gunnison Prairie Dog",2002-09-20,2004-09-20,-1
6987,144,"22-Mar",1999,"Aves","Dendrocygna autumnalis","Black-bellied Whistling duck",1987-03-22,1999-03-22,-1
103459,492,"8-Jul",2016,"Mammalia","Gorilla gorilla","Gorilla",1975-07-08,2016-07-08,-1
80514,276,"23-Aug",2013,"Mammalia","Mandrillus sphinx","Mandrill",1990-08-23,2013-08-23,0
68209,132,"21-Jul",2006,"Mammalia","Acinonyx jubatus","Cheetah",1995-07-21,2006-07-21,0
57406,8,"25-Jul",2003,"Mammalia","Giraffa camelopardalis","Baringo Giraffe",2002-11-25,2003-07-25,-1
74936,24,"28-Aug",2006,"Mammalia","Cynomys ludovicianus","Gunnison Prairie Dog",2004-08-28,2006-08-28,-1
64503,12,"24-Jun",2010,"Mammalia","Cebuella pygmaea","Pygmy Marmoset",2009-06-24,2010-06-24,-1
89259,114,"27-Jan",2012,"Reptilia","Lampropeltis getula",NA,2002-07-27,2012-01-27,1
64599,126,"22-Dec",2004,"Mammalia","Acinonyx jubatus","Cheetah",1994-06-22,2004-12-22,0
75591,180,"22-Jul",2004,"Mammalia","Saguinus oedipus","Tamarin Monkey",1989-07-22,2004-07-22,-1
23456,12,"9-Jul",2007,"Mammalia","Pusa hispida",NA,2006-07-09,2007-07-09,-1
17754,60,"17-Feb",2009,"Aves","Melopsittacus undulatus","Budgerigar",2004-02-17,2009-02-17,-1
6360,156,"23-Jan",1999,"Aves","Eudocimus ruber","Scarlet Ibis",1986-01-23,1999-01-23,-1
65129,132,"10-Aug",2005,"Mammalia","Lontra canadensis","North Americal River Otter",1994-08-10,2005-08-10,-1
53720,96,"28-May",2001,"Mammalia","Tragelaphus strepsiceros","Kudu",1993-05-28,2001-05-28,-1
99091,384,"1-Sep",2015,"Mammalia","Colobus guereza","Colobus Monkey",1983-09-01,2015-09-01,-1
79105,120,"3-Aug",2011,"Mammalia","Lycaon pictus","Cape Hunting Dog",2001-08-03,2011-08-03,-1
64789,60,"23-Sep",2008,"Mammalia","Oryctolagus cuniculus","Domestic Rabbit",2003-09-23,2008-09-23,-1
39695,228,"1-Mar",2010,"Aves","Spheniscus humboldti","Humboldt Penguin",1991-03-01,2010-03-01,-1
84523,84,"12-Dec",2011,"Reptilia","Sceloporus cyanogenys","Blue spiny lizard",2004-12-12,2011-12-12,1
75469,120,"3-Oct",2003,"Mammalia","Tragelaphus strepsiceros","Kudu",1993-10-03,2003-10-03,-1
43939,168,"30-Mar",2011,"Aves","Spheniscus humboldti","Humboldt Penguin",1997-03-30,2011-03-30,-1
63114,300,"15-May",2002,"Mammalia","Zalophus californianus","California Sealion",1977-05-15,2002-05-15,1
105860,120,"4-Apr",2016,"Mammalia","Lycaon pictus","Cape Hunting Dog",2006-04-04,2016-04-04,1
42446,36,"2-Sep",2003,"Aves","Trichoglossus haematodus","Coconut lorikeet",2000-09-02,2003-09-02,-1
76127,36,"7-Dec",2010,"Mammalia","Rattus norvegicus","Typical Rat",2007-12-07,2010-12-07,1
56297,324,"18-Aug",2008,"Mammalia","Saimiri sciureus","Common Squirrel Monkey",1981-08-18,2008-08-18,-1
64540,84,"23-Sep",2003,"Mammalia","Cebuella pygmaea","Pygmy Marmoset",1996-09-23,2003-09-23,-1
84318,66,"6-Feb",2006,"Reptilia","Pantherophis guttatus","Corn snake",2000-08-06,2006-02-06,-1
57602,72,"14-Jan",2011,"Mammalia","Eidolon helvum",NA,2005-01-14,2011-01-14,-1
106384,132,"1-Nov",2016,"Mammalia","Lycaon pictus","Cape Hunting Dog",2005-11-01,2016-11-01,1
21011,4,"22-Jun",2004,"Mammalia","Pusa hispida",NA,2004-02-22,2004-06-22,-1
54616,84,"23-May",2005,"Mammalia","Zalophus californianus","California Sealion",1998-05-23,2005-05-23,-1
